run_id,spec_name,task,dataset_kind,model,model_label,sweep_key,sweep_value,sweep_index,trial_index,seed,n_features,n_trees,n_streams,expected_nnz,num_projections,tree_index,treeid,depth,n_nodes,n_split_nodes,n_leaf_nodes,leaf_counter,training_observation_count,weighted_training_path_depth,min_training_leaf_depth,max_training_leaf_depth,train_time_ms,num_outputs,n_projection_slots,n_populated_projection_vectors,projection_indptr_size,projection_indices_size,projection_coeffs_size,projection_payload_nnz,projection_payload_bytes,leaf_vector_size,leaf_vector_bytes
jovo-feature-scale-example,jovo-feature-scale-example,classification,jovo_t7,cuml,cuML SPORF,n_features,100,0,1,1672937952,100,100,10,2,10,0,0,8,59,29,30,30,184,4.97283,2,8,130.3,2,59,59,118,125,125,125,1472,118,472
jovo-feature-scale-example,jovo-feature-scale-example,classification,jovo_t7,cuml,cuML SPORF,n_features,100,0,1,1672937952,100,100,10,2,10,1,1,10,63,31,32,32,184,5.27717,3,10,147.102,2,63,63,126,156,156,156,1752,126,504
jovo-feature-scale-example,jovo-feature-scale-example,classification,jovo_t7,cuml,cuML SPORF,n_features,100,0,1,1672937952,100,100,10,2,10,2,2,7,59,29,30,30,184,4.625,3,7,48.78,2,59,59,118,129,129,129,1504,118,472
jovo-feature-scale-example,jovo-feature-scale-example,classification,jovo_t7,cuml,cuML SPORF,n_features,100,0,1,1672937952,100,100,10,2,10,3,3,7,53,26,27,27,184,4.99457,2,7,55.694,2,53,53,106,107,107,107,1280,106,424
jovo-feature-scale-example,jovo-feature-scale-example,classification,jovo_t7,cuml,cuML SPORF,n_features,100,0,1,1672937952,100,100,10,2,10,4,4,7,57,28,29,29,184,4.99457,3,7,73.185,2,57,57,114,114,114,114,1368,114,456
jovo-feature-scale-example,jovo-feature-scale-example,classification,jovo_t7,cuml,cuML SPORF,n_features,100,0,1,1672937952,100,100,10,2,10,5,5,7,53,26,27,27,184,4.70109,3,7,64.921,2,53,53,106,110,110,110,1304,106,424
jovo-feature-scale-example,jovo-feature-scale-example,classification,jovo_t7,cuml,cuML SPORF,n_features,100,0,1,1672937952,100,100,10,2,10,6,6,8,63,31,32,32,184,5.02174,3,8,61.162,2,63,63,126,137,137,137,1600,126,504
jovo-feature-scale-example,jovo-feature-scale-example,classification,jovo_t7,cuml,cuML SPORF,n_features,100,0,1,1672937952,100,100,10,2,10,7,7,7,53,26,27,27,184,4.625,3,7,68.13,2,53,53,106,130,130,130,1464,106,424
jovo-feature-scale-example,jovo-feature-scale-example,classification,jovo_t7,cuml,cuML SPORF,n_features,100,0,1,1672937952,100,100,10,2,10,8,8,7,49,24,25,25,184,5.125,3,7,70.117,2,49,49,98,95,95,95,1152,98,392
jovo-feature-scale-example,jovo-feature-scale-example,classification,jovo_t7,cuml,cuML SPORF,n_features,100,0,1,1672937952,100,100,10,2,10,9,9,7,51,25,26,26,184,4.75,3,7,84.621,2,51,51,102,115,115,115,1328,102,408
jovo-feature-scale-example,jovo-feature-scale-example,classification,jovo_t7,cuml,cuML SPORF,n_features,100,0,1,1672937952,100,100,10,2,10,10,10,11,63,31,32,32,184,5.67391,2,11,130.497,2,63,63,126,129,129,129,1536,126,504
jovo-feature-scale-example,jovo-feature-scale-example,classification,jovo_t7,cuml,cuML SPORF,n_features,100,0,1,1672937952,100,100,10,2,10,11,11,8,67,33,34,34,184,5.16304,3,8,157.697,2,67,67,134,153,153,153,1760,134,536
jovo-feature-scale-example,jovo-feature-scale-example,classification,jovo_t7,cuml,cuML SPORF,n_features,100,0,1,1672937952,100,100,10,2,10,12,12,7,61,30,31,31,184,4.72826,3,7,45.23,2,61,61,122,130,130,130,1528,122,488
jovo-feature-scale-example,jovo-feature-scale-example,classification,jovo_t7,cuml,cuML SPORF,n_features,100,0,1,1672937952,100,100,10,2,10,13,13,7,55,27,28,28,184,4.29891,3,7,49.523,2,55,55,110,125,125,125,1440,110,440
jovo-feature-scale-example,jovo-feature-scale-example,classification,jovo_t7,cuml,cuML SPORF,n_features,100,0,1,1672937952,100,100,10,2,10,14,14,7,53,26,27,27,184,4.66304,3,7,74.756,2,53,53,106,134,134,134,1496,106,424
jovo-feature-scale-example,jovo-feature-scale-example,classification,jovo_t7,cuml,cuML SPORF,n_features,100,0,1,1672937952,100,100,10,2,10,15,15,9,61,30,31,31,184,5.52174,3,9,63.497,2,61,61,122,145,145,145,1648,122,488
jovo-feature-scale-example,jovo-feature-scale-example,classification,jovo_t7,cuml,cuML SPORF,n_features,100,0,1,1672937952,100,100,10,2,10,16,16,7,51,25,26,26,184,5.26087,3,7,58.689,2,51,51,102,146,146,146,1576,102,408
jovo-feature-scale-example,jovo-feature-scale-example,classification,jovo_t7,cuml,cuML SPORF,n_features,100,0,1,1672937952,100,100,10,2,10,17,17,8,61,30,31,31,184,5.42391,3,8,70.179,2,61,61,122,113,113,113,1392,122,488
jovo-feature-scale-example,jovo-feature-scale-example,classification,jovo_t7,cuml,cuML SPORF,n_features,100,0,1,1672937952,100,100,10,2,10,18,18,8,59,29,30,30,184,4.94565,3,8,73.419,2,59,59,118,141,141,141,1600,118,472
jovo-feature-scale-example,jovo-feature-scale-example,classification,jovo_t7,cuml,cuML SPORF,n_features,100,0,1,1672937952,100,100,10,2,10,19,19,8,65,32,33,33,184,5.2337,4,8,84.026,2,65,65,130,164,164,164,1832,130,520
jovo-feature-scale-example,jovo-feature-scale-example,classification,jovo_t7,cuml,cuML SPORF,n_features,100,0,1,1672937952,100,100,10,2,10,20,20,9,51,25,26,26,184,4.79348,3,9,128.089,2,51,51,102,107,107,107,1264,102,408
jovo-feature-scale-example,jovo-feature-scale-example,classification,jovo_t7,cuml,cuML SPORF,n_features,100,0,1,1672937952,100,100,10,2,10,21,21,8,51,25,26,26,184,4.74457,3,8,85.893,2,51,51,102,121,121,121,1376,102,408
jovo-feature-scale-example,jovo-feature-scale-example,classification,jovo_t7,cuml,cuML SPORF,n_features,100,0,1,1672937952,100,100,10,2,10,22,22,8,69,34,35,35,184,5.875,3,8,109.429,2,69,69,138,152,152,152,1768,138,552
jovo-feature-scale-example,jovo-feature-scale-example,classification,jovo_t7,cuml,cuML SPORF,n_features,100,0,1,1672937952,100,100,10,2,10,23,23,7,69,34,35,35,184,5.3913,3,7,59.482,2,69,69,138,148,148,148,1736,138,552
jovo-feature-scale-example,jovo-feature-scale-example,classification,jovo_t7,cuml,cuML SPORF,n_features,100,0,1,1672937952,100,100,10,2,10,24,24,7,61,30,31,31,184,5.24457,3,7,74.599,2,61,61,122,122,122,122,1464,122,488
jovo-feature-scale-example,jovo-feature-scale-example,classification,jovo_t7,cuml,cuML SPORF,n_features,100,0,1,1672937952,100,100,10,2,10,25,25,8,65,32,33,33,184,5.47826,3,8,63.232,2,65,65,130,147,147,147,1696,130,520
jovo-feature-scale-example,jovo-feature-scale-example,classification,jovo_t7,cuml,cuML SPORF,n_features,100,0,1,1672937952,100,100,10,2,10,26,26,8,53,26,27,27,184,5.13043,3,8,60.709,2,53,53,106,123,123,123,1408,106,424
jovo-feature-scale-example,jovo-feature-scale-example,classification,jovo_t7,cuml,cuML SPORF,n_features,100,0,1,1672937952,100,100,10,2,10,27,27,8,61,30,31,31,184,5.3913,4,8,68.578,2,61,61,122,133,133,133,1552,122,488
jovo-feature-scale-example,jovo-feature-scale-example,classification,jovo_t7,cuml,cuML SPORF,n_features,100,0,1,1672937952,100,100,10,2,10,28,28,8,59,29,30,30,184,4.90761,3,8,74.187,2,59,59,118,123,123,123,1456,118,472
jovo-feature-scale-example,jovo-feature-scale-example,classification,jovo_t7,cuml,cuML SPORF,n_features,100,0,1,1672937952,100,100,10,2,10,29,29,8,57,28,29,29,184,5.20109,2,8,81.821,2,57,57,114,129,129,129,1488,114,456
jovo-feature-scale-example,jovo-feature-scale-example,classification,jovo_t7,cuml,cuML SPORF,n_features,100,0,1,1672937952,100,100,10,2,10,30,30,9,53,26,27,27,184,5.13043,3,9,130.916,2,53,53,106,112,112,112,1320,106,424
jovo-feature-scale-example,jovo-feature-scale-example,classification,jovo_t7,cuml,cuML SPORF,n_features,100,0,1,1672937952,100,100,10,2,10,31,31,8,61,30,31,31,184,5.21196,3,8,150.046,2,61,61,122,133,133,133,1552,122,488
jovo-feature-scale-example,jovo-feature-scale-example,classification,jovo_t7,cuml,cuML SPORF,n_features,100,0,1,1672937952,100,100,10,2,10,32,32,7,53,26,27,27,184,4.99457,3,7,47.953,2,53,53,106,133,133,133,1488,106,424
jovo-feature-scale-example,jovo-feature-scale-example,classification,jovo_t7,cuml,cuML SPORF,n_features,100,0,1,1672937952,100,100,10,2,10,33,33,8,59,29,30,30,184,5.1087,3,8,56.939,2,59,59,118,136,136,136,1560,118,472
jovo-feature-scale-example,jovo-feature-scale-example,classification,jovo_t7,cuml,cuML SPORF,n_features,100,0,1,1672937952,100,100,10,2,10,34,34,6,53,26,27,27,184,4.81522,4,6,72.112,2,53,53,106,120,120,120,1384,106,424
jovo-feature-scale-example,jovo-feature-scale-example,classification,jovo_t7,cuml,cuML SPORF,n_features,100,0,1,1672937952,100,100,10,2,10,35,35,7,55,27,28,28,184,5.46739,3,7,63.493,2,55,55,110,134,134,134,1512,110,440
jovo-feature-scale-example,jovo-feature-scale-example,classification,jovo_t7,cuml,cuML SPORF,n_features,100,0,1,1672937952,100,100,10,2,10,36,36,8,57,28,29,29,184,5.17391,3,8,60.45,2,57,57,114,126,126,126,1464,114,456
jovo-feature-scale-example,jovo-feature-scale-example,classification,jovo_t7,cuml,cuML SPORF,n_features,100,0,1,1672937952,100,100,10,2,10,37,37,8,55,27,28,28,184,4.79891,3,8,71.326,2,55,55,110,148,148,148,1624,110,440
jovo-feature-scale-example,jovo-feature-scale-example,classification,jovo_t7,cuml,cuML SPORF,n_features,100,0,1,1672937952,100,100,10,2,10,38,38,7,53,26,27,27,184,5.10326,3,7,72.004,2,53,53,106,123,123,123,1408,106,424
jovo-feature-scale-example,jovo-feature-scale-example,classification,jovo_t7,cuml,cuML SPORF,n_features,100,0,1,1672937952,100,100,10,2,10,39,39,9,55,27,28,28,184,5.2337,3,9,83.771,2,55,55,110,133,133,133,1504,110,440
jovo-feature-scale-example,jovo-feature-scale-example,classification,jovo_t7,cuml,cuML SPORF,n_features,100,0,1,1672937952,100,100,10,2,10,40,40,8,59,29,30,30,184,5.18478,2,8,130.994,2,59,59,118,129,129,129,1504,118,472
jovo-feature-scale-example,jovo-feature-scale-example,classification,jovo_t7,cuml,cuML SPORF,n_features,100,0,1,1672937952,100,100,10,2,10,41,41,8,59,29,30,30,184,5.05435,3,8,98.824,2,59,59,118,126,126,126,1480,118,472
jovo-feature-scale-example,jovo-feature-scale-example,classification,jovo_t7,cuml,cuML SPORF,n_features,100,0,1,1672937952,100,100,10,2,10,42,42,9,61,30,31,31,184,6.31522,2,9,94.523,2,61,61,122,118,118,118,1432,122,488
jovo-feature-scale-example,jovo-feature-scale-example,classification,jovo_t7,cuml,cuML SPORF,n_features,100,0,1,1672937952,100,100,10,2,10,43,43,8,61,30,31,31,184,5.46196,3,8,59.377,2,61,61,122,127,127,127,1504,122,488
jovo-feature-scale-example,jovo-feature-scale-example,classification,jovo_t7,cuml,cuML SPORF,n_features,100,0,1,1672937952,100,100,10,2,10,44,44,8,57,28,29,29,184,4.85326,3,8,75.267,2,57,57,114,130,130,130,1496,114,456
jovo-feature-scale-example,jovo-feature-scale-example,classification,jovo_t7,cuml,cuML SPORF,n_features,100,0,1,1672937952,100,100,10,2,10,45,45,9,57,28,29,29,184,4.97283,3,9,63.517,2,57,57,114,134,134,134,1528,114,456
jovo-feature-scale-example,jovo-feature-scale-example,classification,jovo_t7,cuml,cuML SPORF,n_features,100,0,1,1672937952,100,100,10,2,10,46,46,8,61,30,31,31,184,5.52717,3,8,61.399,2,61,61,122,109,109,109,1360,122,488
jovo-feature-scale-example,jovo-feature-scale-example,classification,jovo_t7,cuml,cuML SPORF,n_features,100,0,1,1672937952,100,100,10,2,10,47,47,9,65,32,33,33,184,5.05978,3,9,69.291,2,65,65,130,145,145,145,1680,130,520
jovo-feature-scale-example,jovo-feature-scale-example,classification,jovo_t7,cuml,cuML SPORF,n_features,100,0,1,1672937952,100,100,10,2,10,48,48,7,59,29,30,30,184,4.64674,4,7,68.052,2,59,59,118,137,137,137,1568,118,472
jovo-feature-scale-example,jovo-feature-scale-example,classification,jovo_t7,cuml,cuML SPORF,n_features,100,0,1,1672937952,100,100,10,2,10,49,49,7,51,25,26,26,184,5.02717,3,7,75.533,2,51,51,102,125,125,125,1408,102,408
jovo-feature-scale-example,jovo-feature-scale-example,classification,jovo_t7,cuml,cuML SPORF,n_features,100,0,1,1672937952,100,100,10,2,10,50,50,8,57,28,29,29,184,5.22826,2,8,128.732,2,57,57,114,146,146,146,1624,114,456
jovo-feature-scale-example,jovo-feature-scale-example,classification,jovo_t7,cuml,cuML SPORF,n_features,100,0,1,1672937952,100,100,10,2,10,51,51,8,59,29,30,30,184,4.875,3,8,79.259,2,59,59,118,135,135,135,1552,118,472
jovo-feature-scale-example,jovo-feature-scale-example,classification,jovo_t7,cuml,cuML SPORF,n_features,100,0,1,1672937952,100,100,10,2,10,52,52,9,57,28,29,29,184,5.375,3,9,116.993,2,57,57,114,115,115,115,1376,114,456
jovo-feature-scale-example,jovo-feature-scale-example,classification,jovo_t7,cuml,cuML SPORF,n_features,100,0,1,1672937952,100,100,10,2,10,53,53,7,59,29,30,30,184,4.92391,3,7,58.884,2,59,59,118,141,141,141,1600,118,472
jovo-feature-scale-example,jovo-feature-scale-example,classification,jovo_t7,cuml,cuML SPORF,n_features,100,0,1,1672937952,100,100,10,2,10,54,54,7,55,27,28,28,184,4.97826,3,7,72.124,2,55,55,110,117,117,117,1376,110,440
jovo-feature-scale-example,jovo-feature-scale-example,classification,jovo_t7,cuml,cuML SPORF,n_features,100,0,1,1672937952,100,100,10,2,10,55,55,8,61,30,31,31,184,5.46196,3,8,64.751,2,61,61,122,158,158,158,1752,122,488
jovo-feature-scale-example,jovo-feature-scale-example,classification,jovo_t7,cuml,cuML SPORF,n_features,100,0,1,1672937952,100,100,10,2,10,56,56,8,63,31,32,32,184,4.84783,3,8,61.072,2,63,63,126,143,143,143,1648,126,504
jovo-feature-scale-example,jovo-feature-scale-example,classification,jovo_t7,cuml,cuML SPORF,n_features,100,0,1,1672937952,100,100,10,2,10,57,57,9,61,30,31,31,184,5.29891,3,9,70.114,2,61,61,122,146,146,146,1656,122,488
jovo-feature-scale-example,jovo-feature-scale-example,classification,jovo_t7,cuml,cuML SPORF,n_features,100,0,1,1672937952,100,100,10,2,10,58,58,8,63,31,32,32,184,5.57609,3,8,101.001,2,63,63,126,138,138,138,1608,126,504
jovo-feature-scale-example,jovo-feature-scale-example,classification,jovo_t7,cuml,cuML SPORF,n_features,100,0,1,1672937952,100,100,10,2,10,59,59,10,49,24,25,25,184,5.08696,3,10,55.412,2,49,49,98,108,108,108,1256,98,392
jovo-feature-scale-example,jovo-feature-scale-example,classification,jovo_t7,cuml,cuML SPORF,n_features,100,0,1,1672937952,100,100,10,2,10,60,60,7,53,26,27,27,184,5.14674,3,7,130.485,2,53,53,106,117,117,117,1360,106,424
jovo-feature-scale-example,jovo-feature-scale-example,classification,jovo_t7,cuml,cuML SPORF,n_features,100,0,1,1672937952,100,100,10,2,10,61,61,7,61,30,31,31,184,4.92391,3,7,111.968,2,61,61,122,148,148,148,1672,122,488
jovo-feature-scale-example,jovo-feature-scale-example,classification,jovo_t7,cuml,cuML SPORF,n_features,100,0,1,1672937952,100,100,10,2,10,62,62,9,57,28,29,29,184,4.92935,3,9,82.997,2,57,57,114,136,136,136,1544,114,456
jovo-feature-scale-example,jovo-feature-scale-example,classification,jovo_t7,cuml,cuML SPORF,n_features,100,0,1,1672937952,100,100,10,2,10,63,63,9,57,28,29,29,184,5.49457,3,9,59.66,2,57,57,114,127,127,127,1472,114,456
jovo-feature-scale-example,jovo-feature-scale-example,classification,jovo_t7,cuml,cuML SPORF,n_features,100,0,1,1672937952,100,100,10,2,10,64,64,8,67,33,34,34,184,5.55435,3,8,73.248,2,67,67,134,140,140,140,1656,134,536
jovo-feature-scale-example,jovo-feature-scale-example,classification,jovo_t7,cuml,cuML SPORF,n_features,100,0,1,1672937952,100,100,10,2,10,65,65,9,67,33,34,34,184,5.64674,3,9,63.483,2,67,67,134,142,142,142,1672,134,536
jovo-feature-scale-example,jovo-feature-scale-example,classification,jovo_t7,cuml,cuML SPORF,n_features,100,0,1,1672937952,100,100,10,2,10,66,66,9,49,24,25,25,184,5.46739,2,9,60.964,2,49,49,98,124,124,124,1384,98,392
jovo-feature-scale-example,jovo-feature-scale-example,classification,jovo_t7,cuml,cuML SPORF,n_features,100,0,1,1672937952,100,100,10,2,10,67,67,10,57,28,29,29,184,4.92935,3,10,68.568,2,57,57,114,124,124,124,1448,114,456
jovo-feature-scale-example,jovo-feature-scale-example,classification,jovo_t7,cuml,cuML SPORF,n_features,100,0,1,1672937952,100,100,10,2,10,68,68,7,61,30,31,31,184,5.07609,3,7,76.328,2,61,61,122,155,155,155,1728,122,488
jovo-feature-scale-example,jovo-feature-scale-example,classification,jovo_t7,cuml,cuML SPORF,n_features,100,0,1,1672937952,100,100,10,2,10,69,69,9,63,31,32,32,184,5.19565,3,9,80.128,2,63,63,126,148,148,148,1688,126,504
jovo-feature-scale-example,jovo-feature-scale-example,classification,jovo_t7,cuml,cuML SPORF,n_features,100,0,1,1672937952,100,100,10,2,10,70,70,9,61,30,31,31,184,5.55435,3,9,132.387,2,61,61,122,128,128,128,1512,122,488
jovo-feature-scale-example,jovo-feature-scale-example,classification,jovo_t7,cuml,cuML SPORF,n_features,100,0,1,1672937952,100,100,10,2,10,71,71,7,59,29,30,30,184,4.94565,3,7,79.919,2,59,59,118,117,117,117,1408,118,472
jovo-feature-scale-example,jovo-feature-scale-example,classification,jovo_t7,cuml,cuML SPORF,n_features,100,0,1,1672937952,100,100,10,2,10,72,72,9,59,29,30,30,184,5.22826,3,9,112.328,2,59,59,118,134,134,134,1544,118,472
jovo-feature-scale-example,jovo-feature-scale-example,classification,jovo_t7,cuml,cuML SPORF,n_features,100,0,1,1672937952,100,100,10,2,10,73,73,8,51,25,26,26,184,4.67391,2,8,58.717,2,51,51,102,105,105,105,1248,102,408
jovo-feature-scale-example,jovo-feature-scale-example,classification,jovo_t7,cuml,cuML SPORF,n_features,100,0,1,1672937952,100,100,10,2,10,74,74,8,61,30,31,31,184,5.04348,3,8,74.875,2,61,61,122,140,140,140,1608,122,488
jovo-feature-scale-example,jovo-feature-scale-example,classification,jovo_t7,cuml,cuML SPORF,n_features,100,0,1,1672937952,100,100,10,2,10,75,75,8,63,31,32,32,184,5.2337,3,8,63.295,2,63,63,126,154,154,154,1736,126,504
jovo-feature-scale-example,jovo-feature-scale-example,classification,jovo_t7,cuml,cuML SPORF,n_features,100,0,1,1672937952,100,100,10,2,10,76,76,9,63,31,32,32,184,5.26087,3,9,61.588,2,63,63,126,128,128,128,1528,126,504
jovo-feature-scale-example,jovo-feature-scale-example,classification,jovo_t7,cuml,cuML SPORF,n_features,100,0,1,1672937952,100,100,10,2,10,77,77,9,59,29,30,30,184,4.98913,3,9,68.289,2,59,59,118,126,126,126,1480,118,472
jovo-feature-scale-example,jovo-feature-scale-example,classification,jovo_t7,cuml,cuML SPORF,n_features,100,0,1,1672937952,100,100,10,2,10,78,78,8,59,29,30,30,184,5.07065,3,8,82.83,2,59,59,118,141,141,141,1600,118,472
jovo-feature-scale-example,jovo-feature-scale-example,classification,jovo_t7,cuml,cuML SPORF,n_features,100,0,1,1672937952,100,100,10,2,10,79,79,10,59,29,30,30,184,6.19565,3,10,74.238,2,59,59,118,127,127,127,1488,118,472
jovo-feature-scale-example,jovo-feature-scale-example,classification,jovo_t7,cuml,cuML SPORF,n_features,100,0,1,1672937952,100,100,10,2,10,80,80,7,49,24,25,25,184,4.54348,2,7,126.694,2,49,49,98,106,106,106,1240,98,392
jovo-feature-scale-example,jovo-feature-scale-example,classification,jovo_t7,cuml,cuML SPORF,n_features,100,0,1,1672937952,100,100,10,2,10,81,81,7,47,23,24,24,184,4.97283,3,7,74.28,2,47,47,94,104,104,104,1208,94,376
jovo-feature-scale-example,jovo-feature-scale-example,classification,jovo_t7,cuml,cuML SPORF,n_features,100,0,1,1672937952,100,100,10,2,10,82,82,9,53,26,27,27,184,5.09783,2,9,114.166,2,53,53,106,129,129,129,1456,106,424
jovo-feature-scale-example,jovo-feature-scale-example,classification,jovo_t7,cuml,cuML SPORF,n_features,100,0,1,1672937952,100,100,10,2,10,83,83,8,71,35,36,36,184,5.53804,3,8,69.418,2,71,71,142,162,162,162,1864,142,568
jovo-feature-scale-example,jovo-feature-scale-example,classification,jovo_t7,cuml,cuML SPORF,n_features,100,0,1,1672937952,100,100,10,2,10,84,84,8,49,24,25,25,184,4.76087,3,8,74.041,2,49,49,98,114,114,114,1304,98,392
jovo-feature-scale-example,jovo-feature-scale-example,classification,jovo_t7,cuml,cuML SPORF,n_features,100,0,1,1672937952,100,100,10,2,10,85,85,8,53,26,27,27,184,4.90217,2,8,61.589,2,53,53,106,109,109,109,1296,106,424
jovo-feature-scale-example,jovo-feature-scale-example,classification,jovo_t7,cuml,cuML SPORF,n_features,100,0,1,1672937952,100,100,10,2,10,86,86,10,65,32,33,33,184,5.52717,3,10,62.936,2,65,65,130,148,148,148,1704,130,520
jovo-feature-scale-example,jovo-feature-scale-example,classification,jovo_t7,cuml,cuML SPORF,n_features,100,0,1,1672937952,100,100,10,2,10,87,87,9,61,30,31,31,184,5.15217,3,9,68.976,2,61,61,122,145,145,145,1648,122,488
jovo-feature-scale-example,jovo-feature-scale-example,classification,jovo_t7,cuml,cuML SPORF,n_features,100,0,1,1672937952,100,100,10,2,10,88,88,8,65,32,33,33,184,6.01087,2,8,83.979,2,65,65,130,143,143,143,1664,130,520
jovo-feature-scale-example,jovo-feature-scale-example,classification,jovo_t7,cuml,cuML SPORF,n_features,100,0,1,1672937952,100,100,10,2,10,89,89,10,57,28,29,29,184,4.90217,3,10,72.166,2,57,57,114,151,151,151,1664,114,456
jovo-feature-scale-example,jovo-feature-scale-example,classification,jovo_t7,cuml,cuML SPORF,n_features,100,0,1,1672937952,100,100,10,2,10,90,90,7,57,28,29,29,184,4.92935,2,7,130.63,2,57,57,114,124,124,124,1448,114,456
jovo-feature-scale-example,jovo-feature-scale-example,classification,jovo_t7,cuml,cuML SPORF,n_features,100,0,1,1672937952,100,100,10,2,10,91,91,8,51,25,26,26,184,4.58696,2,8,77.489,2,51,51,102,114,114,114,1320,102,408
jovo-feature-scale-example,jovo-feature-scale-example,classification,jovo_t7,cuml,cuML SPORF,n_features,100,0,1,1672937952,100,100,10,2,10,92,92,9,53,26,27,27,184,5.00543,3,9,104.276,2,53,53,106,115,115,115,1344,106,424
jovo-feature-scale-example,jovo-feature-scale-example,classification,jovo_t7,cuml,cuML SPORF,n_features,100,0,1,1672937952,100,100,10,2,10,93,93,8,49,24,25,25,184,4.69022,3,8,68.028,2,49,49,98,108,108,108,1256,98,392
jovo-feature-scale-example,jovo-feature-scale-example,classification,jovo_t7,cuml,cuML SPORF,n_features,100,0,1,1672937952,100,100,10,2,10,94,94,8,59,29,30,30,184,5.44022,2,8,76.657,2,59,59,118,151,151,151,1680,118,472
jovo-feature-scale-example,jovo-feature-scale-example,classification,jovo_t7,cuml,cuML SPORF,n_features,100,0,1,1672937952,100,100,10,2,10,95,95,7,55,27,28,28,184,4.875,3,7,61.656,2,55,55,110,124,124,124,1432,110,440
jovo-feature-scale-example,jovo-feature-scale-example,classification,jovo_t7,cuml,cuML SPORF,n_features,100,0,1,1672937952,100,100,10,2,10,96,96,7,55,27,28,28,184,4.82609,3,7,60.293,2,55,55,110,132,132,132,1496,110,440
jovo-feature-scale-example,jovo-feature-scale-example,classification,jovo_t7,cuml,cuML SPORF,n_features,100,0,1,1672937952,100,100,10,2,10,97,97,7,65,32,33,33,184,5.30978,3,7,71.995,2,65,65,130,166,166,166,1848,130,520
jovo-feature-scale-example,jovo-feature-scale-example,classification,jovo_t7,cuml,cuML SPORF,n_features,100,0,1,1672937952,100,100,10,2,10,98,98,8,63,31,32,32,184,5.09239,4,8,76.53,2,63,63,126,156,156,156,1752,126,504
jovo-feature-scale-example,jovo-feature-scale-example,classification,jovo_t7,cuml,cuML SPORF,n_features,100,0,1,1672937952,100,100,10,2,10,99,99,8,59,29,30,30,184,5.21196,4,8,77.977,2,59,59,118,145,145,145,1632,118,472
jovo-feature-scale-example,jovo-feature-scale-example,classification,jovo_t7,cuml,cuML SPORF,n_features,100,0,2,1280706876,100,100,10,2,10,0,0,7,61,30,31,31,184,5.15761,3,7,108.394,2,61,61,122,130,130,130,1528,122,488
jovo-feature-scale-example,jovo-feature-scale-example,classification,jovo_t7,cuml,cuML SPORF,n_features,100,0,2,1280706876,100,100,10,2,10,1,1,9,59,29,30,30,184,5.24457,3,9,94.375,2,59,59,118,134,134,134,1544,118,472
jovo-feature-scale-example,jovo-feature-scale-example,classification,jovo_t7,cuml,cuML SPORF,n_features,100,0,2,1280706876,100,100,10,2,10,2,2,11,65,32,33,33,184,5.53261,3,11,104.907,2,65,65,130,142,142,142,1656,130,520
jovo-feature-scale-example,jovo-feature-scale-example,classification,jovo_t7,cuml,cuML SPORF,n_features,100,0,2,1280706876,100,100,10,2,10,3,3,7,55,27,28,28,184,4.84239,3,7,75.006,2,55,55,110,129,129,129,1472,110,440
jovo-feature-scale-example,jovo-feature-scale-example,classification,jovo_t7,cuml,cuML SPORF,n_features,100,0,2,1280706876,100,100,10,2,10,4,4,8,63,31,32,32,184,5.625,3,8,86.768,2,63,63,126,125,125,125,1504,126,504
jovo-feature-scale-example,jovo-feature-scale-example,classification,jovo_t7,cuml,cuML SPORF,n_features,100,0,2,1280706876,100,100,10,2,10,5,5,8,63,31,32,32,184,5.15761,3,8,86.5,2,63,63,126,149,149,149,1696,126,504
jovo-feature-scale-example,jovo-feature-scale-example,classification,jovo_t7,cuml,cuML SPORF,n_features,100,0,2,1280706876,100,100,10,2,10,6,6,8,55,27,28,28,184,5.28804,3,8,86.543,2,55,55,110,126,126,126,1448,110,440
jovo-feature-scale-example,jovo-feature-scale-example,classification,jovo_t7,cuml,cuML SPORF,n_features,100,0,2,1280706876,100,100,10,2,10,7,7,11,57,28,29,29,184,5.1413,3,11,101.161,2,57,57,114,140,140,140,1576,114,456
jovo-feature-scale-example,jovo-feature-scale-example,classification,jovo_t7,cuml,cuML SPORF,n_features,100,0,2,1280706876,100,100,10,2,10,8,8,7,61,30,31,31,184,5.125,3,7,62.628,2,61,61,122,146,146,146,1656,122,488
jovo-feature-scale-example,jovo-feature-scale-example,classification,jovo_t7,cuml,cuML SPORF,n_features,100,0,2,1280706876,100,100,10,2,10,9,9,8,53,26,27,27,184,4.90217,3,8,72.967,2,53,53,106,109,109,109,1296,106,424
jovo-feature-scale-example,jovo-feature-scale-example,classification,jovo_t7,cuml,cuML SPORF,n_features,100,0,2,1280706876,100,100,10,2,10,10,10,8,59,29,30,30,184,5.1413,3,8,109.214,2,59,59,118,137,137,137,1568,118,472
jovo-feature-scale-example,jovo-feature-scale-example,classification,jovo_t7,cuml,cuML SPORF,n_features,100,0,2,1280706876,100,100,10,2,10,11,11,10,61,30,31,31,184,6.53804,2,10,94.54,2,61,61,122,138,138,138,1592,122,488
jovo-feature-scale-example,jovo-feature-scale-example,classification,jovo_t7,cuml,cuML SPORF,n_features,100,0,2,1280706876,100,100,10,2,10,12,12,11,67,33,34,34,184,5.90217,3,11,131.754,2,67,67,134,153,153,153,1760,134,536
jovo-feature-scale-example,jovo-feature-scale-example,classification,jovo_t7,cuml,cuML SPORF,n_features,100,0,2,1280706876,100,100,10,2,10,13,13,8,69,34,35,35,184,5.33152,3,8,85.872,2,69,69,138,157,157,157,1808,138,552
jovo-feature-scale-example,jovo-feature-scale-example,classification,jovo_t7,cuml,cuML SPORF,n_features,100,0,2,1280706876,100,100,10,2,10,14,14,9,63,31,32,32,184,5.1087,3,9,87.558,2,63,63,126,135,135,135,1584,126,504
jovo-feature-scale-example,jovo-feature-scale-example,classification,jovo_t7,cuml,cuML SPORF,n_features,100,0,2,1280706876,100,100,10,2,10,15,15,9,55,27,28,28,184,5.21196,2,9,82.222,2,55,55,110,130,130,130,1480,110,440
jovo-feature-scale-example,jovo-feature-scale-example,classification,jovo_t7,cuml,cuML SPORF,n_features,100,0,2,1280706876,100,100,10,2,10,16,16,8,57,28,29,29,184,5.44022,3,8,86.456,2,57,57,114,130,130,130,1496,114,456
jovo-feature-scale-example,jovo-feature-scale-example,classification,jovo_t7,cuml,cuML SPORF,n_features,100,0,2,1280706876,100,100,10,2,10,17,17,8,59,29,30,30,184,5.67391,3,8,76.616,2,59,59,118,140,140,140,1592,118,472
jovo-feature-scale-example,jovo-feature-scale-example,classification,jovo_t7,cuml,cuML SPORF,n_features,100,0,2,1280706876,100,100,10,2,10,18,18,8,59,29,30,30,184,4.96196,3,8,75.386,2,59,59,118,125,125,125,1472,118,472
jovo-feature-scale-example,jovo-feature-scale-example,classification,jovo_t7,cuml,cuML SPORF,n_features,100,0,2,1280706876,100,100,10,2,10,19,19,10,63,31,32,32,184,5.65217,2,10,54.524,2,63,63,126,138,138,138,1608,126,504
jovo-feature-scale-example,jovo-feature-scale-example,classification,jovo_t7,cuml,cuML SPORF,n_features,100,0,2,1280706876,100,100,10,2,10,20,20,8,59,29,30,30,184,5.03804,2,8,133.706,2,59,59,118,159,159,159,1744,118,472
jovo-feature-scale-example,jovo-feature-scale-example,classification,jovo_t7,cuml,cuML SPORF,n_features,100,0,2,1280706876,100,100,10,2,10,21,21,8,61,30,31,31,184,5.04891,2,8,69.591,2,61,61,122,129,129,129,1520,122,488
jovo-feature-scale-example,jovo-feature-scale-example,classification,jovo_t7,cuml,cuML SPORF,n_features,100,0,2,1280706876,100,100,10,2,10,22,22,8,63,31,32,32,184,5.30435,3,8,97.48,2,63,63,126,147,147,147,1680,126,504
jovo-feature-scale-example,jovo-feature-scale-example,classification,jovo_t7,cuml,cuML SPORF,n_features,100,0,2,1280706876,100,100,10,2,10,23,23,7,57,28,29,29,184,5.03261,3,7,82.537,2,57,57,114,127,127,127,1472,114,456
jovo-feature-scale-example,jovo-feature-scale-example,classification,jovo_t7,cuml,cuML SPORF,n_features,100,0,2,1280706876,100,100,10,2,10,24,24,7,61,30,31,31,184,4.93478,3,7,76.701,2,61,61,122,126,126,126,1496,122,488
jovo-feature-scale-example,jovo-feature-scale-example,classification,jovo_t7,cuml,cuML SPORF,n_features,100,0,2,1280706876,100,100,10,2,10,25,25,8,61,30,31,31,184,5.34783,3,8,71.136,2,61,61,122,154,154,154,1720,122,488
jovo-feature-scale-example,jovo-feature-scale-example,classification,jovo_t7,cuml,cuML SPORF,n_features,100,0,2,1280706876,100,100,10,2,10,26,26,8,53,26,27,27,184,5.68478,3,8,82.091,2,53,53,106,121,121,121,1392,106,424
jovo-feature-scale-example,jovo-feature-scale-example,classification,jovo_t7,cuml,cuML SPORF,n_features,100,0,2,1280706876,100,100,10,2,10,27,27,11,65,32,33,33,184,5.64674,3,11,117.101,2,65,65,130,161,161,161,1808,130,520
jovo-feature-scale-example,jovo-feature-scale-example,classification,jovo_t7,cuml,cuML SPORF,n_features,100,0,2,1280706876,100,100,10,2,10,28,28,8,69,34,35,35,184,5.64674,3,8,78.724,2,69,69,138,144,144,144,1704,138,552
jovo-feature-scale-example,jovo-feature-scale-example,classification,jovo_t7,cuml,cuML SPORF,n_features,100,0,2,1280706876,100,100,10,2,10,29,29,9,65,32,33,33,184,5.80435,3,9,71.551,2,65,65,130,149,149,149,1712,130,520
jovo-feature-scale-example,jovo-feature-scale-example,classification,jovo_t7,cuml,cuML SPORF,n_features,100,0,2,1280706876,100,100,10,2,10,30,30,8,69,34,35,35,184,5.57609,3,8,125.506,2,69,69,138,164,164,164,1864,138,552
jovo-feature-scale-example,jovo-feature-scale-example,classification,jovo_t7,cuml,cuML SPORF,n_features,100,0,2,1280706876,100,100,10,2,10,31,31,8,53,26,27,27,184,6.00543,2,8,78.946,2,53,53,106,127,127,127,1440,106,424
jovo-feature-scale-example,jovo-feature-scale-example,classification,jovo_t7,cuml,cuML SPORF,n_features,100,0,2,1280706876,100,100,10,2,10,32,32,8,61,30,31,31,184,5.38043,3,8,76.938,2,61,61,122,134,134,134,1560,122,488
jovo-feature-scale-example,jovo-feature-scale-example,classification,jovo_t7,cuml,cuML SPORF,n_features,100,0,2,1280706876,100,100,10,2,10,33,33,10,65,32,33,33,184,5.46739,3,10,77.434,2,65,65,130,145,145,145,1680,130,520
jovo-feature-scale-example,jovo-feature-scale-example,classification,jovo_t7,cuml,cuML SPORF,n_features,100,0,2,1280706876,100,100,10,2,10,34,34,8,57,28,29,29,184,5.42935,3,8,75.735,2,57,57,114,126,126,126,1464,114,456
jovo-feature-scale-example,jovo-feature-scale-example,classification,jovo_t7,cuml,cuML SPORF,n_features,100,0,2,1280706876,100,100,10,2,10,35,35,8,63,31,32,32,184,5.6413,3,8,78.738,2,63,63,126,126,126,126,1512,126,504
jovo-feature-scale-example,jovo-feature-scale-example,classification,jovo_t7,cuml,cuML SPORF,n_features,100,0,2,1280706876,100,100,10,2,10,36,36,7,59,29,30,30,184,4.94565,3,7,71.49,2,59,59,118,139,139,139,1584,118,472
jovo-feature-scale-example,jovo-feature-scale-example,classification,jovo_t7,cuml,cuML SPORF,n_features,100,0,2,1280706876,100,100,10,2,10,37,37,9,59,29,30,30,184,4.73913,2,9,93.127,2,59,59,118,123,123,123,1456,118,472
jovo-feature-scale-example,jovo-feature-scale-example,classification,jovo_t7,cuml,cuML SPORF,n_features,100,0,2,1280706876,100,100,10,2,10,38,38,11,71,35,36,36,184,6.13043,3,11,121.887,2,71,71,142,150,150,150,1768,142,568
jovo-feature-scale-example,jovo-feature-scale-example,classification,jovo_t7,cuml,cuML SPORF,n_features,100,0,2,1280706876,100,100,10,2,10,39,39,7,61,30,31,31,184,4.96739,3,7,75.397,2,61,61,122,135,135,135,1568,122,488
jovo-feature-scale-example,jovo-feature-scale-example,classification,jovo_t7,cuml,cuML SPORF,n_features,100,0,2,1280706876,100,100,10,2,10,40,40,8,57,28,29,29,184,5.43478,3,8,112.798,2,57,57,114,141,141,141,1584,114,456
jovo-feature-scale-example,jovo-feature-scale-example,classification,jovo_t7,cuml,cuML SPORF,n_features,100,0,2,1280706876,100,100,10,2,10,41,41,10,63,31,32,32,184,5.36413,3,10,122.892,2,63,63,126,158,158,158,1768,126,504
jovo-feature-scale-example,jovo-feature-scale-example,classification,jovo_t7,cuml,cuML SPORF,n_features,100,0,2,1280706876,100,100,10,2,10,42,42,9,53,26,27,27,184,4.72283,2,9,70.411,2,53,53,106,116,116,116,1352,106,424
jovo-feature-scale-example,jovo-feature-scale-example,classification,jovo_t7,cuml,cuML SPORF,n_features,100,0,2,1280706876,100,100,10,2,10,43,43,8,61,30,31,31,184,4.84783,3,8,84.553,2,61,61,122,144,144,144,1640,122,488
jovo-feature-scale-example,jovo-feature-scale-example,classification,jovo_t7,cuml,cuML SPORF,n_features,100,0,2,1280706876,100,100,10,2,10,44,44,7,55,27,28,28,184,5.32065,3,7,103.656,2,55,55,110,120,120,120,1400,110,440
jovo-feature-scale-example,jovo-feature-scale-example,classification,jovo_t7,cuml,cuML SPORF,n_features,100,0,2,1280706876,100,100,10,2,10,45,45,8,63,31,32,32,184,5.20652,3,8,85.175,2,63,63,126,136,136,136,1592,126,504
jovo-feature-scale-example,jovo-feature-scale-example,classification,jovo_t7,cuml,cuML SPORF,n_features,100,0,2,1280706876,100,100,10,2,10,46,46,9,59,29,30,30,184,5.03804,2,9,89.766,2,59,59,118,122,122,122,1448,118,472
jovo-feature-scale-example,jovo-feature-scale-example,classification,jovo_t7,cuml,cuML SPORF,n_features,100,0,2,1280706876,100,100,10,2,10,47,47,8,57,28,29,29,184,5,3,8,75.4,2,57,57,114,124,124,124,1448,114,456
jovo-feature-scale-example,jovo-feature-scale-example,classification,jovo_t7,cuml,cuML SPORF,n_features,100,0,2,1280706876,100,100,10,2,10,48,48,8,63,31,32,32,184,5.23913,3,8,74.117,2,63,63,126,129,129,129,1536,126,504
jovo-feature-scale-example,jovo-feature-scale-example,classification,jovo_t7,cuml,cuML SPORF,n_features,100,0,2,1280706876,100,100,10,2,10,49,49,8,63,31,32,32,184,5.50543,3,8,63.806,2,63,63,126,154,154,154,1736,126,504
jovo-feature-scale-example,jovo-feature-scale-example,classification,jovo_t7,cuml,cuML SPORF,n_features,100,0,2,1280706876,100,100,10,2,10,50,50,10,53,26,27,27,184,5.02174,2,10,176.713,2,53,53,106,110,110,110,1304,106,424
jovo-feature-scale-example,jovo-feature-scale-example,classification,jovo_t7,cuml,cuML SPORF,n_features,100,0,2,1280706876,100,100,10,2,10,51,51,7,67,33,34,34,184,5.55435,3,7,90.465,2,67,67,134,163,163,163,1840,134,536
jovo-feature-scale-example,jovo-feature-scale-example,classification,jovo_t7,cuml,cuML SPORF,n_features,100,0,2,1280706876,100,100,10,2,10,52,52,9,49,24,25,25,184,4.96739,2,9,69.868,2,49,49,98,103,103,103,1216,98,392
jovo-feature-scale-example,jovo-feature-scale-example,classification,jovo_t7,cuml,cuML SPORF,n_features,100,0,2,1280706876,100,100,10,2,10,53,53,9,63,31,32,32,184,5.30978,3,9,83.21,2,63,63,126,137,137,137,1600,126,504
jovo-feature-scale-example,jovo-feature-scale-example,classification,jovo_t7,cuml,cuML SPORF,n_features,100,0,2,1280706876,100,100,10,2,10,54,54,9,59,29,30,30,184,5.625,3,9,86.256,2,59,59,118,125,125,125,1472,118,472
jovo-feature-scale-example,jovo-feature-scale-example,classification,jovo_t7,cuml,cuML SPORF,n_features,100,0,2,1280706876,100,100,10,2,10,55,55,8,65,32,33,33,184,5.27174,3,8,84.303,2,65,65,130,138,138,138,1624,130,520
jovo-feature-scale-example,jovo-feature-scale-example,classification,jovo_t7,cuml,cuML SPORF,n_features,100,0,2,1280706876,100,100,10,2,10,56,56,8,51,25,26,26,184,4.82609,2,8,82.843,2,51,51,102,121,121,121,1376,102,408
jovo-feature-scale-example,jovo-feature-scale-example,classification,jovo_t7,cuml,cuML SPORF,n_features,100,0,2,1280706876,100,100,10,2,10,57,57,9,59,29,30,30,184,5.17935,3,9,92.83,2,59,59,118,140,140,140,1592,118,472
jovo-feature-scale-example,jovo-feature-scale-example,classification,jovo_t7,cuml,cuML SPORF,n_features,100,0,2,1280706876,100,100,10,2,10,58,58,10,61,30,31,31,184,5.52174,2,10,84.522,2,61,61,122,134,134,134,1560,122,488
jovo-feature-scale-example,jovo-feature-scale-example,classification,jovo_t7,cuml,cuML SPORF,n_features,100,0,2,1280706876,100,100,10,2,10,59,59,11,65,32,33,33,184,5.57065,3,11,33.846,2,65,65,130,143,143,143,1664,130,520
jovo-feature-scale-example,jovo-feature-scale-example,classification,jovo_t7,cuml,cuML SPORF,n_features,100,0,2,1280706876,100,100,10,2,10,60,60,8,57,28,29,29,184,4.92391,3,8,101.928,2,57,57,114,141,141,141,1584,114,456
jovo-feature-scale-example,jovo-feature-scale-example,classification,jovo_t7,cuml,cuML SPORF,n_features,100,0,2,1280706876,100,100,10,2,10,61,61,8,61,30,31,31,184,5,3,8,94.858,2,61,61,122,142,142,142,1624,122,488
jovo-feature-scale-example,jovo-feature-scale-example,classification,jovo_t7,cuml,cuML SPORF,n_features,100,0,2,1280706876,100,100,10,2,10,62,62,8,45,22,23,23,184,5.36413,2,8,78.482,2,45,45,90,97,97,97,1136,90,360
jovo-feature-scale-example,jovo-feature-scale-example,classification,jovo_t7,cuml,cuML SPORF,n_features,100,0,2,1280706876,100,100,10,2,10,63,63,9,63,31,32,32,184,5.63043,3,9,70.359,2,63,63,126,140,140,140,1624,126,504
jovo-feature-scale-example,jovo-feature-scale-example,classification,jovo_t7,cuml,cuML SPORF,n_features,100,0,2,1280706876,100,100,10,2,10,64,64,7,57,28,29,29,184,5.17391,4,7,78.115,2,57,57,114,123,123,123,1440,114,456
jovo-feature-scale-example,jovo-feature-scale-example,classification,jovo_t7,cuml,cuML SPORF,n_features,100,0,2,1280706876,100,100,10,2,10,65,65,8,69,34,35,35,184,5.44565,2,8,93.997,2,69,69,138,159,159,159,1824,138,552
jovo-feature-scale-example,jovo-feature-scale-example,classification,jovo_t7,cuml,cuML SPORF,n_features,100,0,2,1280706876,100,100,10,2,10,66,66,8,51,25,26,26,184,4.85326,3,8,91.879,2,51,51,102,117,117,117,1344,102,408
jovo-feature-scale-example,jovo-feature-scale-example,classification,jovo_t7,cuml,cuML SPORF,n_features,100,0,2,1280706876,100,100,10,2,10,67,67,8,67,33,34,34,184,5.15217,3,8,68.63,2,67,67,134,149,149,149,1728,134,536
jovo-feature-scale-example,jovo-feature-scale-example,classification,jovo_t7,cuml,cuML SPORF,n_features,100,0,2,1280706876,100,100,10,2,10,68,68,7,63,31,32,32,184,5.67935,4,7,76.283,2,63,63,126,149,149,149,1696,126,504
jovo-feature-scale-example,jovo-feature-scale-example,classification,jovo_t7,cuml,cuML SPORF,n_features,100,0,2,1280706876,100,100,10,2,10,69,69,9,51,25,26,26,184,5.01087,3,9,84.368,2,51,51,102,100,100,100,1208,102,408
jovo-feature-scale-example,jovo-feature-scale-example,classification,jovo_t7,cuml,cuML SPORF,n_features,100,0,2,1280706876,100,100,10,2,10,70,70,10,59,29,30,30,184,5.26087,3,10,115.628,2,59,59,118,137,137,137,1568,118,472
jovo-feature-scale-example,jovo-feature-scale-example,classification,jovo_t7,cuml,cuML SPORF,n_features,100,0,2,1280706876,100,100,10,2,10,71,71,9,57,28,29,29,184,5.32609,3,9,105.263,2,57,57,114,128,128,128,1480,114,456
jovo-feature-scale-example,jovo-feature-scale-example,classification,jovo_t7,cuml,cuML SPORF,n_features,100,0,2,1280706876,100,100,10,2,10,72,72,10,55,27,28,28,184,5.52717,3,10,109.477,2,55,55,110,124,124,124,1432,110,440
jovo-feature-scale-example,jovo-feature-scale-example,classification,jovo_t7,cuml,cuML SPORF,n_features,100,0,2,1280706876,100,100,10,2,10,73,73,8,63,31,32,32,184,5.02174,3,8,94.457,2,63,63,126,139,139,139,1616,126,504
jovo-feature-scale-example,jovo-feature-scale-example,classification,jovo_t7,cuml,cuML SPORF,n_features,100,0,2,1280706876,100,100,10,2,10,74,74,8,57,28,29,29,184,5.5163,3,8,75.266,2,57,57,114,119,119,119,1408,114,456
jovo-feature-scale-example,jovo-feature-scale-example,classification,jovo_t7,cuml,cuML SPORF,n_features,100,0,2,1280706876,100,100,10,2,10,75,75,7,59,29,30,30,184,5.36413,3,7,61.918,2,59,59,118,127,127,127,1488,118,472
jovo-feature-scale-example,jovo-feature-scale-example,classification,jovo_t7,cuml,cuML SPORF,n_features,100,0,2,1280706876,100,100,10,2,10,76,76,8,59,29,30,30,184,4.82065,4,8,98.957,2,59,59,118,148,148,148,1656,118,472
jovo-feature-scale-example,jovo-feature-scale-example,classification,jovo_t7,cuml,cuML SPORF,n_features,100,0,2,1280706876,100,100,10,2,10,77,77,7,45,22,23,23,184,4.68478,3,7,72.398,2,45,45,90,102,102,102,1176,90,360
jovo-feature-scale-example,jovo-feature-scale-example,classification,jovo_t7,cuml,cuML SPORF,n_features,100,0,2,1280706876,100,100,10,2,10,78,78,9,53,26,27,27,184,5.58696,2,9,77.92,2,53,53,106,128,128,128,1448,106,424
jovo-feature-scale-example,jovo-feature-scale-example,classification,jovo_t7,cuml,cuML SPORF,n_features,100,0,2,1280706876,100,100,10,2,10,79,79,8,67,33,34,34,184,5.41304,3,8,70.745,2,67,67,134,163,163,163,1840,134,536
jovo-feature-scale-example,jovo-feature-scale-example,classification,jovo_t7,cuml,cuML SPORF,n_features,100,0,2,1280706876,100,100,10,2,10,80,80,10,73,36,37,37,184,5.79348,3,10,173.26,2,73,73,146,172,172,172,1960,146,584
jovo-feature-scale-example,jovo-feature-scale-example,classification,jovo_t7,cuml,cuML SPORF,n_features,100,0,2,1280706876,100,100,10,2,10,81,81,9,59,29,30,30,184,5.21196,3,9,93.7,2,59,59,118,139,139,139,1584,118,472
jovo-feature-scale-example,jovo-feature-scale-example,classification,jovo_t7,cuml,cuML SPORF,n_features,100,0,2,1280706876,100,100,10,2,10,82,82,8,49,24,25,25,184,5.0163,2,8,69.175,2,49,49,98,114,114,114,1304,98,392
jovo-feature-scale-example,jovo-feature-scale-example,classification,jovo_t7,cuml,cuML SPORF,n_features,100,0,2,1280706876,100,100,10,2,10,83,83,8,55,27,28,28,184,5.02717,3,8,78.985,2,55,55,110,118,118,118,1384,110,440
jovo-feature-scale-example,jovo-feature-scale-example,classification,jovo_t7,cuml,cuML SPORF,n_features,100,0,2,1280706876,100,100,10,2,10,84,84,9,61,30,31,31,184,5.36413,3,9,87.882,2,61,61,122,139,139,139,1600,122,488
jovo-feature-scale-example,jovo-feature-scale-example,classification,jovo_t7,cuml,cuML SPORF,n_features,100,0,2,1280706876,100,100,10,2,10,85,85,8,63,31,32,32,184,5.20652,3,8,87.312,2,63,63,126,144,144,144,1656,126,504
jovo-feature-scale-example,jovo-feature-scale-example,classification,jovo_t7,cuml,cuML SPORF,n_features,100,0,2,1280706876,100,100,10,2,10,86,86,9,65,32,33,33,184,5.69565,3,9,100.746,2,65,65,130,181,181,181,1968,130,520
jovo-feature-scale-example,jovo-feature-scale-example,classification,jovo_t7,cuml,cuML SPORF,n_features,100,0,2,1280706876,100,100,10,2,10,87,87,8,59,29,30,30,184,5.31522,2,8,87.503,2,59,59,118,129,129,129,1504,118,472
jovo-feature-scale-example,jovo-feature-scale-example,classification,jovo_t7,cuml,cuML SPORF,n_features,100,0,2,1280706876,100,100,10,2,10,88,88,7,57,28,29,29,184,5.00543,3,7,71.94,2,57,57,114,118,118,118,1400,114,456
jovo-feature-scale-example,jovo-feature-scale-example,classification,jovo_t7,cuml,cuML SPORF,n_features,100,0,2,1280706876,100,100,10,2,10,89,89,9,57,28,29,29,184,4.97283,3,9,35.004,2,57,57,114,134,134,134,1528,114,456
jovo-feature-scale-example,jovo-feature-scale-example,classification,jovo_t7,cuml,cuML SPORF,n_features,100,0,2,1280706876,100,100,10,2,10,90,90,9,57,28,29,29,184,5.27717,2,9,118.717,2,57,57,114,115,115,115,1376,114,456
jovo-feature-scale-example,jovo-feature-scale-example,classification,jovo_t7,cuml,cuML SPORF,n_features,100,0,2,1280706876,100,100,10,2,10,91,91,10,51,25,26,26,184,5.21739,2,10,102.114,2,51,51,102,108,108,108,1272,102,408
jovo-feature-scale-example,jovo-feature-scale-example,classification,jovo_t7,cuml,cuML SPORF,n_features,100,0,2,1280706876,100,100,10,2,10,92,92,10,55,27,28,28,184,5.10326,3,10,115.545,2,55,55,110,130,130,130,1480,110,440
jovo-feature-scale-example,jovo-feature-scale-example,classification,jovo_t7,cuml,cuML SPORF,n_features,100,0,2,1280706876,100,100,10,2,10,93,93,9,61,30,31,31,184,5.27717,3,9,78.58,2,61,61,122,122,122,122,1464,122,488
jovo-feature-scale-example,jovo-feature-scale-example,classification,jovo_t7,cuml,cuML SPORF,n_features,100,0,2,1280706876,100,100,10,2,10,94,94,9,55,27,28,28,184,5.16304,3,9,91.589,2,55,55,110,133,133,133,1504,110,440
jovo-feature-scale-example,jovo-feature-scale-example,classification,jovo_t7,cuml,cuML SPORF,n_features,100,0,2,1280706876,100,100,10,2,10,95,95,7,55,27,28,28,184,4.89674,3,7,106.776,2,55,55,110,113,113,113,1344,110,440
jovo-feature-scale-example,jovo-feature-scale-example,classification,jovo_t7,cuml,cuML SPORF,n_features,100,0,2,1280706876,100,100,10,2,10,96,96,9,65,32,33,33,184,5.59783,2,9,76.681,2,65,65,130,123,123,123,1504,130,520
jovo-feature-scale-example,jovo-feature-scale-example,classification,jovo_t7,cuml,cuML SPORF,n_features,100,0,2,1280706876,100,100,10,2,10,97,97,10,61,30,31,31,184,5.46196,3,10,112.712,2,61,61,122,131,131,131,1536,122,488
jovo-feature-scale-example,jovo-feature-scale-example,classification,jovo_t7,cuml,cuML SPORF,n_features,100,0,2,1280706876,100,100,10,2,10,98,98,10,63,31,32,32,184,5.36413,2,10,79.113,2,63,63,126,131,131,131,1552,126,504
jovo-feature-scale-example,jovo-feature-scale-example,classification,jovo_t7,cuml,cuML SPORF,n_features,100,0,2,1280706876,100,100,10,2,10,99,99,8,51,25,26,26,184,4.85326,2,8,17.933,2,51,51,102,114,114,114,1320,102,408
jovo-feature-scale-example,jovo-feature-scale-example,classification,jovo_t7,cuml,cuML SPORF,n_features,100,0,3,1470347820,100,100,10,2,10,0,0,9,65,32,33,33,184,5.38043,3,9,117.402,2,65,65,130,144,144,144,1672,130,520
jovo-feature-scale-example,jovo-feature-scale-example,classification,jovo_t7,cuml,cuML SPORF,n_features,100,0,3,1470347820,100,100,10,2,10,1,1,9,59,29,30,30,184,5.14674,2,9,65.654,2,59,59,118,132,132,132,1528,118,472
jovo-feature-scale-example,jovo-feature-scale-example,classification,jovo_t7,cuml,cuML SPORF,n_features,100,0,3,1470347820,100,100,10,2,10,2,2,7,59,29,30,30,184,5.13043,3,7,78.133,2,59,59,118,122,122,122,1448,118,472
jovo-feature-scale-example,jovo-feature-scale-example,classification,jovo_t7,cuml,cuML SPORF,n_features,100,0,3,1470347820,100,100,10,2,10,3,3,8,53,26,27,27,184,4.9837,3,8,97.268,2,53,53,106,133,133,133,1488,106,424
jovo-feature-scale-example,jovo-feature-scale-example,classification,jovo_t7,cuml,cuML SPORF,n_features,100,0,3,1470347820,100,100,10,2,10,4,4,7,57,28,29,29,184,4.69022,2,7,76.571,2,57,57,114,134,134,134,1528,114,456
jovo-feature-scale-example,jovo-feature-scale-example,classification,jovo_t7,cuml,cuML SPORF,n_features,100,0,3,1470347820,100,100,10,2,10,5,5,9,63,31,32,32,184,5.10326,3,9,105.426,2,63,63,126,126,126,126,1512,126,504
jovo-feature-scale-example,jovo-feature-scale-example,classification,jovo_t7,cuml,cuML SPORF,n_features,100,0,3,1470347820,100,100,10,2,10,6,6,9,53,26,27,27,184,5.64674,3,9,83.26,2,53,53,106,118,118,118,1368,106,424
jovo-feature-scale-example,jovo-feature-scale-example,classification,jovo_t7,cuml,cuML SPORF,n_features,100,0,3,1470347820,100,100,10,2,10,7,7,7,55,27,28,28,184,4.92935,3,7,73.859,2,55,55,110,109,109,109,1312,110,440
jovo-feature-scale-example,jovo-feature-scale-example,classification,jovo_t7,cuml,cuML SPORF,n_features,100,0,3,1470347820,100,100,10,2,10,8,8,8,55,27,28,28,184,5.63043,3,8,84.677,2,55,55,110,144,144,144,1592,110,440
jovo-feature-scale-example,jovo-feature-scale-example,classification,jovo_t7,cuml,cuML SPORF,n_features,100,0,3,1470347820,100,100,10,2,10,9,9,11,75,37,38,38,184,6.08696,3,11,99.54,2,75,75,150,172,172,172,1976,150,600
jovo-feature-scale-example,jovo-feature-scale-example,classification,jovo_t7,cuml,cuML SPORF,n_features,100,0,3,1470347820,100,100,10,2,10,10,10,9,49,24,25,25,184,5.21196,3,9,117.653,2,49,49,98,106,106,106,1240,98,392
jovo-feature-scale-example,jovo-feature-scale-example,classification,jovo_t7,cuml,cuML SPORF,n_features,100,0,3,1470347820,100,100,10,2,10,11,11,8,67,33,34,34,184,5.7337,3,8,101.382,2,67,67,134,137,137,137,1632,134,536
jovo-feature-scale-example,jovo-feature-scale-example,classification,jovo_t7,cuml,cuML SPORF,n_features,100,0,3,1470347820,100,100,10,2,10,12,12,10,59,29,30,30,184,5.11413,3,10,96.102,2,59,59,118,142,142,142,1608,118,472
jovo-feature-scale-example,jovo-feature-scale-example,classification,jovo_t7,cuml,cuML SPORF,n_features,100,0,3,1470347820,100,100,10,2,10,13,13,7,43,21,22,22,184,4.375,3,7,80.998,2,43,43,86,90,90,90,1064,86,344
jovo-feature-scale-example,jovo-feature-scale-example,classification,jovo_t7,cuml,cuML SPORF,n_features,100,0,3,1470347820,100,100,10,2,10,14,14,7,55,27,28,28,184,5.67391,3,7,67.154,2,55,55,110,108,108,108,1304,110,440
jovo-feature-scale-example,jovo-feature-scale-example,classification,jovo_t7,cuml,cuML SPORF,n_features,100,0,3,1470347820,100,100,10,2,10,15,15,9,67,33,34,34,184,5.58152,2,9,105.361,2,67,67,134,138,138,138,1640,134,536
jovo-feature-scale-example,jovo-feature-scale-example,classification,jovo_t7,cuml,cuML SPORF,n_features,100,0,3,1470347820,100,100,10,2,10,16,16,9,57,28,29,29,184,5.22826,3,9,87.679,2,57,57,114,137,137,137,1552,114,456
jovo-feature-scale-example,jovo-feature-scale-example,classification,jovo_t7,cuml,cuML SPORF,n_features,100,0,3,1470347820,100,100,10,2,10,17,17,8,59,29,30,30,184,5.15217,3,8,78.704,2,59,59,118,139,139,139,1584,118,472
jovo-feature-scale-example,jovo-feature-scale-example,classification,jovo_t7,cuml,cuML SPORF,n_features,100,0,3,1470347820,100,100,10,2,10,18,18,8,61,30,31,31,184,5.80978,3,8,84.903,2,61,61,122,137,137,137,1584,122,488
jovo-feature-scale-example,jovo-feature-scale-example,classification,jovo_t7,cuml,cuML SPORF,n_features,100,0,3,1470347820,100,100,10,2,10,19,19,9,47,23,24,24,184,5.1087,2,9,61.89,2,47,47,94,106,106,106,1224,94,376
jovo-feature-scale-example,jovo-feature-scale-example,classification,jovo_t7,cuml,cuML SPORF,n_features,100,0,3,1470347820,100,100,10,2,10,20,20,8,57,28,29,29,184,5.125,3,8,119.389,2,57,57,114,122,122,122,1432,114,456
jovo-feature-scale-example,jovo-feature-scale-example,classification,jovo_t7,cuml,cuML SPORF,n_features,100,0,3,1470347820,100,100,10,2,10,21,21,9,51,25,26,26,184,5.09783,3,9,72.968,2,51,51,102,118,118,118,1352,102,408
jovo-feature-scale-example,jovo-feature-scale-example,classification,jovo_t7,cuml,cuML SPORF,n_features,100,0,3,1470347820,100,100,10,2,10,22,22,8,65,32,33,33,184,5.29891,3,8,105.917,2,65,65,130,166,166,166,1848,130,520
jovo-feature-scale-example,jovo-feature-scale-example,classification,jovo_t7,cuml,cuML SPORF,n_features,100,0,3,1470347820,100,100,10,2,10,23,23,7,55,27,28,28,184,5.05435,3,7,73.142,2,55,55,110,122,122,122,1416,110,440
jovo-feature-scale-example,jovo-feature-scale-example,classification,jovo_t7,cuml,cuML SPORF,n_features,100,0,3,1470347820,100,100,10,2,10,24,24,9,63,31,32,32,184,5.79891,2,9,96.642,2,63,63,126,132,132,132,1560,126,504
jovo-feature-scale-example,jovo-feature-scale-example,classification,jovo_t7,cuml,cuML SPORF,n_features,100,0,3,1470347820,100,100,10,2,10,25,25,8,69,34,35,35,184,5.09239,3,8,102.328,2,69,69,138,161,161,161,1840,138,552
jovo-feature-scale-example,jovo-feature-scale-example,classification,jovo_t7,cuml,cuML SPORF,n_features,100,0,3,1470347820,100,100,10,2,10,26,26,7,53,26,27,27,184,5.54348,3,7,63.651,2,53,53,106,116,116,116,1352,106,424
jovo-feature-scale-example,jovo-feature-scale-example,classification,jovo_t7,cuml,cuML SPORF,n_features,100,0,3,1470347820,100,100,10,2,10,27,27,7,61,30,31,31,184,5.18478,3,7,68.881,2,61,61,122,120,120,120,1448,122,488
jovo-feature-scale-example,jovo-feature-scale-example,classification,jovo_t7,cuml,cuML SPORF,n_features,100,0,3,1470347820,100,100,10,2,10,28,28,8,61,30,31,31,184,5.46739,3,8,82.006,2,61,61,122,139,139,139,1600,122,488
jovo-feature-scale-example,jovo-feature-scale-example,classification,jovo_t7,cuml,cuML SPORF,n_features,100,0,3,1470347820,100,100,10,2,10,29,29,9,55,27,28,28,184,4.94022,3,9,80.695,2,55,55,110,115,115,115,1360,110,440
jovo-feature-scale-example,jovo-feature-scale-example,classification,jovo_t7,cuml,cuML SPORF,n_features,100,0,3,1470347820,100,100,10,2,10,30,30,7,57,28,29,29,184,4.94565,3,7,118.081,2,57,57,114,125,125,125,1456,114,456
jovo-feature-scale-example,jovo-feature-scale-example,classification,jovo_t7,cuml,cuML SPORF,n_features,100,0,3,1470347820,100,100,10,2,10,31,31,9,59,29,30,30,184,5.71739,2,9,72.838,2,59,59,118,136,136,136,1560,118,472
jovo-feature-scale-example,jovo-feature-scale-example,classification,jovo_t7,cuml,cuML SPORF,n_features,100,0,3,1470347820,100,100,10,2,10,32,32,7,55,27,28,28,184,4.97283,4,7,96.051,2,55,55,110,117,117,117,1376,110,440
jovo-feature-scale-example,jovo-feature-scale-example,classification,jovo_t7,cuml,cuML SPORF,n_features,100,0,3,1470347820,100,100,10,2,10,33,33,8,63,31,32,32,184,5.51087,3,8,113.537,2,63,63,126,145,145,145,1664,126,504
jovo-feature-scale-example,jovo-feature-scale-example,classification,jovo_t7,cuml,cuML SPORF,n_features,100,0,3,1470347820,100,100,10,2,10,34,34,9,55,27,28,28,184,4.94022,3,9,105.381,2,55,55,110,117,117,117,1376,110,440
jovo-feature-scale-example,jovo-feature-scale-example,classification,jovo_t7,cuml,cuML SPORF,n_features,100,0,3,1470347820,100,100,10,2,10,35,35,8,51,25,26,26,184,5.1087,3,8,84.61,2,51,51,102,128,128,128,1432,102,408
jovo-feature-scale-example,jovo-feature-scale-example,classification,jovo_t7,cuml,cuML SPORF,n_features,100,0,3,1470347820,100,100,10,2,10,36,36,11,67,33,34,34,184,5.625,3,11,103.473,2,67,67,134,156,156,156,1784,134,536
jovo-feature-scale-example,jovo-feature-scale-example,classification,jovo_t7,cuml,cuML SPORF,n_features,100,0,3,1470347820,100,100,10,2,10,37,37,10,57,28,29,29,184,5.08696,3,10,100.207,2,57,57,114,123,123,123,1440,114,456
jovo-feature-scale-example,jovo-feature-scale-example,classification,jovo_t7,cuml,cuML SPORF,n_features,100,0,3,1470347820,100,100,10,2,10,38,38,8,55,27,28,28,184,5.01087,3,8,68.802,2,55,55,110,118,118,118,1384,110,440
jovo-feature-scale-example,jovo-feature-scale-example,classification,jovo_t7,cuml,cuML SPORF,n_features,100,0,3,1470347820,100,100,10,2,10,39,39,10,63,31,32,32,184,5.20109,3,10,21.557,2,63,63,126,134,134,134,1576,126,504
jovo-feature-scale-example,jovo-feature-scale-example,classification,jovo_t7,cuml,cuML SPORF,n_features,100,0,3,1470347820,100,100,10,2,10,40,40,7,47,23,24,24,184,4.53261,3,7,117.097,2,47,47,94,110,110,110,1256,94,376
jovo-feature-scale-example,jovo-feature-scale-example,classification,jovo_t7,cuml,cuML SPORF,n_features,100,0,3,1470347820,100,100,10,2,10,41,41,9,71,35,36,36,184,5.79348,3,9,98.663,2,71,71,142,138,138,138,1672,142,568
jovo-feature-scale-example,jovo-feature-scale-example,classification,jovo_t7,cuml,cuML SPORF,n_features,100,0,3,1470347820,100,100,10,2,10,42,42,7,63,31,32,32,184,5.03261,3,7,85.884,2,63,63,126,154,154,154,1736,126,504
jovo-feature-scale-example,jovo-feature-scale-example,classification,jovo_t7,cuml,cuML SPORF,n_features,100,0,3,1470347820,100,100,10,2,10,43,43,8,59,29,30,30,184,5.05435,3,8,99.969,2,59,59,118,127,127,127,1488,118,472
jovo-feature-scale-example,jovo-feature-scale-example,classification,jovo_t7,cuml,cuML SPORF,n_features,100,0,3,1470347820,100,100,10,2,10,44,44,8,55,27,28,28,184,4.9837,2,8,69.986,2,55,55,110,131,131,131,1488,110,440
jovo-feature-scale-example,jovo-feature-scale-example,classification,jovo_t7,cuml,cuML SPORF,n_features,100,0,3,1470347820,100,100,10,2,10,45,45,9,61,30,31,31,184,5.38587,3,9,99.508,2,61,61,122,124,124,124,1480,122,488
jovo-feature-scale-example,jovo-feature-scale-example,classification,jovo_t7,cuml,cuML SPORF,n_features,100,0,3,1470347820,100,100,10,2,10,46,46,8,63,31,32,32,184,5.03804,3,8,84.871,2,63,63,126,161,161,161,1792,126,504
jovo-feature-scale-example,jovo-feature-scale-example,classification,jovo_t7,cuml,cuML SPORF,n_features,100,0,3,1470347820,100,100,10,2,10,47,47,9,51,25,26,26,184,4.8913,3,9,77.254,2,51,51,102,103,103,103,1232,102,408
jovo-feature-scale-example,jovo-feature-scale-example,classification,jovo_t7,cuml,cuML SPORF,n_features,100,0,3,1470347820,100,100,10,2,10,48,48,9,65,32,33,33,184,5.25543,2,9,82.868,2,65,65,130,146,146,146,1688,130,520
jovo-feature-scale-example,jovo-feature-scale-example,classification,jovo_t7,cuml,cuML SPORF,n_features,100,0,3,1470347820,100,100,10,2,10,49,49,9,51,25,26,26,184,4.65217,3,9,61.646,2,51,51,102,115,115,115,1328,102,408
jovo-feature-scale-example,jovo-feature-scale-example,classification,jovo_t7,cuml,cuML SPORF,n_features,100,0,3,1470347820,100,100,10,2,10,50,50,8,51,25,26,26,184,4.84239,2,8,118.453,2,51,51,102,99,99,99,1200,102,408
jovo-feature-scale-example,jovo-feature-scale-example,classification,jovo_t7,cuml,cuML SPORF,n_features,100,0,3,1470347820,100,100,10,2,10,51,51,8,53,26,27,27,184,4.90217,3,8,98.8,2,53,53,106,126,126,126,1432,106,424
jovo-feature-scale-example,jovo-feature-scale-example,classification,jovo_t7,cuml,cuML SPORF,n_features,100,0,3,1470347820,100,100,10,2,10,52,52,9,63,31,32,32,184,5.42935,2,9,103.936,2,63,63,126,137,137,137,1600,126,504
jovo-feature-scale-example,jovo-feature-scale-example,classification,jovo_t7,cuml,cuML SPORF,n_features,100,0,3,1470347820,100,100,10,2,10,53,53,8,73,36,37,37,184,5.39674,4,8,114.968,2,73,73,146,161,161,161,1872,146,584
jovo-feature-scale-example,jovo-feature-scale-example,classification,jovo_t7,cuml,cuML SPORF,n_features,100,0,3,1470347820,100,100,10,2,10,54,54,9,59,29,30,30,184,6.11957,2,9,93.445,2,59,59,118,126,126,126,1480,118,472
jovo-feature-scale-example,jovo-feature-scale-example,classification,jovo_t7,cuml,cuML SPORF,n_features,100,0,3,1470347820,100,100,10,2,10,55,55,9,67,33,34,34,184,5.48913,3,9,81.581,2,67,67,134,149,149,149,1728,134,536
jovo-feature-scale-example,jovo-feature-scale-example,classification,jovo_t7,cuml,cuML SPORF,n_features,100,0,3,1470347820,100,100,10,2,10,56,56,7,53,26,27,27,184,4.71196,2,7,64.009,2,53,53,106,118,118,118,1368,106,424
jovo-feature-scale-example,jovo-feature-scale-example,classification,jovo_t7,cuml,cuML SPORF,n_features,100,0,3,1470347820,100,100,10,2,10,57,57,9,59,29,30,30,184,5.70109,3,9,90.743,2,59,59,118,141,141,141,1600,118,472
jovo-feature-scale-example,jovo-feature-scale-example,classification,jovo_t7,cuml,cuML SPORF,n_features,100,0,3,1470347820,100,100,10,2,10,58,58,9,57,28,29,29,184,4.63587,3,9,83.095,2,57,57,114,125,125,125,1456,114,456
jovo-feature-scale-example,jovo-feature-scale-example,classification,jovo_t7,cuml,cuML SPORF,n_features,100,0,3,1470347820,100,100,10,2,10,59,59,10,49,24,25,25,184,5.09239,2,10,37.357,2,49,49,98,111,111,111,1280,98,392
jovo-feature-scale-example,jovo-feature-scale-example,classification,jovo_t7,cuml,cuML SPORF,n_features,100,0,3,1470347820,100,100,10,2,10,60,60,7,63,31,32,32,184,5.29891,3,7,118.257,2,63,63,126,156,156,156,1752,126,504
jovo-feature-scale-example,jovo-feature-scale-example,classification,jovo_t7,cuml,cuML SPORF,n_features,100,0,3,1470347820,100,100,10,2,10,61,61,8,49,24,25,25,184,5.09239,3,8,63.882,2,49,49,98,125,125,125,1392,98,392
jovo-feature-scale-example,jovo-feature-scale-example,classification,jovo_t7,cuml,cuML SPORF,n_features,100,0,3,1470347820,100,100,10,2,10,62,62,8,51,25,26,26,184,4.88587,3,8,82.286,2,51,51,102,106,106,106,1256,102,408
jovo-feature-scale-example,jovo-feature-scale-example,classification,jovo_t7,cuml,cuML SPORF,n_features,100,0,3,1470347820,100,100,10,2,10,63,63,9,61,30,31,31,184,5.39674,3,9,107.921,2,61,61,122,142,142,142,1624,122,488
jovo-feature-scale-example,jovo-feature-scale-example,classification,jovo_t7,cuml,cuML SPORF,n_features,100,0,3,1470347820,100,100,10,2,10,64,64,8,59,29,30,30,184,5.04348,3,8,87.592,2,59,59,118,148,148,148,1656,118,472
jovo-feature-scale-example,jovo-feature-scale-example,classification,jovo_t7,cuml,cuML SPORF,n_features,100,0,3,1470347820,100,100,10,2,10,65,65,7,57,28,29,29,184,5.14674,3,7,80.375,2,57,57,114,137,137,137,1552,114,456
jovo-feature-scale-example,jovo-feature-scale-example,classification,jovo_t7,cuml,cuML SPORF,n_features,100,0,3,1470347820,100,100,10,2,10,66,66,10,65,32,33,33,184,5.22826,3,10,88.085,2,65,65,130,141,141,141,1648,130,520
jovo-feature-scale-example,jovo-feature-scale-example,classification,jovo_t7,cuml,cuML SPORF,n_features,100,0,3,1470347820,100,100,10,2,10,67,67,9,57,28,29,29,184,4.81522,2,9,85.033,2,57,57,114,140,140,140,1576,114,456
jovo-feature-scale-example,jovo-feature-scale-example,classification,jovo_t7,cuml,cuML SPORF,n_features,100,0,3,1470347820,100,100,10,2,10,68,68,8,57,28,29,29,184,4.81522,3,8,84.876,2,57,57,114,121,121,121,1424,114,456
jovo-feature-scale-example,jovo-feature-scale-example,classification,jovo_t7,cuml,cuML SPORF,n_features,100,0,3,1470347820,100,100,10,2,10,69,69,8,47,23,24,24,184,4.53261,2,8,73.134,2,47,47,94,103,103,103,1200,94,376
jovo-feature-scale-example,jovo-feature-scale-example,classification,jovo_t7,cuml,cuML SPORF,n_features,100,0,3,1470347820,100,100,10,2,10,70,70,9,69,34,35,35,184,5.8587,3,9,120.573,2,69,69,138,179,179,179,1984,138,552
jovo-feature-scale-example,jovo-feature-scale-example,classification,jovo_t7,cuml,cuML SPORF,n_features,100,0,3,1470347820,100,100,10,2,10,71,71,8,61,30,31,31,184,5.22826,3,8,61.884,2,61,61,122,130,130,130,1528,122,488
jovo-feature-scale-example,jovo-feature-scale-example,classification,jovo_t7,cuml,cuML SPORF,n_features,100,0,3,1470347820,100,100,10,2,10,72,72,8,63,31,32,32,184,5.09783,3,8,83.006,2,63,63,126,139,139,139,1616,126,504
jovo-feature-scale-example,jovo-feature-scale-example,classification,jovo_t7,cuml,cuML SPORF,n_features,100,0,3,1470347820,100,100,10,2,10,73,73,7,55,27,28,28,184,4.93478,2,7,101.077,2,55,55,110,119,119,119,1392,110,440
jovo-feature-scale-example,jovo-feature-scale-example,classification,jovo_t7,cuml,cuML SPORF,n_features,100,0,3,1470347820,100,100,10,2,10,74,74,7,65,32,33,33,184,5.34783,3,7,100.05,2,65,65,130,149,149,149,1712,130,520
jovo-feature-scale-example,jovo-feature-scale-example,classification,jovo_t7,cuml,cuML SPORF,n_features,100,0,3,1470347820,100,100,10,2,10,75,75,6,59,29,30,30,184,4.83696,3,6,68.888,2,59,59,118,128,128,128,1496,118,472
jovo-feature-scale-example,jovo-feature-scale-example,classification,jovo_t7,cuml,cuML SPORF,n_features,100,0,3,1470347820,100,100,10,2,10,76,76,11,65,32,33,33,184,5.66304,3,11,93.06,2,65,65,130,156,156,156,1768,130,520
jovo-feature-scale-example,jovo-feature-scale-example,classification,jovo_t7,cuml,cuML SPORF,n_features,100,0,3,1470347820,100,100,10,2,10,77,77,9,59,29,30,30,184,5.66848,3,9,73.477,2,59,59,118,115,115,115,1392,118,472
jovo-feature-scale-example,jovo-feature-scale-example,classification,jovo_t7,cuml,cuML SPORF,n_features,100,0,3,1470347820,100,100,10,2,10,78,78,9,57,28,29,29,184,5.29348,3,9,84.323,2,57,57,114,124,124,124,1448,114,456
jovo-feature-scale-example,jovo-feature-scale-example,classification,jovo_t7,cuml,cuML SPORF,n_features,100,0,3,1470347820,100,100,10,2,10,79,79,10,67,33,34,34,184,5.55435,3,10,88.041,2,67,67,134,131,131,131,1584,134,536
jovo-feature-scale-example,jovo-feature-scale-example,classification,jovo_t7,cuml,cuML SPORF,n_features,100,0,3,1470347820,100,100,10,2,10,80,80,8,69,34,35,35,184,5.06522,3,8,119.348,2,69,69,138,151,151,151,1760,138,552
jovo-feature-scale-example,jovo-feature-scale-example,classification,jovo_t7,cuml,cuML SPORF,n_features,100,0,3,1470347820,100,100,10,2,10,81,81,8,65,32,33,33,184,5.25543,3,8,71.758,2,65,65,130,159,159,159,1792,130,520
jovo-feature-scale-example,jovo-feature-scale-example,classification,jovo_t7,cuml,cuML SPORF,n_features,100,0,3,1470347820,100,100,10,2,10,82,82,7,51,25,26,26,184,4.57609,2,7,72.081,2,51,51,102,113,113,113,1312,102,408
jovo-feature-scale-example,jovo-feature-scale-example,classification,jovo_t7,cuml,cuML SPORF,n_features,100,0,3,1470347820,100,100,10,2,10,83,83,7,53,26,27,27,184,5.15217,3,7,91.897,2,53,53,106,119,119,119,1376,106,424
jovo-feature-scale-example,jovo-feature-scale-example,classification,jovo_t7,cuml,cuML SPORF,n_features,100,0,3,1470347820,100,100,10,2,10,84,84,9,59,29,30,30,184,5.27717,2,9,94.083,2,59,59,118,114,114,114,1384,118,472
jovo-feature-scale-example,jovo-feature-scale-example,classification,jovo_t7,cuml,cuML SPORF,n_features,100,0,3,1470347820,100,100,10,2,10,85,85,8,63,31,32,32,184,5.28261,3,8,85.642,2,63,63,126,156,156,156,1752,126,504
jovo-feature-scale-example,jovo-feature-scale-example,classification,jovo_t7,cuml,cuML SPORF,n_features,100,0,3,1470347820,100,100,10,2,10,86,86,8,67,33,34,34,184,5.22826,2,8,89.294,2,67,67,134,135,135,135,1616,134,536
jovo-feature-scale-example,jovo-feature-scale-example,classification,jovo_t7,cuml,cuML SPORF,n_features,100,0,3,1470347820,100,100,10,2,10,87,87,7,57,28,29,29,184,5.39674,3,7,73.37,2,57,57,114,139,139,139,1568,114,456
jovo-feature-scale-example,jovo-feature-scale-example,classification,jovo_t7,cuml,cuML SPORF,n_features,100,0,3,1470347820,100,100,10,2,10,88,88,7,49,24,25,25,184,4.7337,2,7,73.742,2,49,49,98,117,117,117,1328,98,392
jovo-feature-scale-example,jovo-feature-scale-example,classification,jovo_t7,cuml,cuML SPORF,n_features,100,0,3,1470347820,100,100,10,2,10,89,89,9,57,28,29,29,184,5.13587,3,9,86.402,2,57,57,114,115,115,115,1376,114,456
jovo-feature-scale-example,jovo-feature-scale-example,classification,jovo_t7,cuml,cuML SPORF,n_features,100,0,3,1470347820,100,100,10,2,10,90,90,8,63,31,32,32,184,5.31522,3,8,119.634,2,63,63,126,126,126,126,1512,126,504
jovo-feature-scale-example,jovo-feature-scale-example,classification,jovo_t7,cuml,cuML SPORF,n_features,100,0,3,1470347820,100,100,10,2,10,91,91,9,67,33,34,34,184,5.32065,3,9,102.517,2,67,67,134,149,149,149,1728,134,536
jovo-feature-scale-example,jovo-feature-scale-example,classification,jovo_t7,cuml,cuML SPORF,n_features,100,0,3,1470347820,100,100,10,2,10,92,92,10,63,31,32,32,184,5.46196,2,10,101.82,2,63,63,126,144,144,144,1656,126,504
jovo-feature-scale-example,jovo-feature-scale-example,classification,jovo_t7,cuml,cuML SPORF,n_features,100,0,3,1470347820,100,100,10,2,10,93,93,7,53,26,27,27,184,5.375,3,7,84.02,2,53,53,106,122,122,122,1400,106,424
jovo-feature-scale-example,jovo-feature-scale-example,classification,jovo_t7,cuml,cuML SPORF,n_features,100,0,3,1470347820,100,100,10,2,10,94,94,9,61,30,31,31,184,5.29891,3,9,97.622,2,61,61,122,132,132,132,1544,122,488
jovo-feature-scale-example,jovo-feature-scale-example,classification,jovo_t7,cuml,cuML SPORF,n_features,100,0,3,1470347820,100,100,10,2,10,95,95,8,59,29,30,30,184,5.40217,3,8,83.151,2,59,59,118,129,129,129,1504,118,472
jovo-feature-scale-example,jovo-feature-scale-example,classification,jovo_t7,cuml,cuML SPORF,n_features,100,0,3,1470347820,100,100,10,2,10,96,96,9,57,28,29,29,184,4.9837,2,9,79.692,2,57,57,114,127,127,127,1472,114,456
jovo-feature-scale-example,jovo-feature-scale-example,classification,jovo_t7,cuml,cuML SPORF,n_features,100,0,3,1470347820,100,100,10,2,10,97,97,7,57,28,29,29,184,4.91304,3,7,64.994,2,57,57,114,120,120,120,1416,114,456
jovo-feature-scale-example,jovo-feature-scale-example,classification,jovo_t7,cuml,cuML SPORF,n_features,100,0,3,1470347820,100,100,10,2,10,98,98,9,59,29,30,30,184,5.40217,2,9,72.333,2,59,59,118,131,131,131,1520,118,472
jovo-feature-scale-example,jovo-feature-scale-example,classification,jovo_t7,cuml,cuML SPORF,n_features,100,0,3,1470347820,100,100,10,2,10,99,99,8,67,33,34,34,184,5.53804,2,8,69.406,2,67,67,134,153,153,153,1760,134,536
jovo-feature-scale-example,jovo-feature-scale-example,classification,jovo_t7,cuml,cuML SPORF,n_features,1000,1,1,1672937952,1000,100,10,2,10,0,0,8,55,27,28,28,184,4.94022,3,8,220.868,2,55,55,110,133,133,133,1504,110,440
jovo-feature-scale-example,jovo-feature-scale-example,classification,jovo_t7,cuml,cuML SPORF,n_features,1000,1,1,1672937952,1000,100,10,2,10,1,1,8,49,24,25,25,184,4.95109,3,8,147.239,2,49,49,98,132,132,132,1448,98,392
jovo-feature-scale-example,jovo-feature-scale-example,classification,jovo_t7,cuml,cuML SPORF,n_features,1000,1,1,1672937952,1000,100,10,2,10,2,2,8,63,31,32,32,184,5.38043,3,8,173.742,2,63,63,126,141,141,141,1632,126,504
jovo-feature-scale-example,jovo-feature-scale-example,classification,jovo_t7,cuml,cuML SPORF,n_features,1000,1,1,1672937952,1000,100,10,2,10,3,3,10,59,29,30,30,184,5.13587,2,10,170.066,2,59,59,118,120,120,120,1432,118,472
jovo-feature-scale-example,jovo-feature-scale-example,classification,jovo_t7,cuml,cuML SPORF,n_features,1000,1,1,1672937952,1000,100,10,2,10,4,4,6,57,28,29,29,184,4.91848,3,6,120.042,2,57,57,114,133,133,133,1520,114,456
jovo-feature-scale-example,jovo-feature-scale-example,classification,jovo_t7,cuml,cuML SPORF,n_features,1000,1,1,1672937952,1000,100,10,2,10,5,5,7,47,23,24,24,184,4.82609,3,7,115.726,2,47,47,94,101,101,101,1184,94,376
jovo-feature-scale-example,jovo-feature-scale-example,classification,jovo_t7,cuml,cuML SPORF,n_features,1000,1,1,1672937952,1000,100,10,2,10,6,6,8,55,27,28,28,184,5.04891,3,8,129.594,2,55,55,110,112,112,112,1336,110,440
jovo-feature-scale-example,jovo-feature-scale-example,classification,jovo_t7,cuml,cuML SPORF,n_features,1000,1,1,1672937952,1000,100,10,2,10,7,7,8,59,29,30,30,184,4.83696,3,8,127.191,2,59,59,118,122,122,122,1448,118,472
jovo-feature-scale-example,jovo-feature-scale-example,classification,jovo_t7,cuml,cuML SPORF,n_features,1000,1,1,1672937952,1000,100,10,2,10,8,8,7,53,26,27,27,184,4.95109,3,7,111.235,2,53,53,106,109,109,109,1296,106,424
jovo-feature-scale-example,jovo-feature-scale-example,classification,jovo_t7,cuml,cuML SPORF,n_features,1000,1,1,1672937952,1000,100,10,2,10,9,9,8,53,26,27,27,184,5.17391,3,8,112.953,2,53,53,106,121,121,121,1392,106,424
jovo-feature-scale-example,jovo-feature-scale-example,classification,jovo_t7,cuml,cuML SPORF,n_features,1000,1,1,1672937952,1000,100,10,2,10,10,10,9,57,28,29,29,184,5.05435,3,9,226.217,2,57,57,114,134,134,134,1528,114,456
jovo-feature-scale-example,jovo-feature-scale-example,classification,jovo_t7,cuml,cuML SPORF,n_features,1000,1,1,1672937952,1000,100,10,2,10,11,11,7,51,25,26,26,184,4.88587,3,7,128.407,2,51,51,102,112,112,112,1304,102,408
jovo-feature-scale-example,jovo-feature-scale-example,classification,jovo_t7,cuml,cuML SPORF,n_features,1000,1,1,1672937952,1000,100,10,2,10,12,12,7,55,27,28,28,184,5.375,3,7,123.064,2,55,55,110,128,128,128,1464,110,440
jovo-feature-scale-example,jovo-feature-scale-example,classification,jovo_t7,cuml,cuML SPORF,n_features,1000,1,1,1672937952,1000,100,10,2,10,13,13,6,47,23,24,24,184,4.70109,3,6,97.53,2,47,47,94,121,121,121,1344,94,376
jovo-feature-scale-example,jovo-feature-scale-example,classification,jovo_t7,cuml,cuML SPORF,n_features,1000,1,1,1672937952,1000,100,10,2,10,14,14,7,49,24,25,25,184,5.01087,3,7,113.539,2,49,49,98,115,115,115,1312,98,392
jovo-feature-scale-example,jovo-feature-scale-example,classification,jovo_t7,cuml,cuML SPORF,n_features,1000,1,1,1672937952,1000,100,10,2,10,15,15,9,65,32,33,33,184,5.125,3,9,158.182,2,65,65,130,150,150,150,1720,130,520
jovo-feature-scale-example,jovo-feature-scale-example,classification,jovo_t7,cuml,cuML SPORF,n_features,1000,1,1,1672937952,1000,100,10,2,10,16,16,7,55,27,28,28,184,4.84239,3,7,132.952,2,55,55,110,115,115,115,1360,110,440
jovo-feature-scale-example,jovo-feature-scale-example,classification,jovo_t7,cuml,cuML SPORF,n_features,1000,1,1,1672937952,1000,100,10,2,10,17,17,7,63,31,32,32,184,4.74457,3,7,102.981,2,63,63,126,155,155,155,1744,126,504
jovo-feature-scale-example,jovo-feature-scale-example,classification,jovo_t7,cuml,cuML SPORF,n_features,1000,1,1,1672937952,1000,100,10,2,10,18,18,9,61,30,31,31,184,5.83152,2,9,174.16,2,61,61,122,120,120,120,1448,122,488
jovo-feature-scale-example,jovo-feature-scale-example,classification,jovo_t7,cuml,cuML SPORF,n_features,1000,1,1,1672937952,1000,100,10,2,10,19,19,9,63,31,32,32,184,5.49457,3,9,128.357,2,63,63,126,142,142,142,1640,126,504
jovo-feature-scale-example,jovo-feature-scale-example,classification,jovo_t7,cuml,cuML SPORF,n_features,1000,1,1,1672937952,1000,100,10,2,10,20,20,7,53,26,27,27,184,4.64674,3,7,185.173,2,53,53,106,114,114,114,1336,106,424
jovo-feature-scale-example,jovo-feature-scale-example,classification,jovo_t7,cuml,cuML SPORF,n_features,1000,1,1,1672937952,1000,100,10,2,10,21,21,8,49,24,25,25,184,4.70109,3,8,146.607,2,49,49,98,117,117,117,1328,98,392
jovo-feature-scale-example,jovo-feature-scale-example,classification,jovo_t7,cuml,cuML SPORF,n_features,1000,1,1,1672937952,1000,100,10,2,10,22,22,9,55,27,28,28,184,5.04348,3,9,166.827,2,55,55,110,129,129,129,1472,110,440
jovo-feature-scale-example,jovo-feature-scale-example,classification,jovo_t7,cuml,cuML SPORF,n_features,1000,1,1,1672937952,1000,100,10,2,10,23,23,9,65,32,33,33,184,5.45109,3,9,178.844,2,65,65,130,143,143,143,1664,130,520
jovo-feature-scale-example,jovo-feature-scale-example,classification,jovo_t7,cuml,cuML SPORF,n_features,1000,1,1,1672937952,1000,100,10,2,10,24,24,8,59,29,30,30,184,4.81522,3,8,159.092,2,59,59,118,143,143,143,1616,118,472
jovo-feature-scale-example,jovo-feature-scale-example,classification,jovo_t7,cuml,cuML SPORF,n_features,1000,1,1,1672937952,1000,100,10,2,10,25,25,7,49,24,25,25,184,4.96739,3,7,123.991,2,49,49,98,117,117,117,1328,98,392
jovo-feature-scale-example,jovo-feature-scale-example,classification,jovo_t7,cuml,cuML SPORF,n_features,1000,1,1,1672937952,1000,100,10,2,10,26,26,8,57,28,29,29,184,4.88587,3,8,126.821,2,57,57,114,108,108,108,1320,114,456
jovo-feature-scale-example,jovo-feature-scale-example,classification,jovo_t7,cuml,cuML SPORF,n_features,1000,1,1,1672937952,1000,100,10,2,10,27,27,8,63,31,32,32,184,5.90761,3,8,139.516,2,63,63,126,146,146,146,1672,126,504
jovo-feature-scale-example,jovo-feature-scale-example,classification,jovo_t7,cuml,cuML SPORF,n_features,1000,1,1,1672937952,1000,100,10,2,10,28,28,8,53,26,27,27,184,4.96739,3,8,124.609,2,53,53,106,121,121,121,1392,106,424
jovo-feature-scale-example,jovo-feature-scale-example,classification,jovo_t7,cuml,cuML SPORF,n_features,1000,1,1,1672937952,1000,100,10,2,10,29,29,7,55,27,28,28,184,5.03261,4,7,82.005,2,55,55,110,130,130,130,1480,110,440
jovo-feature-scale-example,jovo-feature-scale-example,classification,jovo_t7,cuml,cuML SPORF,n_features,1000,1,1,1672937952,1000,100,10,2,10,30,30,8,63,31,32,32,184,5.36957,3,8,214.674,2,63,63,126,137,137,137,1600,126,504
jovo-feature-scale-example,jovo-feature-scale-example,classification,jovo_t7,cuml,cuML SPORF,n_features,1000,1,1,1672937952,1000,100,10,2,10,31,31,7,63,31,32,32,184,4.99457,3,7,179.66,2,63,63,126,138,138,138,1608,126,504
jovo-feature-scale-example,jovo-feature-scale-example,classification,jovo_t7,cuml,cuML SPORF,n_features,1000,1,1,1672937952,1000,100,10,2,10,32,32,8,69,34,35,35,184,5.56522,3,8,139.46,2,69,69,138,157,157,157,1808,138,552
jovo-feature-scale-example,jovo-feature-scale-example,classification,jovo_t7,cuml,cuML SPORF,n_features,1000,1,1,1672937952,1000,100,10,2,10,33,33,9,71,35,36,36,184,6.1087,3,9,142.709,2,71,71,142,144,144,144,1720,142,568
jovo-feature-scale-example,jovo-feature-scale-example,classification,jovo_t7,cuml,cuML SPORF,n_features,1000,1,1,1672937952,1000,100,10,2,10,34,34,7,47,23,24,24,184,4.45109,3,7,129.744,2,47,47,94,102,102,102,1192,94,376
jovo-feature-scale-example,jovo-feature-scale-example,classification,jovo_t7,cuml,cuML SPORF,n_features,1000,1,1,1672937952,1000,100,10,2,10,35,35,8,57,28,29,29,184,5.13043,3,8,129.838,2,57,57,114,133,133,133,1520,114,456
jovo-feature-scale-example,jovo-feature-scale-example,classification,jovo_t7,cuml,cuML SPORF,n_features,1000,1,1,1672937952,1000,100,10,2,10,36,36,9,47,23,24,24,184,5.03261,2,9,123.295,2,47,47,94,103,103,103,1200,94,376
jovo-feature-scale-example,jovo-feature-scale-example,classification,jovo_t7,cuml,cuML SPORF,n_features,1000,1,1,1672937952,1000,100,10,2,10,37,37,8,53,26,27,27,184,4.72283,3,8,130.829,2,53,53,106,105,105,105,1264,106,424
jovo-feature-scale-example,jovo-feature-scale-example,classification,jovo_t7,cuml,cuML SPORF,n_features,1000,1,1,1672937952,1000,100,10,2,10,38,38,7,41,20,21,21,184,4.30978,2,7,124.202,2,41,41,82,97,97,97,1104,82,328
jovo-feature-scale-example,jovo-feature-scale-example,classification,jovo_t7,cuml,cuML SPORF,n_features,1000,1,1,1672937952,1000,100,10,2,10,39,39,8,55,27,28,28,184,4.88043,3,8,103.391,2,55,55,110,126,126,126,1448,110,440
jovo-feature-scale-example,jovo-feature-scale-example,classification,jovo_t7,cuml,cuML SPORF,n_features,1000,1,1,1672937952,1000,100,10,2,10,40,40,11,65,32,33,33,184,6.0163,3,11,279.08,2,65,65,130,133,133,133,1584,130,520
jovo-feature-scale-example,jovo-feature-scale-example,classification,jovo_t7,cuml,cuML SPORF,n_features,1000,1,1,1672937952,1000,100,10,2,10,41,41,8,53,26,27,27,184,5.31522,3,8,155.046,2,53,53,106,121,121,121,1392,106,424
jovo-feature-scale-example,jovo-feature-scale-example,classification,jovo_t7,cuml,cuML SPORF,n_features,1000,1,1,1672937952,1000,100,10,2,10,42,42,9,53,26,27,27,184,5.25,3,9,154.333,2,53,53,106,134,134,134,1496,106,424
jovo-feature-scale-example,jovo-feature-scale-example,classification,jovo_t7,cuml,cuML SPORF,n_features,1000,1,1,1672937952,1000,100,10,2,10,43,43,6,57,28,29,29,184,5.28804,3,6,125.975,2,57,57,114,130,130,130,1496,114,456
jovo-feature-scale-example,jovo-feature-scale-example,classification,jovo_t7,cuml,cuML SPORF,n_features,1000,1,1,1672937952,1000,100,10,2,10,44,44,7,59,29,30,30,184,4.98913,3,7,111.494,2,59,59,118,115,115,115,1392,118,472
jovo-feature-scale-example,jovo-feature-scale-example,classification,jovo_t7,cuml,cuML SPORF,n_features,1000,1,1,1672937952,1000,100,10,2,10,45,45,9,59,29,30,30,184,4.8587,3,9,156.029,2,59,59,118,140,140,140,1592,118,472
jovo-feature-scale-example,jovo-feature-scale-example,classification,jovo_t7,cuml,cuML SPORF,n_features,1000,1,1,1672937952,1000,100,10,2,10,46,46,8,61,30,31,31,184,5.5163,3,8,130.092,2,61,61,122,139,139,139,1600,122,488
jovo-feature-scale-example,jovo-feature-scale-example,classification,jovo_t7,cuml,cuML SPORF,n_features,1000,1,1,1672937952,1000,100,10,2,10,47,47,9,59,29,30,30,184,5.38043,2,9,144.758,2,59,59,118,128,128,128,1496,118,472
jovo-feature-scale-example,jovo-feature-scale-example,classification,jovo_t7,cuml,cuML SPORF,n_features,1000,1,1,1672937952,1000,100,10,2,10,48,48,7,53,26,27,27,184,4.68478,3,7,112.66,2,53,53,106,100,100,100,1224,106,424
jovo-feature-scale-example,jovo-feature-scale-example,classification,jovo_t7,cuml,cuML SPORF,n_features,1000,1,1,1672937952,1000,100,10,2,10,49,49,8,57,28,29,29,184,4.84239,3,8,67.445,2,57,57,114,137,137,137,1552,114,456
jovo-feature-scale-example,jovo-feature-scale-example,classification,jovo_t7,cuml,cuML SPORF,n_features,1000,1,1,1672937952,1000,100,10,2,10,50,50,8,49,24,25,25,184,4.95652,2,8,228.367,2,49,49,98,97,97,97,1168,98,392
jovo-feature-scale-example,jovo-feature-scale-example,classification,jovo_t7,cuml,cuML SPORF,n_features,1000,1,1,1672937952,1000,100,10,2,10,51,51,9,59,29,30,30,184,4.98913,3,9,176.075,2,59,59,118,121,121,121,1440,118,472
jovo-feature-scale-example,jovo-feature-scale-example,classification,jovo_t7,cuml,cuML SPORF,n_features,1000,1,1,1672937952,1000,100,10,2,10,52,52,8,59,29,30,30,184,5.26087,3,8,145.471,2,59,59,118,127,127,127,1488,118,472
jovo-feature-scale-example,jovo-feature-scale-example,classification,jovo_t7,cuml,cuML SPORF,n_features,1000,1,1,1672937952,1000,100,10,2,10,53,53,8,69,34,35,35,184,5.30978,3,8,191.924,2,69,69,138,165,165,165,1872,138,552
jovo-feature-scale-example,jovo-feature-scale-example,classification,jovo_t7,cuml,cuML SPORF,n_features,1000,1,1,1672937952,1000,100,10,2,10,54,54,7,51,25,26,26,184,4.625,3,7,131.396,2,51,51,102,125,125,125,1408,102,408
jovo-feature-scale-example,jovo-feature-scale-example,classification,jovo_t7,cuml,cuML SPORF,n_features,1000,1,1,1672937952,1000,100,10,2,10,55,55,9,67,33,34,34,184,5.61413,2,9,134.694,2,67,67,134,143,143,143,1680,134,536
jovo-feature-scale-example,jovo-feature-scale-example,classification,jovo_t7,cuml,cuML SPORF,n_features,1000,1,1,1672937952,1000,100,10,2,10,56,56,8,59,29,30,30,184,5.22283,3,8,134.523,2,59,59,118,133,133,133,1536,118,472
jovo-feature-scale-example,jovo-feature-scale-example,classification,jovo_t7,cuml,cuML SPORF,n_features,1000,1,1,1672937952,1000,100,10,2,10,57,57,10,65,32,33,33,184,5.3587,2,10,143.928,2,65,65,130,153,153,153,1744,130,520
jovo-feature-scale-example,jovo-feature-scale-example,classification,jovo_t7,cuml,cuML SPORF,n_features,1000,1,1,1672937952,1000,100,10,2,10,58,58,7,55,27,28,28,184,4.73913,3,7,98.184,2,55,55,110,135,135,135,1520,110,440
jovo-feature-scale-example,jovo-feature-scale-example,classification,jovo_t7,cuml,cuML SPORF,n_features,1000,1,1,1672937952,1000,100,10,2,10,59,59,9,55,27,28,28,184,5.0163,2,9,55.774,2,55,55,110,130,130,130,1480,110,440
jovo-feature-scale-example,jovo-feature-scale-example,classification,jovo_t7,cuml,cuML SPORF,n_features,1000,1,1,1672937952,1000,100,10,2,10,60,60,8,61,30,31,31,184,4.88587,3,8,203.164,2,61,61,122,149,149,149,1680,122,488
jovo-feature-scale-example,jovo-feature-scale-example,classification,jovo_t7,cuml,cuML SPORF,n_features,1000,1,1,1672937952,1000,100,10,2,10,61,61,7,59,29,30,30,184,4.86957,3,7,155.028,2,59,59,118,144,144,144,1624,118,472
jovo-feature-scale-example,jovo-feature-scale-example,classification,jovo_t7,cuml,cuML SPORF,n_features,1000,1,1,1672937952,1000,100,10,2,10,62,62,8,57,28,29,29,184,5.11413,2,8,128.327,2,57,57,114,116,116,116,1384,114,456
jovo-feature-scale-example,jovo-feature-scale-example,classification,jovo_t7,cuml,cuML SPORF,n_features,1000,1,1,1672937952,1000,100,10,2,10,63,63,7,51,25,26,26,184,4.54348,3,7,140.023,2,51,51,102,92,92,92,1144,102,408
jovo-feature-scale-example,jovo-feature-scale-example,classification,jovo_t7,cuml,cuML SPORF,n_features,1000,1,1,1672937952,1000,100,10,2,10,64,64,8,53,26,27,27,184,5.27174,3,8,145.013,2,53,53,106,125,125,125,1424,106,424
jovo-feature-scale-example,jovo-feature-scale-example,classification,jovo_t7,cuml,cuML SPORF,n_features,1000,1,1,1672937952,1000,100,10,2,10,65,65,9,71,35,36,36,184,5.44565,3,9,167.075,2,71,71,142,161,161,161,1856,142,568
jovo-feature-scale-example,jovo-feature-scale-example,classification,jovo_t7,cuml,cuML SPORF,n_features,1000,1,1,1672937952,1000,100,10,2,10,66,66,6,49,24,25,25,184,5.0163,3,6,117.902,2,49,49,98,100,100,100,1192,98,392
jovo-feature-scale-example,jovo-feature-scale-example,classification,jovo_t7,cuml,cuML SPORF,n_features,1000,1,1,1672937952,1000,100,10,2,10,67,67,8,63,31,32,32,184,5.54348,3,8,141.272,2,63,63,126,145,145,145,1664,126,504
jovo-feature-scale-example,jovo-feature-scale-example,classification,jovo_t7,cuml,cuML SPORF,n_features,1000,1,1,1672937952,1000,100,10,2,10,68,68,8,67,33,34,34,184,5.71739,3,8,124.437,2,67,67,134,153,153,153,1760,134,536
jovo-feature-scale-example,jovo-feature-scale-example,classification,jovo_t7,cuml,cuML SPORF,n_features,1000,1,1,1672937952,1000,100,10,2,10,69,69,7,59,29,30,30,184,5.41848,3,7,101.155,2,59,59,118,132,132,132,1528,118,472
jovo-feature-scale-example,jovo-feature-scale-example,classification,jovo_t7,cuml,cuML SPORF,n_features,1000,1,1,1672937952,1000,100,10,2,10,70,70,8,55,27,28,28,184,5.0163,3,8,191.758,2,55,55,110,133,133,133,1504,110,440
jovo-feature-scale-example,jovo-feature-scale-example,classification,jovo_t7,cuml,cuML SPORF,n_features,1000,1,1,1672937952,1000,100,10,2,10,71,71,8,63,31,32,32,184,5.44565,3,8,157.519,2,63,63,126,136,136,136,1592,126,504
jovo-feature-scale-example,jovo-feature-scale-example,classification,jovo_t7,cuml,cuML SPORF,n_features,1000,1,1,1672937952,1000,100,10,2,10,72,72,7,57,28,29,29,184,4.8913,3,7,129.904,2,57,57,114,128,128,128,1480,114,456
jovo-feature-scale-example,jovo-feature-scale-example,classification,jovo_t7,cuml,cuML SPORF,n_features,1000,1,1,1672937952,1000,100,10,2,10,73,73,7,59,29,30,30,184,5.70652,3,7,111.419,2,59,59,118,134,134,134,1544,118,472
jovo-feature-scale-example,jovo-feature-scale-example,classification,jovo_t7,cuml,cuML SPORF,n_features,1000,1,1,1672937952,1000,100,10,2,10,74,74,7,59,29,30,30,184,5.15217,3,7,142.173,2,59,59,118,138,138,138,1576,118,472
jovo-feature-scale-example,jovo-feature-scale-example,classification,jovo_t7,cuml,cuML SPORF,n_features,1000,1,1,1672937952,1000,100,10,2,10,75,75,9,63,31,32,32,184,5.59239,2,9,149.776,2,63,63,126,159,159,159,1776,126,504
jovo-feature-scale-example,jovo-feature-scale-example,classification,jovo_t7,cuml,cuML SPORF,n_features,1000,1,1,1672937952,1000,100,10,2,10,76,76,7,53,26,27,27,184,4.70652,3,7,113.136,2,53,53,106,124,124,124,1416,106,424
jovo-feature-scale-example,jovo-feature-scale-example,classification,jovo_t7,cuml,cuML SPORF,n_features,1000,1,1,1672937952,1000,100,10,2,10,77,77,10,57,28,29,29,184,5.39674,3,10,146.723,2,57,57,114,124,124,124,1448,114,456
jovo-feature-scale-example,jovo-feature-scale-example,classification,jovo_t7,cuml,cuML SPORF,n_features,1000,1,1,1672937952,1000,100,10,2,10,78,78,7,53,26,27,27,184,4.72283,3,7,128.858,2,53,53,106,117,117,117,1360,106,424
jovo-feature-scale-example,jovo-feature-scale-example,classification,jovo_t7,cuml,cuML SPORF,n_features,1000,1,1,1672937952,1000,100,10,2,10,79,79,8,57,28,29,29,184,4.92935,3,8,136.481,2,57,57,114,146,146,146,1624,114,456
jovo-feature-scale-example,jovo-feature-scale-example,classification,jovo_t7,cuml,cuML SPORF,n_features,1000,1,1,1672937952,1000,100,10,2,10,80,80,10,59,29,30,30,184,5.66848,3,10,236.531,2,59,59,118,142,142,142,1608,118,472
jovo-feature-scale-example,jovo-feature-scale-example,classification,jovo_t7,cuml,cuML SPORF,n_features,1000,1,1,1672937952,1000,100,10,2,10,81,81,8,51,25,26,26,184,5.27174,3,8,119.237,2,51,51,102,119,119,119,1360,102,408
jovo-feature-scale-example,jovo-feature-scale-example,classification,jovo_t7,cuml,cuML SPORF,n_features,1000,1,1,1672937952,1000,100,10,2,10,82,82,9,55,27,28,28,184,5.49457,3,9,164.779,2,55,55,110,117,117,117,1376,110,440
jovo-feature-scale-example,jovo-feature-scale-example,classification,jovo_t7,cuml,cuML SPORF,n_features,1000,1,1,1672937952,1000,100,10,2,10,83,83,7,53,26,27,27,184,5.02174,2,7,139.287,2,53,53,106,124,124,124,1416,106,424
jovo-feature-scale-example,jovo-feature-scale-example,classification,jovo_t7,cuml,cuML SPORF,n_features,1000,1,1,1672937952,1000,100,10,2,10,84,84,8,55,27,28,28,184,5.26087,3,8,121.965,2,55,55,110,127,127,127,1456,110,440
jovo-feature-scale-example,jovo-feature-scale-example,classification,jovo_t7,cuml,cuML SPORF,n_features,1000,1,1,1672937952,1000,100,10,2,10,85,85,8,63,31,32,32,184,5.29891,4,8,150.452,2,63,63,126,143,143,143,1648,126,504
jovo-feature-scale-example,jovo-feature-scale-example,classification,jovo_t7,cuml,cuML SPORF,n_features,1000,1,1,1672937952,1000,100,10,2,10,86,86,9,55,27,28,28,184,5.1413,2,9,155.619,2,55,55,110,124,124,124,1432,110,440
jovo-feature-scale-example,jovo-feature-scale-example,classification,jovo_t7,cuml,cuML SPORF,n_features,1000,1,1,1672937952,1000,100,10,2,10,87,87,8,57,28,29,29,184,5.70652,3,8,172.683,2,57,57,114,149,149,149,1648,114,456
jovo-feature-scale-example,jovo-feature-scale-example,classification,jovo_t7,cuml,cuML SPORF,n_features,1000,1,1,1672937952,1000,100,10,2,10,88,88,8,65,32,33,33,184,5.5,3,8,119.916,2,65,65,130,146,146,146,1688,130,520
jovo-feature-scale-example,jovo-feature-scale-example,classification,jovo_t7,cuml,cuML SPORF,n_features,1000,1,1,1672937952,1000,100,10,2,10,89,89,8,55,27,28,28,184,5.29348,3,8,59.521,2,55,55,110,149,149,149,1632,110,440
jovo-feature-scale-example,jovo-feature-scale-example,classification,jovo_t7,cuml,cuML SPORF,n_features,1000,1,1,1672937952,1000,100,10,2,10,90,90,9,47,23,24,24,184,5.26087,3,9,185.253,2,47,47,94,95,95,95,1136,94,376
jovo-feature-scale-example,jovo-feature-scale-example,classification,jovo_t7,cuml,cuML SPORF,n_features,1000,1,1,1672937952,1000,100,10,2,10,91,91,8,67,33,34,34,184,5.7337,2,8,216.553,2,67,67,134,154,154,154,1768,134,536
jovo-feature-scale-example,jovo-feature-scale-example,classification,jovo_t7,cuml,cuML SPORF,n_features,1000,1,1,1672937952,1000,100,10,2,10,92,92,7,53,26,27,27,184,4.875,3,7,164.398,2,53,53,106,129,129,129,1456,106,424
jovo-feature-scale-example,jovo-feature-scale-example,classification,jovo_t7,cuml,cuML SPORF,n_features,1000,1,1,1672937952,1000,100,10,2,10,93,93,7,57,28,29,29,184,4.86413,3,7,122.846,2,57,57,114,115,115,115,1376,114,456
jovo-feature-scale-example,jovo-feature-scale-example,classification,jovo_t7,cuml,cuML SPORF,n_features,1000,1,1,1672937952,1000,100,10,2,10,94,94,7,55,27,28,28,184,4.63043,3,7,118.092,2,55,55,110,138,138,138,1544,110,440
jovo-feature-scale-example,jovo-feature-scale-example,classification,jovo_t7,cuml,cuML SPORF,n_features,1000,1,1,1672937952,1000,100,10,2,10,95,95,9,57,28,29,29,184,5.96739,3,9,123.872,2,57,57,114,133,133,133,1520,114,456
jovo-feature-scale-example,jovo-feature-scale-example,classification,jovo_t7,cuml,cuML SPORF,n_features,1000,1,1,1672937952,1000,100,10,2,10,96,96,7,57,28,29,29,184,5.31522,3,7,123.822,2,57,57,114,136,136,136,1544,114,456
jovo-feature-scale-example,jovo-feature-scale-example,classification,jovo_t7,cuml,cuML SPORF,n_features,1000,1,1,1672937952,1000,100,10,2,10,97,97,8,65,32,33,33,184,5.1413,3,8,134.291,2,65,65,130,166,166,166,1848,130,520
jovo-feature-scale-example,jovo-feature-scale-example,classification,jovo_t7,cuml,cuML SPORF,n_features,1000,1,1,1672937952,1000,100,10,2,10,98,98,8,65,32,33,33,184,5.125,3,8,119.279,2,65,65,130,157,157,157,1776,130,520
jovo-feature-scale-example,jovo-feature-scale-example,classification,jovo_t7,cuml,cuML SPORF,n_features,1000,1,1,1672937952,1000,100,10,2,10,99,99,9,53,26,27,27,184,5.21739,2,9,125.245,2,53,53,106,129,129,129,1456,106,424
jovo-feature-scale-example,jovo-feature-scale-example,classification,jovo_t7,cuml,cuML SPORF,n_features,1000,1,2,1280706876,1000,100,10,2,10,0,0,9,61,30,31,31,184,5.20652,2,9,227.669,2,61,61,122,134,134,134,1560,122,488
jovo-feature-scale-example,jovo-feature-scale-example,classification,jovo_t7,cuml,cuML SPORF,n_features,1000,1,2,1280706876,1000,100,10,2,10,1,1,7,63,31,32,32,184,5,3,7,136.892,2,63,63,126,123,123,123,1488,126,504
jovo-feature-scale-example,jovo-feature-scale-example,classification,jovo_t7,cuml,cuML SPORF,n_features,1000,1,2,1280706876,1000,100,10,2,10,2,2,9,61,30,31,31,184,5.13043,3,9,137.228,2,61,61,122,132,132,132,1544,122,488
jovo-feature-scale-example,jovo-feature-scale-example,classification,jovo_t7,cuml,cuML SPORF,n_features,1000,1,2,1280706876,1000,100,10,2,10,3,3,7,53,26,27,27,184,5.11957,3,7,119.172,2,53,53,106,124,124,124,1416,106,424
jovo-feature-scale-example,jovo-feature-scale-example,classification,jovo_t7,cuml,cuML SPORF,n_features,1000,1,2,1280706876,1000,100,10,2,10,4,4,9,69,34,35,35,184,6.11413,3,9,179.701,2,69,69,138,166,166,166,1880,138,552
jovo-feature-scale-example,jovo-feature-scale-example,classification,jovo_t7,cuml,cuML SPORF,n_features,1000,1,2,1280706876,1000,100,10,2,10,5,5,9,59,29,30,30,184,5.45109,2,9,128.362,2,59,59,118,145,145,145,1632,118,472
jovo-feature-scale-example,jovo-feature-scale-example,classification,jovo_t7,cuml,cuML SPORF,n_features,1000,1,2,1280706876,1000,100,10,2,10,6,6,8,51,25,26,26,184,4.72283,2,8,129.333,2,51,51,102,117,117,117,1344,102,408
jovo-feature-scale-example,jovo-feature-scale-example,classification,jovo_t7,cuml,cuML SPORF,n_features,1000,1,2,1280706876,1000,100,10,2,10,7,7,8,59,29,30,30,184,5.49457,3,8,155.612,2,59,59,118,138,138,138,1576,118,472
jovo-feature-scale-example,jovo-feature-scale-example,classification,jovo_t7,cuml,cuML SPORF,n_features,1000,1,2,1280706876,1000,100,10,2,10,8,8,8,57,28,29,29,184,5.1413,3,8,130.786,2,57,57,114,151,151,151,1664,114,456
jovo-feature-scale-example,jovo-feature-scale-example,classification,jovo_t7,cuml,cuML SPORF,n_features,1000,1,2,1280706876,1000,100,10,2,10,9,9,9,67,33,34,34,184,5.5163,3,9,67.074,2,67,67,134,142,142,142,1672,134,536
jovo-feature-scale-example,jovo-feature-scale-example,classification,jovo_t7,cuml,cuML SPORF,n_features,1000,1,2,1280706876,1000,100,10,2,10,10,10,10,63,31,32,32,184,5.57609,3,10,274.535,2,63,63,126,140,140,140,1624,126,504
jovo-feature-scale-example,jovo-feature-scale-example,classification,jovo_t7,cuml,cuML SPORF,n_features,1000,1,2,1280706876,1000,100,10,2,10,11,11,8,53,26,27,27,184,5.33152,3,8,124.764,2,53,53,106,111,111,111,1312,106,424
jovo-feature-scale-example,jovo-feature-scale-example,classification,jovo_t7,cuml,cuML SPORF,n_features,1000,1,2,1280706876,1000,100,10,2,10,12,12,7,59,29,30,30,184,5.22826,3,7,103.88,2,59,59,118,128,128,128,1496,118,472
jovo-feature-scale-example,jovo-feature-scale-example,classification,jovo_t7,cuml,cuML SPORF,n_features,1000,1,2,1280706876,1000,100,10,2,10,13,13,9,61,30,31,31,184,4.8587,3,9,143.979,2,61,61,122,127,127,127,1504,122,488
jovo-feature-scale-example,jovo-feature-scale-example,classification,jovo_t7,cuml,cuML SPORF,n_features,1000,1,2,1280706876,1000,100,10,2,10,14,14,8,61,30,31,31,184,5.16848,3,8,145.532,2,61,61,122,135,135,135,1568,122,488
jovo-feature-scale-example,jovo-feature-scale-example,classification,jovo_t7,cuml,cuML SPORF,n_features,1000,1,2,1280706876,1000,100,10,2,10,15,15,7,61,30,31,31,184,5.10326,3,7,114.205,2,61,61,122,147,147,147,1664,122,488
jovo-feature-scale-example,jovo-feature-scale-example,classification,jovo_t7,cuml,cuML SPORF,n_features,1000,1,2,1280706876,1000,100,10,2,10,16,16,7,57,28,29,29,184,4.82609,2,7,100.829,2,57,57,114,116,116,116,1384,114,456
jovo-feature-scale-example,jovo-feature-scale-example,classification,jovo_t7,cuml,cuML SPORF,n_features,1000,1,2,1280706876,1000,100,10,2,10,17,17,7,65,32,33,33,184,5.2663,3,7,155.578,2,65,65,130,173,173,173,1904,130,520
jovo-feature-scale-example,jovo-feature-scale-example,classification,jovo_t7,cuml,cuML SPORF,n_features,1000,1,2,1280706876,1000,100,10,2,10,18,18,7,55,27,28,28,184,4.82609,3,7,108.307,2,55,55,110,129,129,129,1472,110,440
jovo-feature-scale-example,jovo-feature-scale-example,classification,jovo_t7,cuml,cuML SPORF,n_features,1000,1,2,1280706876,1000,100,10,2,10,19,19,10,51,25,26,26,184,4.71196,2,10,118.525,2,51,51,102,113,113,113,1312,102,408
jovo-feature-scale-example,jovo-feature-scale-example,classification,jovo_t7,cuml,cuML SPORF,n_features,1000,1,2,1280706876,1000,100,10,2,10,20,20,8,49,24,25,25,184,4.90761,3,8,201.661,2,49,49,98,111,111,111,1280,98,392
jovo-feature-scale-example,jovo-feature-scale-example,classification,jovo_t7,cuml,cuML SPORF,n_features,1000,1,2,1280706876,1000,100,10,2,10,21,21,9,71,35,36,36,184,5.625,3,9,181.449,2,71,71,142,165,165,165,1888,142,568
jovo-feature-scale-example,jovo-feature-scale-example,classification,jovo_t7,cuml,cuML SPORF,n_features,1000,1,2,1280706876,1000,100,10,2,10,22,22,7,53,26,27,27,184,5.16848,2,7,111.578,2,53,53,106,114,114,114,1336,106,424
jovo-feature-scale-example,jovo-feature-scale-example,classification,jovo_t7,cuml,cuML SPORF,n_features,1000,1,2,1280706876,1000,100,10,2,10,23,23,8,61,30,31,31,184,5.0163,3,8,140.23,2,61,61,122,145,145,145,1648,122,488
jovo-feature-scale-example,jovo-feature-scale-example,classification,jovo_t7,cuml,cuML SPORF,n_features,1000,1,2,1280706876,1000,100,10,2,10,24,24,8,55,27,28,28,184,5.1413,3,8,118.97,2,55,55,110,116,116,116,1368,110,440
jovo-feature-scale-example,jovo-feature-scale-example,classification,jovo_t7,cuml,cuML SPORF,n_features,1000,1,2,1280706876,1000,100,10,2,10,25,25,8,57,28,29,29,184,5.16848,3,8,129.87,2,57,57,114,113,113,113,1360,114,456
jovo-feature-scale-example,jovo-feature-scale-example,classification,jovo_t7,cuml,cuML SPORF,n_features,1000,1,2,1280706876,1000,100,10,2,10,26,26,7,61,30,31,31,184,5.07065,3,7,113.054,2,61,61,122,135,135,135,1568,122,488
jovo-feature-scale-example,jovo-feature-scale-example,classification,jovo_t7,cuml,cuML SPORF,n_features,1000,1,2,1280706876,1000,100,10,2,10,27,27,8,65,32,33,33,184,5.54891,4,8,157.892,2,65,65,130,170,170,170,1880,130,520
jovo-feature-scale-example,jovo-feature-scale-example,classification,jovo_t7,cuml,cuML SPORF,n_features,1000,1,2,1280706876,1000,100,10,2,10,28,28,8,73,36,37,37,184,5.2663,3,8,155.486,2,73,73,146,163,163,163,1888,146,584
jovo-feature-scale-example,jovo-feature-scale-example,classification,jovo_t7,cuml,cuML SPORF,n_features,1000,1,2,1280706876,1000,100,10,2,10,29,29,12,81,40,41,41,184,5.8913,3,12,99.115,2,81,81,162,174,174,174,2040,162,648
jovo-feature-scale-example,jovo-feature-scale-example,classification,jovo_t7,cuml,cuML SPORF,n_features,1000,1,2,1280706876,1000,100,10,2,10,30,30,8,53,26,27,27,184,4.72826,3,8,184.377,2,53,53,106,126,126,126,1432,106,424
jovo-feature-scale-example,jovo-feature-scale-example,classification,jovo_t7,cuml,cuML SPORF,n_features,1000,1,2,1280706876,1000,100,10,2,10,31,31,8,67,33,34,34,184,5.77717,3,8,157.179,2,67,67,134,142,142,142,1672,134,536
jovo-feature-scale-example,jovo-feature-scale-example,classification,jovo_t7,cuml,cuML SPORF,n_features,1000,1,2,1280706876,1000,100,10,2,10,32,32,9,63,31,32,32,184,5.26087,3,9,186.246,2,63,63,126,133,133,133,1568,126,504
jovo-feature-scale-example,jovo-feature-scale-example,classification,jovo_t7,cuml,cuML SPORF,n_features,1000,1,2,1280706876,1000,100,10,2,10,33,33,8,63,31,32,32,184,5.2337,3,8,125.732,2,63,63,126,131,131,131,1552,126,504
jovo-feature-scale-example,jovo-feature-scale-example,classification,jovo_t7,cuml,cuML SPORF,n_features,1000,1,2,1280706876,1000,100,10,2,10,34,34,8,55,27,28,28,184,4.71739,2,8,140.629,2,55,55,110,120,120,120,1400,110,440
jovo-feature-scale-example,jovo-feature-scale-example,classification,jovo_t7,cuml,cuML SPORF,n_features,1000,1,2,1280706876,1000,100,10,2,10,35,35,9,57,28,29,29,184,5.40217,3,9,122.754,2,57,57,114,120,120,120,1416,114,456
jovo-feature-scale-example,jovo-feature-scale-example,classification,jovo_t7,cuml,cuML SPORF,n_features,1000,1,2,1280706876,1000,100,10,2,10,36,36,7,59,29,30,30,184,5.02717,3,7,111.153,2,59,59,118,127,127,127,1488,118,472
jovo-feature-scale-example,jovo-feature-scale-example,classification,jovo_t7,cuml,cuML SPORF,n_features,1000,1,2,1280706876,1000,100,10,2,10,37,37,9,63,31,32,32,184,5.79891,3,9,140.659,2,63,63,126,134,134,134,1576,126,504
jovo-feature-scale-example,jovo-feature-scale-example,classification,jovo_t7,cuml,cuML SPORF,n_features,1000,1,2,1280706876,1000,100,10,2,10,38,38,8,57,28,29,29,184,5.15761,3,8,137.797,2,57,57,114,130,130,130,1496,114,456
jovo-feature-scale-example,jovo-feature-scale-example,classification,jovo_t7,cuml,cuML SPORF,n_features,1000,1,2,1280706876,1000,100,10,2,10,39,39,10,61,30,31,31,184,5.80978,3,10,100.15,2,61,61,122,134,134,134,1560,122,488
jovo-feature-scale-example,jovo-feature-scale-example,classification,jovo_t7,cuml,cuML SPORF,n_features,1000,1,2,1280706876,1000,100,10,2,10,40,40,6,49,24,25,25,184,4.73913,3,6,162.529,2,49,49,98,104,104,104,1224,98,392
jovo-feature-scale-example,jovo-feature-scale-example,classification,jovo_t7,cuml,cuML SPORF,n_features,1000,1,2,1280706876,1000,100,10,2,10,41,41,8,63,31,32,32,184,5.36957,3,8,127.42,2,63,63,126,142,142,142,1640,126,504
jovo-feature-scale-example,jovo-feature-scale-example,classification,jovo_t7,cuml,cuML SPORF,n_features,1000,1,2,1280706876,1000,100,10,2,10,42,42,8,49,24,25,25,184,4.51087,3,8,119.203,2,49,49,98,132,132,132,1448,98,392
jovo-feature-scale-example,jovo-feature-scale-example,classification,jovo_t7,cuml,cuML SPORF,n_features,1000,1,2,1280706876,1000,100,10,2,10,43,43,10,65,32,33,33,184,6.30435,3,10,224.854,2,65,65,130,159,159,159,1792,130,520
jovo-feature-scale-example,jovo-feature-scale-example,classification,jovo_t7,cuml,cuML SPORF,n_features,1000,1,2,1280706876,1000,100,10,2,10,44,44,7,53,26,27,27,184,5.66848,3,7,113.689,2,53,53,106,112,112,112,1320,106,424
jovo-feature-scale-example,jovo-feature-scale-example,classification,jovo_t7,cuml,cuML SPORF,n_features,1000,1,2,1280706876,1000,100,10,2,10,45,45,8,61,30,31,31,184,5.21196,2,8,134.599,2,61,61,122,139,139,139,1600,122,488
jovo-feature-scale-example,jovo-feature-scale-example,classification,jovo_t7,cuml,cuML SPORF,n_features,1000,1,2,1280706876,1000,100,10,2,10,46,46,6,47,23,24,24,184,4.80435,2,6,76.51,2,47,47,94,129,129,129,1408,94,376
jovo-feature-scale-example,jovo-feature-scale-example,classification,jovo_t7,cuml,cuML SPORF,n_features,1000,1,2,1280706876,1000,100,10,2,10,47,47,7,49,24,25,25,184,4.53804,2,7,128.361,2,49,49,98,111,111,111,1280,98,392
jovo-feature-scale-example,jovo-feature-scale-example,classification,jovo_t7,cuml,cuML SPORF,n_features,1000,1,2,1280706876,1000,100,10,2,10,48,48,10,59,29,30,30,184,5.03804,3,10,149.789,2,59,59,118,142,142,142,1608,118,472
jovo-feature-scale-example,jovo-feature-scale-example,classification,jovo_t7,cuml,cuML SPORF,n_features,1000,1,2,1280706876,1000,100,10,2,10,49,49,8,53,26,27,27,184,5.30978,3,8,111.274,2,53,53,106,124,124,124,1416,106,424
jovo-feature-scale-example,jovo-feature-scale-example,classification,jovo_t7,cuml,cuML SPORF,n_features,1000,1,2,1280706876,1000,100,10,2,10,50,50,9,57,28,29,29,184,5.20109,2,9,227.062,2,57,57,114,127,127,127,1472,114,456
jovo-feature-scale-example,jovo-feature-scale-example,classification,jovo_t7,cuml,cuML SPORF,n_features,1000,1,2,1280706876,1000,100,10,2,10,51,51,8,45,22,23,23,184,4.60326,2,8,122.93,2,45,45,90,107,107,107,1216,90,360
jovo-feature-scale-example,jovo-feature-scale-example,classification,jovo_t7,cuml,cuML SPORF,n_features,1000,1,2,1280706876,1000,100,10,2,10,52,52,7,63,31,32,32,184,5.15761,3,7,127.793,2,63,63,126,137,137,137,1600,126,504
jovo-feature-scale-example,jovo-feature-scale-example,classification,jovo_t7,cuml,cuML SPORF,n_features,1000,1,2,1280706876,1000,100,10,2,10,53,53,8,61,30,31,31,184,5.67391,2,8,138.093,2,61,61,122,127,127,127,1504,122,488
jovo-feature-scale-example,jovo-feature-scale-example,classification,jovo_t7,cuml,cuML SPORF,n_features,1000,1,2,1280706876,1000,100,10,2,10,54,54,8,61,30,31,31,184,5.64674,3,8,132.599,2,61,61,122,146,146,146,1656,122,488
jovo-feature-scale-example,jovo-feature-scale-example,classification,jovo_t7,cuml,cuML SPORF,n_features,1000,1,2,1280706876,1000,100,10,2,10,55,55,8,53,26,27,27,184,5.04891,3,8,138.09,2,53,53,106,150,150,150,1624,106,424
jovo-feature-scale-example,jovo-feature-scale-example,classification,jovo_t7,cuml,cuML SPORF,n_features,1000,1,2,1280706876,1000,100,10,2,10,56,56,7,57,28,29,29,184,5.41848,3,7,117.986,2,57,57,114,134,134,134,1528,114,456
jovo-feature-scale-example,jovo-feature-scale-example,classification,jovo_t7,cuml,cuML SPORF,n_features,1000,1,2,1280706876,1000,100,10,2,10,57,57,8,69,34,35,35,184,5.41848,2,8,157.201,2,69,69,138,168,168,168,1896,138,552
jovo-feature-scale-example,jovo-feature-scale-example,classification,jovo_t7,cuml,cuML SPORF,n_features,1000,1,2,1280706876,1000,100,10,2,10,58,58,7,61,30,31,31,184,5.40217,3,7,108.094,2,61,61,122,158,158,158,1752,122,488
jovo-feature-scale-example,jovo-feature-scale-example,classification,jovo_t7,cuml,cuML SPORF,n_features,1000,1,2,1280706876,1000,100,10,2,10,59,59,9,59,29,30,30,184,5.54891,3,9,117.03,2,59,59,118,140,140,140,1592,118,472
jovo-feature-scale-example,jovo-feature-scale-example,classification,jovo_t7,cuml,cuML SPORF,n_features,1000,1,2,1280706876,1000,100,10,2,10,60,60,7,65,32,33,33,184,5.26087,3,7,194.474,2,65,65,130,159,159,159,1792,130,520
jovo-feature-scale-example,jovo-feature-scale-example,classification,jovo_t7,cuml,cuML SPORF,n_features,1000,1,2,1280706876,1000,100,10,2,10,61,61,7,59,29,30,30,184,5.27174,3,7,122.275,2,59,59,118,126,126,126,1480,118,472
jovo-feature-scale-example,jovo-feature-scale-example,classification,jovo_t7,cuml,cuML SPORF,n_features,1000,1,2,1280706876,1000,100,10,2,10,62,62,9,59,29,30,30,184,4.95109,2,9,140.377,2,59,59,118,129,129,129,1504,118,472
jovo-feature-scale-example,jovo-feature-scale-example,classification,jovo_t7,cuml,cuML SPORF,n_features,1000,1,2,1280706876,1000,100,10,2,10,63,63,9,61,30,31,31,184,5.2663,3,9,134.905,2,61,61,122,143,143,143,1632,122,488
jovo-feature-scale-example,jovo-feature-scale-example,classification,jovo_t7,cuml,cuML SPORF,n_features,1000,1,2,1280706876,1000,100,10,2,10,64,64,7,55,27,28,28,184,4.94565,3,7,121.369,2,55,55,110,112,112,112,1336,110,440
jovo-feature-scale-example,jovo-feature-scale-example,classification,jovo_t7,cuml,cuML SPORF,n_features,1000,1,2,1280706876,1000,100,10,2,10,65,65,8,67,33,34,34,184,5.8913,3,8,134.955,2,67,67,134,151,151,151,1744,134,536
jovo-feature-scale-example,jovo-feature-scale-example,classification,jovo_t7,cuml,cuML SPORF,n_features,1000,1,2,1280706876,1000,100,10,2,10,66,66,8,53,26,27,27,184,4.86957,3,8,89.191,2,53,53,106,95,95,95,1184,106,424
jovo-feature-scale-example,jovo-feature-scale-example,classification,jovo_t7,cuml,cuML SPORF,n_features,1000,1,2,1280706876,1000,100,10,2,10,67,67,9,65,32,33,33,184,5.72283,3,9,127.865,2,65,65,130,151,151,151,1728,130,520
jovo-feature-scale-example,jovo-feature-scale-example,classification,jovo_t7,cuml,cuML SPORF,n_features,1000,1,2,1280706876,1000,100,10,2,10,68,68,7,57,28,29,29,184,5.29891,3,7,121.236,2,57,57,114,135,135,135,1536,114,456
jovo-feature-scale-example,jovo-feature-scale-example,classification,jovo_t7,cuml,cuML SPORF,n_features,1000,1,2,1280706876,1000,100,10,2,10,69,69,7,55,27,28,28,184,5.53261,3,7,108.858,2,55,55,110,139,139,139,1552,110,440
jovo-feature-scale-example,jovo-feature-scale-example,classification,jovo_t7,cuml,cuML SPORF,n_features,1000,1,2,1280706876,1000,100,10,2,10,70,70,10,63,31,32,32,184,5.28804,4,10,266.217,2,63,63,126,147,147,147,1680,126,504
jovo-feature-scale-example,jovo-feature-scale-example,classification,jovo_t7,cuml,cuML SPORF,n_features,1000,1,2,1280706876,1000,100,10,2,10,71,71,8,63,31,32,32,184,5.40217,3,8,126.058,2,63,63,126,149,149,149,1696,126,504
jovo-feature-scale-example,jovo-feature-scale-example,classification,jovo_t7,cuml,cuML SPORF,n_features,1000,1,2,1280706876,1000,100,10,2,10,72,72,7,57,28,29,29,184,4.73913,2,7,130.874,2,57,57,114,137,137,137,1552,114,456
jovo-feature-scale-example,jovo-feature-scale-example,classification,jovo_t7,cuml,cuML SPORF,n_features,1000,1,2,1280706876,1000,100,10,2,10,73,73,10,59,29,30,30,184,5.26087,3,10,162.93,2,59,59,118,139,139,139,1584,118,472
jovo-feature-scale-example,jovo-feature-scale-example,classification,jovo_t7,cuml,cuML SPORF,n_features,1000,1,2,1280706876,1000,100,10,2,10,74,74,7,65,32,33,33,184,5.22283,3,7,123.064,2,65,65,130,154,154,154,1752,130,520
jovo-feature-scale-example,jovo-feature-scale-example,classification,jovo_t7,cuml,cuML SPORF,n_features,1000,1,2,1280706876,1000,100,10,2,10,75,75,8,57,28,29,29,184,5.21196,3,8,121.388,2,57,57,114,146,146,146,1624,114,456
jovo-feature-scale-example,jovo-feature-scale-example,classification,jovo_t7,cuml,cuML SPORF,n_features,1000,1,2,1280706876,1000,100,10,2,10,76,76,8,69,34,35,35,184,5.89674,3,8,129.599,2,69,69,138,149,149,149,1744,138,552
jovo-feature-scale-example,jovo-feature-scale-example,classification,jovo_t7,cuml,cuML SPORF,n_features,1000,1,2,1280706876,1000,100,10,2,10,77,77,9,61,30,31,31,184,5.83696,3,9,133.064,2,61,61,122,152,152,152,1704,122,488
jovo-feature-scale-example,jovo-feature-scale-example,classification,jovo_t7,cuml,cuML SPORF,n_features,1000,1,2,1280706876,1000,100,10,2,10,78,78,9,51,25,26,26,184,4.97826,3,9,128.041,2,51,51,102,111,111,111,1296,102,408
jovo-feature-scale-example,jovo-feature-scale-example,classification,jovo_t7,cuml,cuML SPORF,n_features,1000,1,2,1280706876,1000,100,10,2,10,79,79,9,59,29,30,30,184,5.91304,2,9,87.833,2,59,59,118,131,131,131,1520,118,472
jovo-feature-scale-example,jovo-feature-scale-example,classification,jovo_t7,cuml,cuML SPORF,n_features,1000,1,2,1280706876,1000,100,10,2,10,80,80,7,53,26,27,27,184,4.90217,3,7,176.368,2,53,53,106,118,118,118,1368,106,424
jovo-feature-scale-example,jovo-feature-scale-example,classification,jovo_t7,cuml,cuML SPORF,n_features,1000,1,2,1280706876,1000,100,10,2,10,81,81,12,61,30,31,31,184,5.52174,3,12,228.24,2,61,61,122,146,146,146,1656,122,488
jovo-feature-scale-example,jovo-feature-scale-example,classification,jovo_t7,cuml,cuML SPORF,n_features,1000,1,2,1280706876,1000,100,10,2,10,82,82,8,57,28,29,29,184,5.17391,2,8,141.789,2,57,57,114,136,136,136,1544,114,456
jovo-feature-scale-example,jovo-feature-scale-example,classification,jovo_t7,cuml,cuML SPORF,n_features,1000,1,2,1280706876,1000,100,10,2,10,83,83,8,67,33,34,34,184,5.52174,3,8,156.847,2,67,67,134,151,151,151,1744,134,536
jovo-feature-scale-example,jovo-feature-scale-example,classification,jovo_t7,cuml,cuML SPORF,n_features,1000,1,2,1280706876,1000,100,10,2,10,84,84,9,59,29,30,30,184,6.16304,3,9,129.325,2,59,59,118,134,134,134,1544,118,472
jovo-feature-scale-example,jovo-feature-scale-example,classification,jovo_t7,cuml,cuML SPORF,n_features,1000,1,2,1280706876,1000,100,10,2,10,85,85,10,59,29,30,30,184,5.40217,3,10,133.852,2,59,59,118,124,124,124,1464,118,472
jovo-feature-scale-example,jovo-feature-scale-example,classification,jovo_t7,cuml,cuML SPORF,n_features,1000,1,2,1280706876,1000,100,10,2,10,86,86,8,63,31,32,32,184,5.42935,2,8,150.524,2,63,63,126,152,152,152,1720,126,504
jovo-feature-scale-example,jovo-feature-scale-example,classification,jovo_t7,cuml,cuML SPORF,n_features,1000,1,2,1280706876,1000,100,10,2,10,87,87,8,57,28,29,29,184,4.79348,3,8,105.883,2,57,57,114,121,121,121,1424,114,456
jovo-feature-scale-example,jovo-feature-scale-example,classification,jovo_t7,cuml,cuML SPORF,n_features,1000,1,2,1280706876,1000,100,10,2,10,88,88,9,67,33,34,34,184,5.1413,3,9,120.169,2,67,67,134,155,155,155,1776,134,536
jovo-feature-scale-example,jovo-feature-scale-example,classification,jovo_t7,cuml,cuML SPORF,n_features,1000,1,2,1280706876,1000,100,10,2,10,89,89,8,55,27,28,28,184,4.83696,4,8,63.98,2,55,55,110,131,131,131,1488,110,440
jovo-feature-scale-example,jovo-feature-scale-example,classification,jovo_t7,cuml,cuML SPORF,n_features,1000,1,2,1280706876,1000,100,10,2,10,90,90,8,59,29,30,30,184,5.08696,3,8,227.754,2,59,59,118,136,136,136,1560,118,472
jovo-feature-scale-example,jovo-feature-scale-example,classification,jovo_t7,cuml,cuML SPORF,n_features,1000,1,2,1280706876,1000,100,10,2,10,91,91,8,63,31,32,32,184,5.57065,3,8,189.08,2,63,63,126,132,132,132,1560,126,504
jovo-feature-scale-example,jovo-feature-scale-example,classification,jovo_t7,cuml,cuML SPORF,n_features,1000,1,2,1280706876,1000,100,10,2,10,92,92,8,57,28,29,29,184,4.71196,3,8,137.326,2,57,57,114,108,108,108,1320,114,456
jovo-feature-scale-example,jovo-feature-scale-example,classification,jovo_t7,cuml,cuML SPORF,n_features,1000,1,2,1280706876,1000,100,10,2,10,93,93,8,69,34,35,35,184,5.51087,3,8,135.461,2,69,69,138,138,138,138,1656,138,552
jovo-feature-scale-example,jovo-feature-scale-example,classification,jovo_t7,cuml,cuML SPORF,n_features,1000,1,2,1280706876,1000,100,10,2,10,94,94,9,55,27,28,28,184,5.29348,2,9,136.107,2,55,55,110,127,127,127,1456,110,440
jovo-feature-scale-example,jovo-feature-scale-example,classification,jovo_t7,cuml,cuML SPORF,n_features,1000,1,2,1280706876,1000,100,10,2,10,95,95,7,45,22,23,23,184,4.30978,3,7,98.673,2,45,45,90,98,98,98,1144,90,360
jovo-feature-scale-example,jovo-feature-scale-example,classification,jovo_t7,cuml,cuML SPORF,n_features,1000,1,2,1280706876,1000,100,10,2,10,96,96,9,61,30,31,31,184,5.875,3,9,127.531,2,61,61,122,138,138,138,1592,122,488
jovo-feature-scale-example,jovo-feature-scale-example,classification,jovo_t7,cuml,cuML SPORF,n_features,1000,1,2,1280706876,1000,100,10,2,10,97,97,8,57,28,29,29,184,5.11957,3,8,119.885,2,57,57,114,117,117,117,1392,114,456
jovo-feature-scale-example,jovo-feature-scale-example,classification,jovo_t7,cuml,cuML SPORF,n_features,1000,1,2,1280706876,1000,100,10,2,10,98,98,10,57,28,29,29,184,5.74457,2,10,156.173,2,57,57,114,132,132,132,1512,114,456
jovo-feature-scale-example,jovo-feature-scale-example,classification,jovo_t7,cuml,cuML SPORF,n_features,1000,1,2,1280706876,1000,100,10,2,10,99,99,6,51,25,26,26,184,4.7663,3,6,75.95,2,51,51,102,124,124,124,1400,102,408
jovo-feature-scale-example,jovo-feature-scale-example,classification,jovo_t7,cuml,cuML SPORF,n_features,1000,1,3,1470347820,1000,100,10,2,10,0,0,10,59,29,30,30,184,5.66848,2,10,241.82,2,59,59,118,147,147,147,1648,118,472
jovo-feature-scale-example,jovo-feature-scale-example,classification,jovo_t7,cuml,cuML SPORF,n_features,1000,1,3,1470347820,1000,100,10,2,10,1,1,8,53,26,27,27,184,5.15217,3,8,182.08,2,53,53,106,116,116,116,1352,106,424
jovo-feature-scale-example,jovo-feature-scale-example,classification,jovo_t7,cuml,cuML SPORF,n_features,1000,1,3,1470347820,1000,100,10,2,10,2,2,10,59,29,30,30,184,5.40761,3,10,152.649,2,59,59,118,150,150,150,1672,118,472
jovo-feature-scale-example,jovo-feature-scale-example,classification,jovo_t7,cuml,cuML SPORF,n_features,1000,1,3,1470347820,1000,100,10,2,10,3,3,8,57,28,29,29,184,5.7337,3,8,137.444,2,57,57,114,114,114,114,1368,114,456
jovo-feature-scale-example,jovo-feature-scale-example,classification,jovo_t7,cuml,cuML SPORF,n_features,1000,1,3,1470347820,1000,100,10,2,10,4,4,7,57,28,29,29,184,4.96739,3,7,122.585,2,57,57,114,138,138,138,1560,114,456
jovo-feature-scale-example,jovo-feature-scale-example,classification,jovo_t7,cuml,cuML SPORF,n_features,1000,1,3,1470347820,1000,100,10,2,10,5,5,8,65,32,33,33,184,5.16304,4,8,145.476,2,65,65,130,150,150,150,1720,130,520
jovo-feature-scale-example,jovo-feature-scale-example,classification,jovo_t7,cuml,cuML SPORF,n_features,1000,1,3,1470347820,1000,100,10,2,10,6,6,8,59,29,30,30,184,5.5,3,8,131.745,2,59,59,118,104,104,104,1304,118,472
jovo-feature-scale-example,jovo-feature-scale-example,classification,jovo_t7,cuml,cuML SPORF,n_features,1000,1,3,1470347820,1000,100,10,2,10,7,7,10,55,27,28,28,184,5.36957,3,10,163.485,2,55,55,110,116,116,116,1368,110,440
jovo-feature-scale-example,jovo-feature-scale-example,classification,jovo_t7,cuml,cuML SPORF,n_features,1000,1,3,1470347820,1000,100,10,2,10,8,8,7,61,30,31,31,184,4.7663,3,7,115.625,2,61,61,122,117,117,117,1424,122,488
jovo-feature-scale-example,jovo-feature-scale-example,classification,jovo_t7,cuml,cuML SPORF,n_features,1000,1,3,1470347820,1000,100,10,2,10,9,9,9,65,32,33,33,184,5.11957,3,9,52.102,2,65,65,130,145,145,145,1680,130,520
jovo-feature-scale-example,jovo-feature-scale-example,classification,jovo_t7,cuml,cuML SPORF,n_features,1000,1,3,1470347820,1000,100,10,2,10,10,10,8,59,29,30,30,184,5.31522,2,8,189.386,2,59,59,118,142,142,142,1608,118,472
jovo-feature-scale-example,jovo-feature-scale-example,classification,jovo_t7,cuml,cuML SPORF,n_features,1000,1,3,1470347820,1000,100,10,2,10,11,11,7,59,29,30,30,184,5.07065,3,7,107.647,2,59,59,118,137,137,137,1568,118,472
jovo-feature-scale-example,jovo-feature-scale-example,classification,jovo_t7,cuml,cuML SPORF,n_features,1000,1,3,1470347820,1000,100,10,2,10,12,12,8,53,26,27,27,184,5.21196,2,8,115.159,2,53,53,106,132,132,132,1480,106,424
jovo-feature-scale-example,jovo-feature-scale-example,classification,jovo_t7,cuml,cuML SPORF,n_features,1000,1,3,1470347820,1000,100,10,2,10,13,13,7,59,29,30,30,184,5.71739,3,7,133.31,2,59,59,118,134,134,134,1544,118,472
jovo-feature-scale-example,jovo-feature-scale-example,classification,jovo_t7,cuml,cuML SPORF,n_features,1000,1,3,1470347820,1000,100,10,2,10,14,14,7,61,30,31,31,184,5.53804,4,7,111.567,2,61,61,122,123,123,123,1472,122,488
jovo-feature-scale-example,jovo-feature-scale-example,classification,jovo_t7,cuml,cuML SPORF,n_features,1000,1,3,1470347820,1000,100,10,2,10,15,15,10,57,28,29,29,184,5.5,3,10,144.647,2,57,57,114,129,129,129,1488,114,456
jovo-feature-scale-example,jovo-feature-scale-example,classification,jovo_t7,cuml,cuML SPORF,n_features,1000,1,3,1470347820,1000,100,10,2,10,16,16,9,59,29,30,30,184,4.95652,2,9,142.026,2,59,59,118,120,120,120,1432,118,472
jovo-feature-scale-example,jovo-feature-scale-example,classification,jovo_t7,cuml,cuML SPORF,n_features,1000,1,3,1470347820,1000,100,10,2,10,17,17,8,67,33,34,34,184,6.1087,3,8,145.687,2,67,67,134,159,159,159,1808,134,536
jovo-feature-scale-example,jovo-feature-scale-example,classification,jovo_t7,cuml,cuML SPORF,n_features,1000,1,3,1470347820,1000,100,10,2,10,18,18,9,61,30,31,31,184,5.44022,3,9,148.051,2,61,61,122,131,131,131,1536,122,488
jovo-feature-scale-example,jovo-feature-scale-example,classification,jovo_t7,cuml,cuML SPORF,n_features,1000,1,3,1470347820,1000,100,10,2,10,19,19,8,53,26,27,27,184,4.8913,3,8,123.345,2,53,53,106,126,126,126,1432,106,424
jovo-feature-scale-example,jovo-feature-scale-example,classification,jovo_t7,cuml,cuML SPORF,n_features,1000,1,3,1470347820,1000,100,10,2,10,20,20,9,59,29,30,30,184,5.5,3,9,201.306,2,59,59,118,128,128,128,1496,118,472
jovo-feature-scale-example,jovo-feature-scale-example,classification,jovo_t7,cuml,cuML SPORF,n_features,1000,1,3,1470347820,1000,100,10,2,10,21,21,8,55,27,28,28,184,4.82609,3,8,144.187,2,55,55,110,117,117,117,1376,110,440
jovo-feature-scale-example,jovo-feature-scale-example,classification,jovo_t7,cuml,cuML SPORF,n_features,1000,1,3,1470347820,1000,100,10,2,10,22,22,9,51,25,26,26,184,5.53804,3,9,143.348,2,51,51,102,125,125,125,1408,102,408
jovo-feature-scale-example,jovo-feature-scale-example,classification,jovo_t7,cuml,cuML SPORF,n_features,1000,1,3,1470347820,1000,100,10,2,10,23,23,8,67,33,34,34,184,5.38587,3,8,174.389,2,67,67,134,154,154,154,1768,134,536
jovo-feature-scale-example,jovo-feature-scale-example,classification,jovo_t7,cuml,cuML SPORF,n_features,1000,1,3,1470347820,1000,100,10,2,10,24,24,8,65,32,33,33,184,5.97283,2,8,126.288,2,65,65,130,155,155,155,1760,130,520
jovo-feature-scale-example,jovo-feature-scale-example,classification,jovo_t7,cuml,cuML SPORF,n_features,1000,1,3,1470347820,1000,100,10,2,10,25,25,7,65,32,33,33,184,5.2663,3,7,150.154,2,65,65,130,140,140,140,1640,130,520
jovo-feature-scale-example,jovo-feature-scale-example,classification,jovo_t7,cuml,cuML SPORF,n_features,1000,1,3,1470347820,1000,100,10,2,10,26,26,6,41,20,21,21,184,4.95652,3,6,112.205,2,41,41,82,96,96,96,1096,82,328
jovo-feature-scale-example,jovo-feature-scale-example,classification,jovo_t7,cuml,cuML SPORF,n_features,1000,1,3,1470347820,1000,100,10,2,10,27,27,8,61,30,31,31,184,5.59783,3,8,108.757,2,61,61,122,143,143,143,1632,122,488
jovo-feature-scale-example,jovo-feature-scale-example,classification,jovo_t7,cuml,cuML SPORF,n_features,1000,1,3,1470347820,1000,100,10,2,10,28,28,10,61,30,31,31,184,5.46196,3,10,160.667,2,61,61,122,142,142,142,1624,122,488
jovo-feature-scale-example,jovo-feature-scale-example,classification,jovo_t7,cuml,cuML SPORF,n_features,1000,1,3,1470347820,1000,100,10,2,10,29,29,9,61,30,31,31,184,6.02174,3,9,107.189,2,61,61,122,118,118,118,1432,122,488
jovo-feature-scale-example,jovo-feature-scale-example,classification,jovo_t7,cuml,cuML SPORF,n_features,1000,1,3,1470347820,1000,100,10,2,10,30,30,7,57,28,29,29,184,5.02717,3,7,178.78,2,57,57,114,109,109,109,1328,114,456
jovo-feature-scale-example,jovo-feature-scale-example,classification,jovo_t7,cuml,cuML SPORF,n_features,1000,1,3,1470347820,1000,100,10,2,10,31,31,8,63,31,32,32,184,5.40217,3,8,123.343,2,63,63,126,137,137,137,1600,126,504
jovo-feature-scale-example,jovo-feature-scale-example,classification,jovo_t7,cuml,cuML SPORF,n_features,1000,1,3,1470347820,1000,100,10,2,10,32,32,7,61,30,31,31,184,5.27174,3,7,164.254,2,61,61,122,128,128,128,1512,122,488
jovo-feature-scale-example,jovo-feature-scale-example,classification,jovo_t7,cuml,cuML SPORF,n_features,1000,1,3,1470347820,1000,100,10,2,10,33,33,8,61,30,31,31,184,5.74457,3,8,119.135,2,61,61,122,130,130,130,1528,122,488
jovo-feature-scale-example,jovo-feature-scale-example,classification,jovo_t7,cuml,cuML SPORF,n_features,1000,1,3,1470347820,1000,100,10,2,10,34,34,9,51,25,26,26,184,5.04348,3,9,136.35,2,51,51,102,124,124,124,1400,102,408
jovo-feature-scale-example,jovo-feature-scale-example,classification,jovo_t7,cuml,cuML SPORF,n_features,1000,1,3,1470347820,1000,100,10,2,10,35,35,9,65,32,33,33,184,5.47283,3,9,148.084,2,65,65,130,148,148,148,1704,130,520
jovo-feature-scale-example,jovo-feature-scale-example,classification,jovo_t7,cuml,cuML SPORF,n_features,1000,1,3,1470347820,1000,100,10,2,10,36,36,9,63,31,32,32,184,5.07609,3,9,184.883,2,63,63,126,150,150,150,1704,126,504
jovo-feature-scale-example,jovo-feature-scale-example,classification,jovo_t7,cuml,cuML SPORF,n_features,1000,1,3,1470347820,1000,100,10,2,10,37,37,8,57,28,29,29,184,5.22826,2,8,131.423,2,57,57,114,122,122,122,1432,114,456
jovo-feature-scale-example,jovo-feature-scale-example,classification,jovo_t7,cuml,cuML SPORF,n_features,1000,1,3,1470347820,1000,100,10,2,10,38,38,8,59,29,30,30,184,4.82065,3,8,120.82,2,59,59,118,130,130,130,1512,118,472
jovo-feature-scale-example,jovo-feature-scale-example,classification,jovo_t7,cuml,cuML SPORF,n_features,1000,1,3,1470347820,1000,100,10,2,10,39,39,9,65,32,33,33,184,5.5,3,9,111.844,2,65,65,130,156,156,156,1768,130,520
jovo-feature-scale-example,jovo-feature-scale-example,classification,jovo_t7,cuml,cuML SPORF,n_features,1000,1,3,1470347820,1000,100,10,2,10,40,40,7,49,24,25,25,184,4.82609,3,7,172.679,2,49,49,98,107,107,107,1248,98,392
jovo-feature-scale-example,jovo-feature-scale-example,classification,jovo_t7,cuml,cuML SPORF,n_features,1000,1,3,1470347820,1000,100,10,2,10,41,41,9,59,29,30,30,184,5.625,4,9,171.511,2,59,59,118,142,142,142,1608,118,472
jovo-feature-scale-example,jovo-feature-scale-example,classification,jovo_t7,cuml,cuML SPORF,n_features,1000,1,3,1470347820,1000,100,10,2,10,42,42,7,65,32,33,33,184,5.52717,3,7,123.075,2,65,65,130,139,139,139,1632,130,520
jovo-feature-scale-example,jovo-feature-scale-example,classification,jovo_t7,cuml,cuML SPORF,n_features,1000,1,3,1470347820,1000,100,10,2,10,43,43,10,57,28,29,29,184,5.29348,3,10,145.261,2,57,57,114,131,131,131,1504,114,456
jovo-feature-scale-example,jovo-feature-scale-example,classification,jovo_t7,cuml,cuML SPORF,n_features,1000,1,3,1470347820,1000,100,10,2,10,44,44,10,63,31,32,32,184,5.6087,3,10,166.742,2,63,63,126,148,148,148,1688,126,504
jovo-feature-scale-example,jovo-feature-scale-example,classification,jovo_t7,cuml,cuML SPORF,n_features,1000,1,3,1470347820,1000,100,10,2,10,45,45,9,61,30,31,31,184,5.22826,3,9,148.177,2,61,61,122,142,142,142,1624,122,488
jovo-feature-scale-example,jovo-feature-scale-example,classification,jovo_t7,cuml,cuML SPORF,n_features,1000,1,3,1470347820,1000,100,10,2,10,46,46,9,65,32,33,33,184,5.65217,3,9,171.091,2,65,65,130,142,142,142,1656,130,520
jovo-feature-scale-example,jovo-feature-scale-example,classification,jovo_t7,cuml,cuML SPORF,n_features,1000,1,3,1470347820,1000,100,10,2,10,47,47,6,47,23,24,24,184,4.86957,3,6,106.604,2,47,47,94,101,101,101,1184,94,376
jovo-feature-scale-example,jovo-feature-scale-example,classification,jovo_t7,cuml,cuML SPORF,n_features,1000,1,3,1470347820,1000,100,10,2,10,48,48,8,61,30,31,31,184,5.23913,3,8,116.86,2,61,61,122,126,126,126,1496,122,488
jovo-feature-scale-example,jovo-feature-scale-example,classification,jovo_t7,cuml,cuML SPORF,n_features,1000,1,3,1470347820,1000,100,10,2,10,49,49,8,61,30,31,31,184,5.16304,3,8,99.244,2,61,61,122,121,121,121,1456,122,488
jovo-feature-scale-example,jovo-feature-scale-example,classification,jovo_t7,cuml,cuML SPORF,n_features,1000,1,3,1470347820,1000,100,10,2,10,50,50,8,61,30,31,31,184,5.09783,4,8,211.836,2,61,61,122,155,155,155,1728,122,488
jovo-feature-scale-example,jovo-feature-scale-example,classification,jovo_t7,cuml,cuML SPORF,n_features,1000,1,3,1470347820,1000,100,10,2,10,51,51,8,59,29,30,30,184,5.22826,2,8,123.497,2,59,59,118,135,135,135,1552,118,472
jovo-feature-scale-example,jovo-feature-scale-example,classification,jovo_t7,cuml,cuML SPORF,n_features,1000,1,3,1470347820,1000,100,10,2,10,52,52,9,57,28,29,29,184,4.88043,2,9,141.754,2,57,57,114,150,150,150,1656,114,456
jovo-feature-scale-example,jovo-feature-scale-example,classification,jovo_t7,cuml,cuML SPORF,n_features,1000,1,3,1470347820,1000,100,10,2,10,53,53,7,51,25,26,26,184,5.31522,3,7,113.957,2,51,51,102,120,120,120,1368,102,408
jovo-feature-scale-example,jovo-feature-scale-example,classification,jovo_t7,cuml,cuML SPORF,n_features,1000,1,3,1470347820,1000,100,10,2,10,54,54,7,57,28,29,29,184,5.3587,2,7,120.819,2,57,57,114,115,115,115,1376,114,456
jovo-feature-scale-example,jovo-feature-scale-example,classification,jovo_t7,cuml,cuML SPORF,n_features,1000,1,3,1470347820,1000,100,10,2,10,55,55,8,61,30,31,31,184,5.5163,3,8,119.288,2,61,61,122,113,113,113,1392,122,488
jovo-feature-scale-example,jovo-feature-scale-example,classification,jovo_t7,cuml,cuML SPORF,n_features,1000,1,3,1470347820,1000,100,10,2,10,56,56,7,51,25,26,26,184,5.44565,3,7,113.976,2,51,51,102,120,120,120,1368,102,408
jovo-feature-scale-example,jovo-feature-scale-example,classification,jovo_t7,cuml,cuML SPORF,n_features,1000,1,3,1470347820,1000,100,10,2,10,57,57,10,63,31,32,32,184,5.92935,3,10,168.272,2,63,63,126,136,136,136,1592,126,504
jovo-feature-scale-example,jovo-feature-scale-example,classification,jovo_t7,cuml,cuML SPORF,n_features,1000,1,3,1470347820,1000,100,10,2,10,58,58,9,71,35,36,36,184,6.30435,3,9,157.093,2,71,71,142,134,134,134,1640,142,568
jovo-feature-scale-example,jovo-feature-scale-example,classification,jovo_t7,cuml,cuML SPORF,n_features,1000,1,3,1470347820,1000,100,10,2,10,59,59,7,59,29,30,30,184,5.30435,4,7,112.703,2,59,59,118,150,150,150,1672,118,472
jovo-feature-scale-example,jovo-feature-scale-example,classification,jovo_t7,cuml,cuML SPORF,n_features,1000,1,3,1470347820,1000,100,10,2,10,60,60,11,55,27,28,28,184,5.39674,2,11,282.017,2,55,55,110,126,126,126,1448,110,440
jovo-feature-scale-example,jovo-feature-scale-example,classification,jovo_t7,cuml,cuML SPORF,n_features,1000,1,3,1470347820,1000,100,10,2,10,61,61,9,55,27,28,28,184,5.07609,2,9,169.31,2,55,55,110,140,140,140,1560,110,440
jovo-feature-scale-example,jovo-feature-scale-example,classification,jovo_t7,cuml,cuML SPORF,n_features,1000,1,3,1470347820,1000,100,10,2,10,62,62,8,69,34,35,35,184,5.15761,4,8,156.149,2,69,69,138,149,149,149,1744,138,552
jovo-feature-scale-example,jovo-feature-scale-example,classification,jovo_t7,cuml,cuML SPORF,n_features,1000,1,3,1470347820,1000,100,10,2,10,63,63,9,59,29,30,30,184,5.22283,2,9,146.343,2,59,59,118,125,125,125,1472,118,472
jovo-feature-scale-example,jovo-feature-scale-example,classification,jovo_t7,cuml,cuML SPORF,n_features,1000,1,3,1470347820,1000,100,10,2,10,64,64,8,63,31,32,32,184,5.67391,3,8,111.876,2,63,63,126,144,144,144,1656,126,504
jovo-feature-scale-example,jovo-feature-scale-example,classification,jovo_t7,cuml,cuML SPORF,n_features,1000,1,3,1470347820,1000,100,10,2,10,65,65,9,57,28,29,29,184,5.38043,3,9,159.697,2,57,57,114,123,123,123,1440,114,456
jovo-feature-scale-example,jovo-feature-scale-example,classification,jovo_t7,cuml,cuML SPORF,n_features,1000,1,3,1470347820,1000,100,10,2,10,66,66,9,57,28,29,29,184,5.91304,2,9,123.756,2,57,57,114,138,138,138,1560,114,456
jovo-feature-scale-example,jovo-feature-scale-example,classification,jovo_t7,cuml,cuML SPORF,n_features,1000,1,3,1470347820,1000,100,10,2,10,67,67,10,47,23,24,24,184,4.88587,2,10,171.351,2,47,47,94,111,111,111,1264,94,376
jovo-feature-scale-example,jovo-feature-scale-example,classification,jovo_t7,cuml,cuML SPORF,n_features,1000,1,3,1470347820,1000,100,10,2,10,68,68,8,63,31,32,32,184,5.49457,3,8,102.337,2,63,63,126,148,148,148,1688,126,504
jovo-feature-scale-example,jovo-feature-scale-example,classification,jovo_t7,cuml,cuML SPORF,n_features,1000,1,3,1470347820,1000,100,10,2,10,69,69,9,69,34,35,35,184,5.51087,4,9,29.947,2,69,69,138,158,158,158,1816,138,552
jovo-feature-scale-example,jovo-feature-scale-example,classification,jovo_t7,cuml,cuML SPORF,n_features,1000,1,3,1470347820,1000,100,10,2,10,70,70,8,61,30,31,31,184,4.80435,3,8,198.949,2,61,61,122,133,133,133,1552,122,488
jovo-feature-scale-example,jovo-feature-scale-example,classification,jovo_t7,cuml,cuML SPORF,n_features,1000,1,3,1470347820,1000,100,10,2,10,71,71,11,61,30,31,31,184,5.6087,3,11,180.355,2,61,61,122,137,137,137,1584,122,488
jovo-feature-scale-example,jovo-feature-scale-example,classification,jovo_t7,cuml,cuML SPORF,n_features,1000,1,3,1470347820,1000,100,10,2,10,72,72,8,69,34,35,35,184,5.36413,3,8,173.645,2,69,69,138,142,142,142,1688,138,552
jovo-feature-scale-example,jovo-feature-scale-example,classification,jovo_t7,cuml,cuML SPORF,n_features,1000,1,3,1470347820,1000,100,10,2,10,73,73,8,61,30,31,31,184,4.98913,3,8,164.079,2,61,61,122,153,153,153,1712,122,488
jovo-feature-scale-example,jovo-feature-scale-example,classification,jovo_t7,cuml,cuML SPORF,n_features,1000,1,3,1470347820,1000,100,10,2,10,74,74,9,55,27,28,28,184,5.20109,3,9,139.802,2,55,55,110,106,106,106,1288,110,440
jovo-feature-scale-example,jovo-feature-scale-example,classification,jovo_t7,cuml,cuML SPORF,n_features,1000,1,3,1470347820,1000,100,10,2,10,75,75,7,57,28,29,29,184,4.92935,2,7,136.008,2,57,57,114,127,127,127,1472,114,456
jovo-feature-scale-example,jovo-feature-scale-example,classification,jovo_t7,cuml,cuML SPORF,n_features,1000,1,3,1470347820,1000,100,10,2,10,76,76,8,55,27,28,28,184,5.19022,3,8,142.861,2,55,55,110,109,109,109,1312,110,440
jovo-feature-scale-example,jovo-feature-scale-example,classification,jovo_t7,cuml,cuML SPORF,n_features,1000,1,3,1470347820,1000,100,10,2,10,77,77,9,71,35,36,36,184,5.8913,3,9,162.319,2,71,71,142,164,164,164,1880,142,568
jovo-feature-scale-example,jovo-feature-scale-example,classification,jovo_t7,cuml,cuML SPORF,n_features,1000,1,3,1470347820,1000,100,10,2,10,78,78,7,47,23,24,24,184,4.35326,2,7,96.722,2,47,47,94,112,112,112,1272,94,376
jovo-feature-scale-example,jovo-feature-scale-example,classification,jovo_t7,cuml,cuML SPORF,n_features,1000,1,3,1470347820,1000,100,10,2,10,79,79,8,61,30,31,31,184,5.38043,3,8,49.195,2,61,61,122,138,138,138,1592,122,488
jovo-feature-scale-example,jovo-feature-scale-example,classification,jovo_t7,cuml,cuML SPORF,n_features,1000,1,3,1470347820,1000,100,10,2,10,80,80,7,51,25,26,26,184,4.67935,3,7,187.233,2,51,51,102,109,109,109,1280,102,408
jovo-feature-scale-example,jovo-feature-scale-example,classification,jovo_t7,cuml,cuML SPORF,n_features,1000,1,3,1470347820,1000,100,10,2,10,81,81,9,55,27,28,28,184,5.10326,2,9,176.218,2,55,55,110,125,125,125,1440,110,440
jovo-feature-scale-example,jovo-feature-scale-example,classification,jovo_t7,cuml,cuML SPORF,n_features,1000,1,3,1470347820,1000,100,10,2,10,82,82,8,53,26,27,27,184,5.04891,2,8,120.992,2,53,53,106,102,102,102,1240,106,424
jovo-feature-scale-example,jovo-feature-scale-example,classification,jovo_t7,cuml,cuML SPORF,n_features,1000,1,3,1470347820,1000,100,10,2,10,83,83,8,59,29,30,30,184,5.07065,3,8,151.534,2,59,59,118,133,133,133,1536,118,472
jovo-feature-scale-example,jovo-feature-scale-example,classification,jovo_t7,cuml,cuML SPORF,n_features,1000,1,3,1470347820,1000,100,10,2,10,84,84,7,65,32,33,33,184,5.1087,3,7,116.529,2,65,65,130,132,132,132,1576,130,520
jovo-feature-scale-example,jovo-feature-scale-example,classification,jovo_t7,cuml,cuML SPORF,n_features,1000,1,3,1470347820,1000,100,10,2,10,85,85,8,47,23,24,24,184,4.375,3,8,119.874,2,47,47,94,103,103,103,1200,94,376
jovo-feature-scale-example,jovo-feature-scale-example,classification,jovo_t7,cuml,cuML SPORF,n_features,1000,1,3,1470347820,1000,100,10,2,10,86,86,9,59,29,30,30,184,5.03804,3,9,185.687,2,59,59,118,155,155,155,1712,118,472
jovo-feature-scale-example,jovo-feature-scale-example,classification,jovo_t7,cuml,cuML SPORF,n_features,1000,1,3,1470347820,1000,100,10,2,10,87,87,9,59,29,30,30,184,5.44022,3,9,139.651,2,59,59,118,142,142,142,1608,118,472
jovo-feature-scale-example,jovo-feature-scale-example,classification,jovo_t7,cuml,cuML SPORF,n_features,1000,1,3,1470347820,1000,100,10,2,10,88,88,11,53,26,27,27,184,5.82065,3,11,182.406,2,53,53,106,99,99,99,1216,106,424
jovo-feature-scale-example,jovo-feature-scale-example,classification,jovo_t7,cuml,cuML SPORF,n_features,1000,1,3,1470347820,1000,100,10,2,10,89,89,8,53,26,27,27,184,4.79348,3,8,59.44,2,53,53,106,129,129,129,1456,106,424
jovo-feature-scale-example,jovo-feature-scale-example,classification,jovo_t7,cuml,cuML SPORF,n_features,1000,1,3,1470347820,1000,100,10,2,10,90,90,8,65,32,33,33,184,5.29348,3,8,204.011,2,65,65,130,152,152,152,1736,130,520
jovo-feature-scale-example,jovo-feature-scale-example,classification,jovo_t7,cuml,cuML SPORF,n_features,1000,1,3,1470347820,1000,100,10,2,10,91,91,9,59,29,30,30,184,5.14674,2,9,142.548,2,59,59,118,152,152,152,1688,118,472
jovo-feature-scale-example,jovo-feature-scale-example,classification,jovo_t7,cuml,cuML SPORF,n_features,1000,1,3,1470347820,1000,100,10,2,10,92,92,9,63,31,32,32,184,5.25,2,9,134.328,2,63,63,126,143,143,143,1648,126,504
jovo-feature-scale-example,jovo-feature-scale-example,classification,jovo_t7,cuml,cuML SPORF,n_features,1000,1,3,1470347820,1000,100,10,2,10,93,93,7,55,27,28,28,184,5.11957,2,7,127.203,2,55,55,110,131,131,131,1488,110,440
jovo-feature-scale-example,jovo-feature-scale-example,classification,jovo_t7,cuml,cuML SPORF,n_features,1000,1,3,1470347820,1000,100,10,2,10,94,94,8,57,28,29,29,184,4.99457,3,8,138.27,2,57,57,114,117,117,117,1392,114,456
jovo-feature-scale-example,jovo-feature-scale-example,classification,jovo_t7,cuml,cuML SPORF,n_features,1000,1,3,1470347820,1000,100,10,2,10,95,95,8,65,32,33,33,184,5.38043,3,8,108.995,2,65,65,130,143,143,143,1664,130,520
jovo-feature-scale-example,jovo-feature-scale-example,classification,jovo_t7,cuml,cuML SPORF,n_features,1000,1,3,1470347820,1000,100,10,2,10,96,96,8,51,25,26,26,184,4.70652,3,8,148.84,2,51,51,102,91,91,91,1136,102,408
jovo-feature-scale-example,jovo-feature-scale-example,classification,jovo_t7,cuml,cuML SPORF,n_features,1000,1,3,1470347820,1000,100,10,2,10,97,97,9,59,29,30,30,184,6.2337,3,9,137.196,2,59,59,118,128,128,128,1496,118,472
jovo-feature-scale-example,jovo-feature-scale-example,classification,jovo_t7,cuml,cuML SPORF,n_features,1000,1,3,1470347820,1000,100,10,2,10,98,98,8,61,30,31,31,184,5.51087,3,8,121.747,2,61,61,122,137,137,137,1584,122,488
jovo-feature-scale-example,jovo-feature-scale-example,classification,jovo_t7,cuml,cuML SPORF,n_features,1000,1,3,1470347820,1000,100,10,2,10,99,99,9,65,32,33,33,184,5.28804,2,9,131.603,2,65,65,130,143,143,143,1664,130,520
jovo-feature-scale-example,jovo-feature-scale-example,classification,jovo_t7,cuml,cuML SPORF,n_features,10000,2,1,1672937952,10000,100,10,2,10,0,0,8,55,27,28,28,184,5.27174,3,8,998.511,2,55,55,110,130,130,130,1480,110,440
jovo-feature-scale-example,jovo-feature-scale-example,classification,jovo_t7,cuml,cuML SPORF,n_features,10000,2,1,1672937952,10000,100,10,2,10,1,1,8,53,26,27,27,184,5.16848,3,8,548.132,2,53,53,106,111,111,111,1312,106,424
jovo-feature-scale-example,jovo-feature-scale-example,classification,jovo_t7,cuml,cuML SPORF,n_features,10000,2,1,1672937952,10000,100,10,2,10,2,2,8,57,28,29,29,184,4.98913,3,8,593.942,2,57,57,114,131,131,131,1504,114,456
jovo-feature-scale-example,jovo-feature-scale-example,classification,jovo_t7,cuml,cuML SPORF,n_features,10000,2,1,1672937952,10000,100,10,2,10,3,3,10,59,29,30,30,184,5.94022,3,10,880.487,2,59,59,118,137,137,137,1568,118,472
jovo-feature-scale-example,jovo-feature-scale-example,classification,jovo_t7,cuml,cuML SPORF,n_features,10000,2,1,1672937952,10000,100,10,2,10,4,4,8,61,30,31,31,184,5.46196,2,8,608.186,2,61,61,122,138,138,138,1592,122,488
jovo-feature-scale-example,jovo-feature-scale-example,classification,jovo_t7,cuml,cuML SPORF,n_features,10000,2,1,1672937952,10000,100,10,2,10,5,5,10,55,27,28,28,184,4.94022,3,10,774.766,2,55,55,110,131,131,131,1488,110,440
jovo-feature-scale-example,jovo-feature-scale-example,classification,jovo_t7,cuml,cuML SPORF,n_features,10000,2,1,1672937952,10000,100,10,2,10,6,6,7,59,29,30,30,184,5.31522,3,7,518.997,2,59,59,118,138,138,138,1576,118,472
jovo-feature-scale-example,jovo-feature-scale-example,classification,jovo_t7,cuml,cuML SPORF,n_features,10000,2,1,1672937952,10000,100,10,2,10,7,7,7,57,28,29,29,184,5.16304,3,7,518.35,2,57,57,114,133,133,133,1520,114,456
jovo-feature-scale-example,jovo-feature-scale-example,classification,jovo_t7,cuml,cuML SPORF,n_features,10000,2,1,1672937952,10000,100,10,2,10,8,8,7,49,24,25,25,184,4.65217,3,7,549.654,2,49,49,98,117,117,117,1328,98,392
jovo-feature-scale-example,jovo-feature-scale-example,classification,jovo_t7,cuml,cuML SPORF,n_features,10000,2,1,1672937952,10000,100,10,2,10,9,9,9,53,26,27,27,184,5.4837,3,9,471.085,2,53,53,106,122,122,122,1400,106,424
jovo-feature-scale-example,jovo-feature-scale-example,classification,jovo_t7,cuml,cuML SPORF,n_features,10000,2,1,1672937952,10000,100,10,2,10,10,10,8,53,26,27,27,184,4.79891,2,8,878.179,2,53,53,106,126,126,126,1432,106,424
jovo-feature-scale-example,jovo-feature-scale-example,classification,jovo_t7,cuml,cuML SPORF,n_features,10000,2,1,1672937952,10000,100,10,2,10,11,11,8,61,30,31,31,184,5.1087,3,8,547.581,2,61,61,122,131,131,131,1536,122,488
jovo-feature-scale-example,jovo-feature-scale-example,classification,jovo_t7,cuml,cuML SPORF,n_features,10000,2,1,1672937952,10000,100,10,2,10,12,12,8,57,28,29,29,184,5.0163,3,8,551.652,2,57,57,114,131,131,131,1504,114,456
jovo-feature-scale-example,jovo-feature-scale-example,classification,jovo_t7,cuml,cuML SPORF,n_features,10000,2,1,1672937952,10000,100,10,2,10,13,13,8,53,26,27,27,184,4.65217,3,8,568.45,2,53,53,106,110,110,110,1304,106,424
jovo-feature-scale-example,jovo-feature-scale-example,classification,jovo_t7,cuml,cuML SPORF,n_features,10000,2,1,1672937952,10000,100,10,2,10,14,14,8,53,26,27,27,184,5.64674,3,8,589.395,2,53,53,106,115,115,115,1344,106,424
jovo-feature-scale-example,jovo-feature-scale-example,classification,jovo_t7,cuml,cuML SPORF,n_features,10000,2,1,1672937952,10000,100,10,2,10,15,15,8,67,33,34,34,184,6.08696,3,8,564.811,2,67,67,134,135,135,135,1616,134,536
jovo-feature-scale-example,jovo-feature-scale-example,classification,jovo_t7,cuml,cuML SPORF,n_features,10000,2,1,1672937952,10000,100,10,2,10,16,16,8,61,30,31,31,184,5.78804,3,8,766.414,2,61,61,122,138,138,138,1592,122,488
jovo-feature-scale-example,jovo-feature-scale-example,classification,jovo_t7,cuml,cuML SPORF,n_features,10000,2,1,1672937952,10000,100,10,2,10,17,17,7,71,35,36,36,184,5.19565,2,7,606.546,2,71,71,142,176,176,176,1976,142,568
jovo-feature-scale-example,jovo-feature-scale-example,classification,jovo_t7,cuml,cuML SPORF,n_features,10000,2,1,1672937952,10000,100,10,2,10,18,18,9,53,26,27,27,184,5.22283,2,9,686.689,2,53,53,106,131,131,131,1472,106,424
jovo-feature-scale-example,jovo-feature-scale-example,classification,jovo_t7,cuml,cuML SPORF,n_features,10000,2,1,1672937952,10000,100,10,2,10,19,19,9,65,32,33,33,184,5.52174,3,9,625.617,2,65,65,130,161,161,161,1808,130,520
jovo-feature-scale-example,jovo-feature-scale-example,classification,jovo_t7,cuml,cuML SPORF,n_features,10000,2,1,1672937952,10000,100,10,2,10,20,20,7,53,26,27,27,184,4.65761,3,7,936.795,2,53,53,106,120,120,120,1384,106,424
jovo-feature-scale-example,jovo-feature-scale-example,classification,jovo_t7,cuml,cuML SPORF,n_features,10000,2,1,1672937952,10000,100,10,2,10,21,21,7,51,25,26,26,184,4.49457,3,7,512.587,2,51,51,102,104,104,104,1240,102,408
jovo-feature-scale-example,jovo-feature-scale-example,classification,jovo_t7,cuml,cuML SPORF,n_features,10000,2,1,1672937952,10000,100,10,2,10,22,22,8,67,33,34,34,184,5.27174,3,8,681.539,2,67,67,134,141,141,141,1664,134,536
jovo-feature-scale-example,jovo-feature-scale-example,classification,jovo_t7,cuml,cuML SPORF,n_features,10000,2,1,1672937952,10000,100,10,2,10,23,23,8,75,37,38,38,184,5.625,3,8,755.4,2,75,75,150,177,177,177,2016,150,600
jovo-feature-scale-example,jovo-feature-scale-example,classification,jovo_t7,cuml,cuML SPORF,n_features,10000,2,1,1672937952,10000,100,10,2,10,24,24,7,63,31,32,32,184,5.00543,3,7,551.51,2,63,63,126,152,152,152,1720,126,504
jovo-feature-scale-example,jovo-feature-scale-example,classification,jovo_t7,cuml,cuML SPORF,n_features,10000,2,1,1672937952,10000,100,10,2,10,25,25,8,57,28,29,29,184,5.79891,2,8,625.585,2,57,57,114,128,128,128,1480,114,456
jovo-feature-scale-example,jovo-feature-scale-example,classification,jovo_t7,cuml,cuML SPORF,n_features,10000,2,1,1672937952,10000,100,10,2,10,26,26,7,51,25,26,26,184,4.70652,3,7,482.774,2,51,51,102,111,111,111,1296,102,408
jovo-feature-scale-example,jovo-feature-scale-example,classification,jovo_t7,cuml,cuML SPORF,n_features,10000,2,1,1672937952,10000,100,10,2,10,27,27,11,61,30,31,31,184,6.15217,3,11,798.456,2,61,61,122,145,145,145,1648,122,488
jovo-feature-scale-example,jovo-feature-scale-example,classification,jovo_t7,cuml,cuML SPORF,n_features,10000,2,1,1672937952,10000,100,10,2,10,28,28,8,57,28,29,29,184,5.36957,3,8,694.342,2,57,57,114,113,113,113,1360,114,456
jovo-feature-scale-example,jovo-feature-scale-example,classification,jovo_t7,cuml,cuML SPORF,n_features,10000,2,1,1672937952,10000,100,10,2,10,29,29,8,63,31,32,32,184,5.09239,3,8,409.478,2,63,63,126,136,136,136,1592,126,504
jovo-feature-scale-example,jovo-feature-scale-example,classification,jovo_t7,cuml,cuML SPORF,n_features,10000,2,1,1672937952,10000,100,10,2,10,30,30,7,73,36,37,37,184,5.33696,3,7,936.132,2,73,73,146,147,147,147,1760,146,584
jovo-feature-scale-example,jovo-feature-scale-example,classification,jovo_t7,cuml,cuML SPORF,n_features,10000,2,1,1672937952,10000,100,10,2,10,31,31,7,65,32,33,33,184,5.38587,3,7,489.967,2,65,65,130,127,127,127,1536,130,520
jovo-feature-scale-example,jovo-feature-scale-example,classification,jovo_t7,cuml,cuML SPORF,n_features,10000,2,1,1672937952,10000,100,10,2,10,32,32,6,57,28,29,29,184,4.875,3,6,473.006,2,57,57,114,125,125,125,1456,114,456
jovo-feature-scale-example,jovo-feature-scale-example,classification,jovo_t7,cuml,cuML SPORF,n_features,10000,2,1,1672937952,10000,100,10,2,10,33,33,9,61,30,31,31,184,4.84239,3,9,659.475,2,61,61,122,130,130,130,1528,122,488
jovo-feature-scale-example,jovo-feature-scale-example,classification,jovo_t7,cuml,cuML SPORF,n_features,10000,2,1,1672937952,10000,100,10,2,10,34,34,8,55,27,28,28,184,5.32065,3,8,612.58,2,55,55,110,138,138,138,1544,110,440
jovo-feature-scale-example,jovo-feature-scale-example,classification,jovo_t7,cuml,cuML SPORF,n_features,10000,2,1,1672937952,10000,100,10,2,10,35,35,7,67,33,34,34,184,5.46739,3,7,420.287,2,67,67,134,134,134,134,1608,134,536
jovo-feature-scale-example,jovo-feature-scale-example,classification,jovo_t7,cuml,cuML SPORF,n_features,10000,2,1,1672937952,10000,100,10,2,10,36,36,7,53,26,27,27,184,5.34239,2,7,609.928,2,53,53,106,125,125,125,1424,106,424
jovo-feature-scale-example,jovo-feature-scale-example,classification,jovo_t7,cuml,cuML SPORF,n_features,10000,2,1,1672937952,10000,100,10,2,10,37,37,8,57,28,29,29,184,5.29891,3,8,542.192,2,57,57,114,137,137,137,1552,114,456
jovo-feature-scale-example,jovo-feature-scale-example,classification,jovo_t7,cuml,cuML SPORF,n_features,10000,2,1,1672937952,10000,100,10,2,10,38,38,7,59,29,30,30,184,5.01087,4,7,600.756,2,59,59,118,128,128,128,1496,118,472
jovo-feature-scale-example,jovo-feature-scale-example,classification,jovo_t7,cuml,cuML SPORF,n_features,10000,2,1,1672937952,10000,100,10,2,10,39,39,8,57,28,29,29,184,5.59239,3,8,670.854,2,57,57,114,127,127,127,1472,114,456
jovo-feature-scale-example,jovo-feature-scale-example,classification,jovo_t7,cuml,cuML SPORF,n_features,10000,2,1,1672937952,10000,100,10,2,10,40,40,9,67,33,34,34,184,5.38587,2,9,913.573,2,67,67,134,132,132,132,1592,134,536
jovo-feature-scale-example,jovo-feature-scale-example,classification,jovo_t7,cuml,cuML SPORF,n_features,10000,2,1,1672937952,10000,100,10,2,10,41,41,8,63,31,32,32,184,5.41304,3,8,723.043,2,63,63,126,164,164,164,1816,126,504
jovo-feature-scale-example,jovo-feature-scale-example,classification,jovo_t7,cuml,cuML SPORF,n_features,10000,2,1,1672937952,10000,100,10,2,10,42,42,10,53,26,27,27,184,4.73913,3,10,641.653,2,53,53,106,119,119,119,1376,106,424
jovo-feature-scale-example,jovo-feature-scale-example,classification,jovo_t7,cuml,cuML SPORF,n_features,10000,2,1,1672937952,10000,100,10,2,10,43,43,8,53,26,27,27,184,4.77717,3,8,714.094,2,53,53,106,122,122,122,1400,106,424
jovo-feature-scale-example,jovo-feature-scale-example,classification,jovo_t7,cuml,cuML SPORF,n_features,10000,2,1,1672937952,10000,100,10,2,10,44,44,9,59,29,30,30,184,4.97283,3,9,600.357,2,59,59,118,130,130,130,1512,118,472
jovo-feature-scale-example,jovo-feature-scale-example,classification,jovo_t7,cuml,cuML SPORF,n_features,10000,2,1,1672937952,10000,100,10,2,10,45,45,10,57,28,29,29,184,5.49457,2,10,786.252,2,57,57,114,125,125,125,1456,114,456
jovo-feature-scale-example,jovo-feature-scale-example,classification,jovo_t7,cuml,cuML SPORF,n_features,10000,2,1,1672937952,10000,100,10,2,10,46,46,8,53,26,27,27,184,4.77174,3,8,502.284,2,53,53,106,132,132,132,1480,106,424
jovo-feature-scale-example,jovo-feature-scale-example,classification,jovo_t7,cuml,cuML SPORF,n_features,10000,2,1,1672937952,10000,100,10,2,10,47,47,8,57,28,29,29,184,5.00543,3,8,606.375,2,57,57,114,127,127,127,1472,114,456
jovo-feature-scale-example,jovo-feature-scale-example,classification,jovo_t7,cuml,cuML SPORF,n_features,10000,2,1,1672937952,10000,100,10,2,10,48,48,9,69,34,35,35,184,5.72826,3,9,684.777,2,69,69,138,150,150,150,1752,138,552
jovo-feature-scale-example,jovo-feature-scale-example,classification,jovo_t7,cuml,cuML SPORF,n_features,10000,2,1,1672937952,10000,100,10,2,10,49,49,8,51,25,26,26,184,5.09783,3,8,337.948,2,51,51,102,116,116,116,1336,102,408
jovo-feature-scale-example,jovo-feature-scale-example,classification,jovo_t7,cuml,cuML SPORF,n_features,10000,2,1,1672937952,10000,100,10,2,10,50,50,9,57,28,29,29,184,5.11413,3,9,936.195,2,57,57,114,120,120,120,1416,114,456
jovo-feature-scale-example,jovo-feature-scale-example,classification,jovo_t7,cuml,cuML SPORF,n_features,10000,2,1,1672937952,10000,100,10,2,10,51,51,10,65,32,33,33,184,5.61957,3,10,809.965,2,65,65,130,137,137,137,1616,130,520
jovo-feature-scale-example,jovo-feature-scale-example,classification,jovo_t7,cuml,cuML SPORF,n_features,10000,2,1,1672937952,10000,100,10,2,10,52,52,7,57,28,29,29,184,5.03804,4,7,721.772,2,57,57,114,133,133,133,1520,114,456
jovo-feature-scale-example,jovo-feature-scale-example,classification,jovo_t7,cuml,cuML SPORF,n_features,10000,2,1,1672937952,10000,100,10,2,10,53,53,9,67,33,34,34,184,5.64674,3,9,859.002,2,67,67,134,155,155,155,1776,134,536
jovo-feature-scale-example,jovo-feature-scale-example,classification,jovo_t7,cuml,cuML SPORF,n_features,10000,2,1,1672937952,10000,100,10,2,10,54,54,9,53,26,27,27,184,4.63043,3,9,564.35,2,53,53,106,126,126,126,1432,106,424
jovo-feature-scale-example,jovo-feature-scale-example,classification,jovo_t7,cuml,cuML SPORF,n_features,10000,2,1,1672937952,10000,100,10,2,10,55,55,9,59,29,30,30,184,5.38587,3,9,677.302,2,59,59,118,106,106,106,1320,118,472
jovo-feature-scale-example,jovo-feature-scale-example,classification,jovo_t7,cuml,cuML SPORF,n_features,10000,2,1,1672937952,10000,100,10,2,10,56,56,7,59,29,30,30,184,5.56522,3,7,504.739,2,59,59,118,153,153,153,1696,118,472
jovo-feature-scale-example,jovo-feature-scale-example,classification,jovo_t7,cuml,cuML SPORF,n_features,10000,2,1,1672937952,10000,100,10,2,10,57,57,11,59,29,30,30,184,5.23913,3,11,848.875,2,59,59,118,134,134,134,1544,118,472
jovo-feature-scale-example,jovo-feature-scale-example,classification,jovo_t7,cuml,cuML SPORF,n_features,10000,2,1,1672937952,10000,100,10,2,10,58,58,8,53,26,27,27,184,5.08696,3,8,502.83,2,53,53,106,113,113,113,1328,106,424
jovo-feature-scale-example,jovo-feature-scale-example,classification,jovo_t7,cuml,cuML SPORF,n_features,10000,2,1,1672937952,10000,100,10,2,10,59,59,7,51,25,26,26,184,4.77174,3,7,153.944,2,51,51,102,120,120,120,1368,102,408
jovo-feature-scale-example,jovo-feature-scale-example,classification,jovo_t7,cuml,cuML SPORF,n_features,10000,2,1,1672937952,10000,100,10,2,10,60,60,8,59,29,30,30,184,5.47826,3,8,957.352,2,59,59,118,132,132,132,1528,118,472
jovo-feature-scale-example,jovo-feature-scale-example,classification,jovo_t7,cuml,cuML SPORF,n_features,10000,2,1,1672937952,10000,100,10,2,10,61,61,9,69,34,35,35,184,5.625,2,9,677.859,2,69,69,138,141,141,141,1680,138,552
jovo-feature-scale-example,jovo-feature-scale-example,classification,jovo_t7,cuml,cuML SPORF,n_features,10000,2,1,1672937952,10000,100,10,2,10,62,62,8,63,31,32,32,184,5.32065,3,8,551.774,2,63,63,126,125,125,125,1504,126,504
jovo-feature-scale-example,jovo-feature-scale-example,classification,jovo_t7,cuml,cuML SPORF,n_features,10000,2,1,1672937952,10000,100,10,2,10,63,63,7,51,25,26,26,184,4.53804,3,7,593.758,2,51,51,102,111,111,111,1296,102,408
jovo-feature-scale-example,jovo-feature-scale-example,classification,jovo_t7,cuml,cuML SPORF,n_features,10000,2,1,1672937952,10000,100,10,2,10,64,64,8,67,33,34,34,184,5.06522,3,8,615.647,2,67,67,134,154,154,154,1768,134,536
jovo-feature-scale-example,jovo-feature-scale-example,classification,jovo_t7,cuml,cuML SPORF,n_features,10000,2,1,1672937952,10000,100,10,2,10,65,65,8,59,29,30,30,184,5.18478,3,8,666.687,2,59,59,118,144,144,144,1624,118,472
jovo-feature-scale-example,jovo-feature-scale-example,classification,jovo_t7,cuml,cuML SPORF,n_features,10000,2,1,1672937952,10000,100,10,2,10,66,66,7,59,29,30,30,184,5.36413,3,7,625.609,2,59,59,118,126,126,126,1480,118,472
jovo-feature-scale-example,jovo-feature-scale-example,classification,jovo_t7,cuml,cuML SPORF,n_features,10000,2,1,1672937952,10000,100,10,2,10,67,67,7,55,27,28,28,184,5.05978,3,7,631.2,2,55,55,110,125,125,125,1440,110,440
jovo-feature-scale-example,jovo-feature-scale-example,classification,jovo_t7,cuml,cuML SPORF,n_features,10000,2,1,1672937952,10000,100,10,2,10,68,68,9,57,28,29,29,184,5.36957,3,9,695.175,2,57,57,114,126,126,126,1464,114,456
jovo-feature-scale-example,jovo-feature-scale-example,classification,jovo_t7,cuml,cuML SPORF,n_features,10000,2,1,1672937952,10000,100,10,2,10,69,69,7,65,32,33,33,184,5.59783,3,7,462.192,2,65,65,130,165,165,165,1840,130,520
jovo-feature-scale-example,jovo-feature-scale-example,classification,jovo_t7,cuml,cuML SPORF,n_features,10000,2,1,1672937952,10000,100,10,2,10,70,70,7,65,32,33,33,184,5.16304,4,7,713.405,2,65,65,130,129,129,129,1552,130,520
jovo-feature-scale-example,jovo-feature-scale-example,classification,jovo_t7,cuml,cuML SPORF,n_features,10000,2,1,1672937952,10000,100,10,2,10,71,71,8,67,33,34,34,184,5.51087,3,8,702.71,2,67,67,134,171,171,171,1904,134,536
jovo-feature-scale-example,jovo-feature-scale-example,classification,jovo_t7,cuml,cuML SPORF,n_features,10000,2,1,1672937952,10000,100,10,2,10,72,72,9,55,27,28,28,184,5.43478,3,9,544.289,2,55,55,110,120,120,120,1400,110,440
jovo-feature-scale-example,jovo-feature-scale-example,classification,jovo_t7,cuml,cuML SPORF,n_features,10000,2,1,1672937952,10000,100,10,2,10,73,73,8,59,29,30,30,184,5.35326,3,8,719.776,2,59,59,118,127,127,127,1488,118,472
jovo-feature-scale-example,jovo-feature-scale-example,classification,jovo_t7,cuml,cuML SPORF,n_features,10000,2,1,1672937952,10000,100,10,2,10,74,74,10,67,33,34,34,184,5.68478,3,10,760.328,2,67,67,134,145,145,145,1696,134,536
jovo-feature-scale-example,jovo-feature-scale-example,classification,jovo_t7,cuml,cuML SPORF,n_features,10000,2,1,1672937952,10000,100,10,2,10,75,75,7,59,29,30,30,184,5.34239,3,7,569.624,2,59,59,118,130,130,130,1512,118,472
jovo-feature-scale-example,jovo-feature-scale-example,classification,jovo_t7,cuml,cuML SPORF,n_features,10000,2,1,1672937952,10000,100,10,2,10,76,76,10,73,36,37,37,184,6.1413,3,10,820.77,2,73,73,146,189,189,189,2096,146,584
jovo-feature-scale-example,jovo-feature-scale-example,classification,jovo_t7,cuml,cuML SPORF,n_features,10000,2,1,1672937952,10000,100,10,2,10,77,77,9,61,30,31,31,184,5.4837,3,9,625.893,2,61,61,122,150,150,150,1688,122,488
jovo-feature-scale-example,jovo-feature-scale-example,classification,jovo_t7,cuml,cuML SPORF,n_features,10000,2,1,1672937952,10000,100,10,2,10,78,78,11,63,31,32,32,184,5.85326,3,11,833.44,2,63,63,126,162,162,162,1800,126,504
jovo-feature-scale-example,jovo-feature-scale-example,classification,jovo_t7,cuml,cuML SPORF,n_features,10000,2,1,1672937952,10000,100,10,2,10,79,79,8,63,31,32,32,184,5.38043,3,8,262.528,2,63,63,126,141,141,141,1632,126,504
jovo-feature-scale-example,jovo-feature-scale-example,classification,jovo_t7,cuml,cuML SPORF,n_features,10000,2,1,1672937952,10000,100,10,2,10,80,80,8,61,30,31,31,184,5.46739,3,8,982.834,2,61,61,122,125,125,125,1488,122,488
jovo-feature-scale-example,jovo-feature-scale-example,classification,jovo_t7,cuml,cuML SPORF,n_features,10000,2,1,1672937952,10000,100,10,2,10,81,81,9,61,30,31,31,184,6.04891,3,9,617.038,2,61,61,122,133,133,133,1552,122,488
jovo-feature-scale-example,jovo-feature-scale-example,classification,jovo_t7,cuml,cuML SPORF,n_features,10000,2,1,1672937952,10000,100,10,2,10,82,82,8,61,30,31,31,184,4.84239,3,8,613.567,2,61,61,122,135,135,135,1568,122,488
jovo-feature-scale-example,jovo-feature-scale-example,classification,jovo_t7,cuml,cuML SPORF,n_features,10000,2,1,1672937952,10000,100,10,2,10,83,83,8,61,30,31,31,184,5.19565,3,8,846.665,2,61,61,122,125,125,125,1488,122,488
jovo-feature-scale-example,jovo-feature-scale-example,classification,jovo_t7,cuml,cuML SPORF,n_features,10000,2,1,1672937952,10000,100,10,2,10,84,84,9,73,36,37,37,184,5.46739,3,9,730.588,2,73,73,146,157,157,157,1840,146,584
jovo-feature-scale-example,jovo-feature-scale-example,classification,jovo_t7,cuml,cuML SPORF,n_features,10000,2,1,1672937952,10000,100,10,2,10,85,85,9,49,24,25,25,184,4.64674,3,9,666.999,2,49,49,98,104,104,104,1224,98,392
jovo-feature-scale-example,jovo-feature-scale-example,classification,jovo_t7,cuml,cuML SPORF,n_features,10000,2,1,1672937952,10000,100,10,2,10,86,86,8,57,28,29,29,184,5.21196,3,8,668.401,2,57,57,114,169,169,169,1808,114,456
jovo-feature-scale-example,jovo-feature-scale-example,classification,jovo_t7,cuml,cuML SPORF,n_features,10000,2,1,1672937952,10000,100,10,2,10,87,87,8,63,31,32,32,184,5.40761,3,8,568.816,2,63,63,126,144,144,144,1656,126,504
jovo-feature-scale-example,jovo-feature-scale-example,classification,jovo_t7,cuml,cuML SPORF,n_features,10000,2,1,1672937952,10000,100,10,2,10,88,88,10,69,34,35,35,184,6.04891,3,10,743.55,2,69,69,138,145,145,145,1712,138,552
jovo-feature-scale-example,jovo-feature-scale-example,classification,jovo_t7,cuml,cuML SPORF,n_features,10000,2,1,1672937952,10000,100,10,2,10,89,89,8,63,31,32,32,184,5.08152,3,8,152.255,2,63,63,126,135,135,135,1584,126,504
jovo-feature-scale-example,jovo-feature-scale-example,classification,jovo_t7,cuml,cuML SPORF,n_features,10000,2,1,1672937952,10000,100,10,2,10,90,90,7,57,28,29,29,184,5.09239,3,7,912.457,2,57,57,114,131,131,131,1504,114,456
jovo-feature-scale-example,jovo-feature-scale-example,classification,jovo_t7,cuml,cuML SPORF,n_features,10000,2,1,1672937952,10000,100,10,2,10,91,91,9,57,28,29,29,184,5.52717,3,9,633.86,2,57,57,114,142,142,142,1592,114,456
jovo-feature-scale-example,jovo-feature-scale-example,classification,jovo_t7,cuml,cuML SPORF,n_features,10000,2,1,1672937952,10000,100,10,2,10,92,92,8,53,26,27,27,184,4.82609,2,8,517.903,2,53,53,106,120,120,120,1384,106,424
jovo-feature-scale-example,jovo-feature-scale-example,classification,jovo_t7,cuml,cuML SPORF,n_features,10000,2,1,1672937952,10000,100,10,2,10,93,93,7,49,24,25,25,184,5.03261,3,7,546.436,2,49,49,98,113,113,113,1296,98,392
jovo-feature-scale-example,jovo-feature-scale-example,classification,jovo_t7,cuml,cuML SPORF,n_features,10000,2,1,1672937952,10000,100,10,2,10,94,94,8,55,27,28,28,184,4.91304,2,8,642.67,2,55,55,110,123,123,123,1424,110,440
jovo-feature-scale-example,jovo-feature-scale-example,classification,jovo_t7,cuml,cuML SPORF,n_features,10000,2,1,1672937952,10000,100,10,2,10,95,95,8,59,29,30,30,184,5.39674,2,8,648.991,2,59,59,118,128,128,128,1496,118,472
jovo-feature-scale-example,jovo-feature-scale-example,classification,jovo_t7,cuml,cuML SPORF,n_features,10000,2,1,1672937952,10000,100,10,2,10,96,96,7,53,26,27,27,184,5.10326,3,7,527.35,2,53,53,106,110,110,110,1304,106,424
jovo-feature-scale-example,jovo-feature-scale-example,classification,jovo_t7,cuml,cuML SPORF,n_features,10000,2,1,1672937952,10000,100,10,2,10,97,97,8,77,38,39,39,184,5.55435,3,8,789.585,2,77,77,154,176,176,176,2024,154,616
jovo-feature-scale-example,jovo-feature-scale-example,classification,jovo_t7,cuml,cuML SPORF,n_features,10000,2,1,1672937952,10000,100,10,2,10,98,98,10,63,31,32,32,184,5.61413,3,10,772.054,2,63,63,126,152,152,152,1720,126,504
jovo-feature-scale-example,jovo-feature-scale-example,classification,jovo_t7,cuml,cuML SPORF,n_features,10000,2,1,1672937952,10000,100,10,2,10,99,99,8,57,28,29,29,184,4.86957,3,8,433.035,2,57,57,114,131,131,131,1504,114,456
jovo-feature-scale-example,jovo-feature-scale-example,classification,jovo_t7,cuml,cuML SPORF,n_features,10000,2,2,1280706876,10000,100,10,2,10,0,0,10,57,28,29,29,184,5.60326,3,10,1053.03,2,57,57,114,98,98,98,1240,114,456
jovo-feature-scale-example,jovo-feature-scale-example,classification,jovo_t7,cuml,cuML SPORF,n_features,10000,2,2,1280706876,10000,100,10,2,10,1,1,9,63,31,32,32,184,5.85326,2,9,744.142,2,63,63,126,129,129,129,1536,126,504
jovo-feature-scale-example,jovo-feature-scale-example,classification,jovo_t7,cuml,cuML SPORF,n_features,10000,2,2,1280706876,10000,100,10,2,10,2,2,11,59,29,30,30,184,5.46196,3,11,821.848,2,59,59,118,145,145,145,1632,118,472
jovo-feature-scale-example,jovo-feature-scale-example,classification,jovo_t7,cuml,cuML SPORF,n_features,10000,2,2,1280706876,10000,100,10,2,10,3,3,7,55,27,28,28,184,4.91848,3,7,609.455,2,55,55,110,113,113,113,1344,110,440
jovo-feature-scale-example,jovo-feature-scale-example,classification,jovo_t7,cuml,cuML SPORF,n_features,10000,2,2,1280706876,10000,100,10,2,10,4,4,8,55,27,28,28,184,5.6413,3,8,601.352,2,55,55,110,131,131,131,1488,110,440
jovo-feature-scale-example,jovo-feature-scale-example,classification,jovo_t7,cuml,cuML SPORF,n_features,10000,2,2,1280706876,10000,100,10,2,10,5,5,8,57,28,29,29,184,4.83152,3,8,598.527,2,57,57,114,124,124,124,1448,114,456
jovo-feature-scale-example,jovo-feature-scale-example,classification,jovo_t7,cuml,cuML SPORF,n_features,10000,2,2,1280706876,10000,100,10,2,10,6,6,8,57,28,29,29,184,5.02174,3,8,531.88,2,57,57,114,138,138,138,1560,114,456
jovo-feature-scale-example,jovo-feature-scale-example,classification,jovo_t7,cuml,cuML SPORF,n_features,10000,2,2,1280706876,10000,100,10,2,10,7,7,8,57,28,29,29,184,5.75,3,8,473.2,2,57,57,114,120,120,120,1416,114,456
jovo-feature-scale-example,jovo-feature-scale-example,classification,jovo_t7,cuml,cuML SPORF,n_features,10000,2,2,1280706876,10000,100,10,2,10,8,8,10,67,33,34,34,184,6.01087,3,10,756.018,2,67,67,134,167,167,167,1872,134,536
jovo-feature-scale-example,jovo-feature-scale-example,classification,jovo_t7,cuml,cuML SPORF,n_features,10000,2,2,1280706876,10000,100,10,2,10,9,9,7,57,28,29,29,184,5.20109,3,7,239.926,2,57,57,114,127,127,127,1472,114,456
jovo-feature-scale-example,jovo-feature-scale-example,classification,jovo_t7,cuml,cuML SPORF,n_features,10000,2,2,1280706876,10000,100,10,2,10,10,10,9,63,31,32,32,184,5.11413,3,9,1215.85,2,63,63,126,128,128,128,1528,126,504
jovo-feature-scale-example,jovo-feature-scale-example,classification,jovo_t7,cuml,cuML SPORF,n_features,10000,2,2,1280706876,10000,100,10,2,10,11,11,10,47,23,24,24,184,5.32065,2,10,607.853,2,47,47,94,88,88,88,1080,94,376
jovo-feature-scale-example,jovo-feature-scale-example,classification,jovo_t7,cuml,cuML SPORF,n_features,10000,2,2,1280706876,10000,100,10,2,10,12,12,9,55,27,28,28,184,5.04891,3,9,614.419,2,55,55,110,131,131,131,1488,110,440
jovo-feature-scale-example,jovo-feature-scale-example,classification,jovo_t7,cuml,cuML SPORF,n_features,10000,2,2,1280706876,10000,100,10,2,10,13,13,8,71,35,36,36,184,5.65217,3,8,671.613,2,71,71,142,154,154,154,1800,142,568
jovo-feature-scale-example,jovo-feature-scale-example,classification,jovo_t7,cuml,cuML SPORF,n_features,10000,2,2,1280706876,10000,100,10,2,10,14,14,7,61,30,31,31,184,5.43478,3,7,550.017,2,61,61,122,151,151,151,1696,122,488
jovo-feature-scale-example,jovo-feature-scale-example,classification,jovo_t7,cuml,cuML SPORF,n_features,10000,2,2,1280706876,10000,100,10,2,10,15,15,8,57,28,29,29,184,5.42935,3,8,628.026,2,57,57,114,127,127,127,1472,114,456
jovo-feature-scale-example,jovo-feature-scale-example,classification,jovo_t7,cuml,cuML SPORF,n_features,10000,2,2,1280706876,10000,100,10,2,10,16,16,7,39,19,20,20,184,4.29348,3,7,537.261,2,39,39,78,83,83,83,976,78,312
jovo-feature-scale-example,jovo-feature-scale-example,classification,jovo_t7,cuml,cuML SPORF,n_features,10000,2,2,1280706876,10000,100,10,2,10,17,17,8,63,31,32,32,184,5.31522,3,8,529.126,2,63,63,126,135,135,135,1584,126,504
jovo-feature-scale-example,jovo-feature-scale-example,classification,jovo_t7,cuml,cuML SPORF,n_features,10000,2,2,1280706876,10000,100,10,2,10,18,18,9,67,33,34,34,184,5.55978,3,9,706.477,2,67,67,134,146,146,146,1704,134,536
jovo-feature-scale-example,jovo-feature-scale-example,classification,jovo_t7,cuml,cuML SPORF,n_features,10000,2,2,1280706876,10000,100,10,2,10,19,19,8,65,32,33,33,184,5.16848,3,8,312.924,2,65,65,130,150,150,150,1720,130,520
jovo-feature-scale-example,jovo-feature-scale-example,classification,jovo_t7,cuml,cuML SPORF,n_features,10000,2,2,1280706876,10000,100,10,2,10,20,20,7,55,27,28,28,184,4.98913,3,7,906.268,2,55,55,110,132,132,132,1496,110,440
jovo-feature-scale-example,jovo-feature-scale-example,classification,jovo_t7,cuml,cuML SPORF,n_features,10000,2,2,1280706876,10000,100,10,2,10,21,21,8,61,30,31,31,184,5.25543,2,8,618.455,2,61,61,122,131,131,131,1536,122,488
jovo-feature-scale-example,jovo-feature-scale-example,classification,jovo_t7,cuml,cuML SPORF,n_features,10000,2,2,1280706876,10000,100,10,2,10,22,22,8,51,25,26,26,184,4.90217,3,8,610.825,2,51,51,102,115,115,115,1328,102,408
jovo-feature-scale-example,jovo-feature-scale-example,classification,jovo_t7,cuml,cuML SPORF,n_features,10000,2,2,1280706876,10000,100,10,2,10,23,23,9,57,28,29,29,184,4.89674,3,9,574.035,2,57,57,114,137,137,137,1552,114,456
jovo-feature-scale-example,jovo-feature-scale-example,classification,jovo_t7,cuml,cuML SPORF,n_features,10000,2,2,1280706876,10000,100,10,2,10,24,24,8,57,28,29,29,184,4.83152,3,8,625.516,2,57,57,114,122,122,122,1432,114,456
jovo-feature-scale-example,jovo-feature-scale-example,classification,jovo_t7,cuml,cuML SPORF,n_features,10000,2,2,1280706876,10000,100,10,2,10,25,25,7,59,29,30,30,184,4.97826,3,7,518.753,2,59,59,118,131,131,131,1520,118,472
jovo-feature-scale-example,jovo-feature-scale-example,classification,jovo_t7,cuml,cuML SPORF,n_features,10000,2,2,1280706876,10000,100,10,2,10,26,26,9,55,27,28,28,184,5.11957,3,9,664.606,2,55,55,110,135,135,135,1520,110,440
jovo-feature-scale-example,jovo-feature-scale-example,classification,jovo_t7,cuml,cuML SPORF,n_features,10000,2,2,1280706876,10000,100,10,2,10,27,27,8,63,31,32,32,184,5.30435,3,8,475.664,2,63,63,126,137,137,137,1600,126,504
jovo-feature-scale-example,jovo-feature-scale-example,classification,jovo_t7,cuml,cuML SPORF,n_features,10000,2,2,1280706876,10000,100,10,2,10,28,28,8,71,35,36,36,184,6.02717,3,8,617.016,2,71,71,142,166,166,166,1896,142,568
jovo-feature-scale-example,jovo-feature-scale-example,classification,jovo_t7,cuml,cuML SPORF,n_features,10000,2,2,1280706876,10000,100,10,2,10,29,29,8,77,38,39,39,184,5.58152,3,8,622.397,2,77,77,154,154,154,154,1848,154,616
jovo-feature-scale-example,jovo-feature-scale-example,classification,jovo_t7,cuml,cuML SPORF,n_features,10000,2,2,1280706876,10000,100,10,2,10,30,30,8,61,30,31,31,184,5.21739,3,8,883.409,2,61,61,122,144,144,144,1640,122,488
jovo-feature-scale-example,jovo-feature-scale-example,classification,jovo_t7,cuml,cuML SPORF,n_features,10000,2,2,1280706876,10000,100,10,2,10,31,31,8,61,30,31,31,184,5.38043,3,8,709.282,2,61,61,122,150,150,150,1688,122,488
jovo-feature-scale-example,jovo-feature-scale-example,classification,jovo_t7,cuml,cuML SPORF,n_features,10000,2,2,1280706876,10000,100,10,2,10,32,32,7,61,30,31,31,184,5.30978,3,7,511.097,2,61,61,122,139,139,139,1600,122,488
jovo-feature-scale-example,jovo-feature-scale-example,classification,jovo_t7,cuml,cuML SPORF,n_features,10000,2,2,1280706876,10000,100,10,2,10,33,33,8,71,35,36,36,184,5.5,3,8,629.472,2,71,71,142,168,168,168,1912,142,568
jovo-feature-scale-example,jovo-feature-scale-example,classification,jovo_t7,cuml,cuML SPORF,n_features,10000,2,2,1280706876,10000,100,10,2,10,34,34,8,69,34,35,35,184,5.54891,3,8,603.451,2,69,69,138,154,154,154,1784,138,552
jovo-feature-scale-example,jovo-feature-scale-example,classification,jovo_t7,cuml,cuML SPORF,n_features,10000,2,2,1280706876,10000,100,10,2,10,35,35,7,47,23,24,24,184,4.53804,3,7,553.832,2,47,47,94,117,117,117,1312,94,376
jovo-feature-scale-example,jovo-feature-scale-example,classification,jovo_t7,cuml,cuML SPORF,n_features,10000,2,2,1280706876,10000,100,10,2,10,36,36,9,63,31,32,32,184,5.80435,3,9,667.425,2,63,63,126,160,160,160,1784,126,504
jovo-feature-scale-example,jovo-feature-scale-example,classification,jovo_t7,cuml,cuML SPORF,n_features,10000,2,2,1280706876,10000,100,10,2,10,37,37,7,57,28,29,29,184,5.23913,3,7,469.85,2,57,57,114,129,129,129,1488,114,456
jovo-feature-scale-example,jovo-feature-scale-example,classification,jovo_t7,cuml,cuML SPORF,n_features,10000,2,2,1280706876,10000,100,10,2,10,38,38,8,57,28,29,29,184,5.34783,3,8,527.298,2,57,57,114,134,134,134,1528,114,456
jovo-feature-scale-example,jovo-feature-scale-example,classification,jovo_t7,cuml,cuML SPORF,n_features,10000,2,2,1280706876,10000,100,10,2,10,39,39,8,57,28,29,29,184,4.8913,2,8,545.916,2,57,57,114,128,128,128,1480,114,456
jovo-feature-scale-example,jovo-feature-scale-example,classification,jovo_t7,cuml,cuML SPORF,n_features,10000,2,2,1280706876,10000,100,10,2,10,40,40,6,51,25,26,26,184,4.69022,4,6,864.768,2,51,51,102,123,123,123,1392,102,408
jovo-feature-scale-example,jovo-feature-scale-example,classification,jovo_t7,cuml,cuML SPORF,n_features,10000,2,2,1280706876,10000,100,10,2,10,41,41,7,55,27,28,28,184,4.86413,3,7,587.987,2,55,55,110,115,115,115,1360,110,440
jovo-feature-scale-example,jovo-feature-scale-example,classification,jovo_t7,cuml,cuML SPORF,n_features,10000,2,2,1280706876,10000,100,10,2,10,42,42,8,55,27,28,28,184,4.83152,2,8,653.881,2,55,55,110,125,125,125,1440,110,440
jovo-feature-scale-example,jovo-feature-scale-example,classification,jovo_t7,cuml,cuML SPORF,n_features,10000,2,2,1280706876,10000,100,10,2,10,43,43,9,59,29,30,30,184,5.28261,3,9,619.498,2,59,59,118,140,140,140,1592,118,472
jovo-feature-scale-example,jovo-feature-scale-example,classification,jovo_t7,cuml,cuML SPORF,n_features,10000,2,2,1280706876,10000,100,10,2,10,44,44,8,59,29,30,30,184,5.89674,3,8,583.255,2,59,59,118,135,135,135,1552,118,472
jovo-feature-scale-example,jovo-feature-scale-example,classification,jovo_t7,cuml,cuML SPORF,n_features,10000,2,2,1280706876,10000,100,10,2,10,45,45,8,69,34,35,35,184,5.96739,3,8,692.738,2,69,69,138,154,154,154,1784,138,552
jovo-feature-scale-example,jovo-feature-scale-example,classification,jovo_t7,cuml,cuML SPORF,n_features,10000,2,2,1280706876,10000,100,10,2,10,46,46,7,59,29,30,30,184,5.125,3,7,477.829,2,59,59,118,127,127,127,1488,118,472
jovo-feature-scale-example,jovo-feature-scale-example,classification,jovo_t7,cuml,cuML SPORF,n_features,10000,2,2,1280706876,10000,100,10,2,10,47,47,7,55,27,28,28,184,5.13587,2,7,483.142,2,55,55,110,130,130,130,1480,110,440
jovo-feature-scale-example,jovo-feature-scale-example,classification,jovo_t7,cuml,cuML SPORF,n_features,10000,2,2,1280706876,10000,100,10,2,10,48,48,9,53,26,27,27,184,5.19022,3,9,580.107,2,53,53,106,117,117,117,1360,106,424
jovo-feature-scale-example,jovo-feature-scale-example,classification,jovo_t7,cuml,cuML SPORF,n_features,10000,2,2,1280706876,10000,100,10,2,10,49,49,8,57,28,29,29,184,4.97283,4,8,490.197,2,57,57,114,123,123,123,1440,114,456
jovo-feature-scale-example,jovo-feature-scale-example,classification,jovo_t7,cuml,cuML SPORF,n_features,10000,2,2,1280706876,10000,100,10,2,10,50,50,9,53,26,27,27,184,5.05435,3,9,1054.82,2,53,53,106,125,125,125,1424,106,424
jovo-feature-scale-example,jovo-feature-scale-example,classification,jovo_t7,cuml,cuML SPORF,n_features,10000,2,2,1280706876,10000,100,10,2,10,51,51,9,61,30,31,31,184,5.25543,3,9,744.792,2,61,61,122,121,121,121,1456,122,488
jovo-feature-scale-example,jovo-feature-scale-example,classification,jovo_t7,cuml,cuML SPORF,n_features,10000,2,2,1280706876,10000,100,10,2,10,52,52,8,61,30,31,31,184,5.33152,4,8,667.696,2,61,61,122,141,141,141,1616,122,488
jovo-feature-scale-example,jovo-feature-scale-example,classification,jovo_t7,cuml,cuML SPORF,n_features,10000,2,2,1280706876,10000,100,10,2,10,53,53,8,57,28,29,29,184,5.07609,3,8,617.136,2,57,57,114,112,112,112,1352,114,456
jovo-feature-scale-example,jovo-feature-scale-example,classification,jovo_t7,cuml,cuML SPORF,n_features,10000,2,2,1280706876,10000,100,10,2,10,54,54,7,65,32,33,33,184,5.80435,2,7,625.045,2,65,65,130,170,170,170,1880,130,520
jovo-feature-scale-example,jovo-feature-scale-example,classification,jovo_t7,cuml,cuML SPORF,n_features,10000,2,2,1280706876,10000,100,10,2,10,55,55,8,45,22,23,23,184,4.76087,3,8,615.397,2,45,45,90,88,88,88,1064,90,360
jovo-feature-scale-example,jovo-feature-scale-example,classification,jovo_t7,cuml,cuML SPORF,n_features,10000,2,2,1280706876,10000,100,10,2,10,56,56,7,65,32,33,33,184,5.25543,3,7,636.935,2,65,65,130,133,133,133,1584,130,520
jovo-feature-scale-example,jovo-feature-scale-example,classification,jovo_t7,cuml,cuML SPORF,n_features,10000,2,2,1280706876,10000,100,10,2,10,57,57,10,57,28,29,29,184,5.41304,3,10,723.983,2,57,57,114,141,141,141,1584,114,456
jovo-feature-scale-example,jovo-feature-scale-example,classification,jovo_t7,cuml,cuML SPORF,n_features,10000,2,2,1280706876,10000,100,10,2,10,58,58,10,61,30,31,31,184,5.625,3,10,599.353,2,61,61,122,124,124,124,1480,122,488
jovo-feature-scale-example,jovo-feature-scale-example,classification,jovo_t7,cuml,cuML SPORF,n_features,10000,2,2,1280706876,10000,100,10,2,10,59,59,7,57,28,29,29,184,5.35326,3,7,146.824,2,57,57,114,135,135,135,1536,114,456
jovo-feature-scale-example,jovo-feature-scale-example,classification,jovo_t7,cuml,cuML SPORF,n_features,10000,2,2,1280706876,10000,100,10,2,10,60,60,8,59,29,30,30,184,5.33152,3,8,822.912,2,59,59,118,133,133,133,1536,118,472
jovo-feature-scale-example,jovo-feature-scale-example,classification,jovo_t7,cuml,cuML SPORF,n_features,10000,2,2,1280706876,10000,100,10,2,10,61,61,7,59,29,30,30,184,4.9837,3,7,630.133,2,59,59,118,139,139,139,1584,118,472
jovo-feature-scale-example,jovo-feature-scale-example,classification,jovo_t7,cuml,cuML SPORF,n_features,10000,2,2,1280706876,10000,100,10,2,10,62,62,11,59,29,30,30,184,5.9837,2,11,766.822,2,59,59,118,116,116,116,1400,118,472
jovo-feature-scale-example,jovo-feature-scale-example,classification,jovo_t7,cuml,cuML SPORF,n_features,10000,2,2,1280706876,10000,100,10,2,10,63,63,8,67,33,34,34,184,5.56522,3,8,579.254,2,67,67,134,151,151,151,1744,134,536
jovo-feature-scale-example,jovo-feature-scale-example,classification,jovo_t7,cuml,cuML SPORF,n_features,10000,2,2,1280706876,10000,100,10,2,10,64,64,8,53,26,27,27,184,5.16304,3,8,675.55,2,53,53,106,121,121,121,1392,106,424
jovo-feature-scale-example,jovo-feature-scale-example,classification,jovo_t7,cuml,cuML SPORF,n_features,10000,2,2,1280706876,10000,100,10,2,10,65,65,8,63,31,32,32,184,5.48913,3,8,541.672,2,63,63,126,128,128,128,1528,126,504
jovo-feature-scale-example,jovo-feature-scale-example,classification,jovo_t7,cuml,cuML SPORF,n_features,10000,2,2,1280706876,10000,100,10,2,10,66,66,8,65,32,33,33,184,5.65217,3,8,576.747,2,65,65,130,130,130,130,1560,130,520
jovo-feature-scale-example,jovo-feature-scale-example,classification,jovo_t7,cuml,cuML SPORF,n_features,10000,2,2,1280706876,10000,100,10,2,10,67,67,7,57,28,29,29,184,5.29891,3,7,405.256,2,57,57,114,127,127,127,1472,114,456
jovo-feature-scale-example,jovo-feature-scale-example,classification,jovo_t7,cuml,cuML SPORF,n_features,10000,2,2,1280706876,10000,100,10,2,10,68,68,7,55,27,28,28,184,4.59239,3,7,523.334,2,55,55,110,110,110,110,1320,110,440
jovo-feature-scale-example,jovo-feature-scale-example,classification,jovo_t7,cuml,cuML SPORF,n_features,10000,2,2,1280706876,10000,100,10,2,10,69,69,10,59,29,30,30,184,6.10326,2,10,661.444,2,59,59,118,123,123,123,1456,118,472
jovo-feature-scale-example,jovo-feature-scale-example,classification,jovo_t7,cuml,cuML SPORF,n_features,10000,2,2,1280706876,10000,100,10,2,10,70,70,10,65,32,33,33,184,6.64674,3,10,1162.36,2,65,65,130,154,154,154,1752,130,520
jovo-feature-scale-example,jovo-feature-scale-example,classification,jovo_t7,cuml,cuML SPORF,n_features,10000,2,2,1280706876,10000,100,10,2,10,71,71,9,65,32,33,33,184,5.36413,3,9,826.941,2,65,65,130,159,159,159,1792,130,520
jovo-feature-scale-example,jovo-feature-scale-example,classification,jovo_t7,cuml,cuML SPORF,n_features,10000,2,2,1280706876,10000,100,10,2,10,72,72,9,61,30,31,31,184,4.99457,3,9,533.281,2,61,61,122,162,162,162,1784,122,488
jovo-feature-scale-example,jovo-feature-scale-example,classification,jovo_t7,cuml,cuML SPORF,n_features,10000,2,2,1280706876,10000,100,10,2,10,73,73,8,53,26,27,27,184,5.14674,3,8,536.947,2,53,53,106,126,126,126,1432,106,424
jovo-feature-scale-example,jovo-feature-scale-example,classification,jovo_t7,cuml,cuML SPORF,n_features,10000,2,2,1280706876,10000,100,10,2,10,74,74,8,67,33,34,34,184,5.54348,3,8,612.982,2,67,67,134,175,175,175,1936,134,536
jovo-feature-scale-example,jovo-feature-scale-example,classification,jovo_t7,cuml,cuML SPORF,n_features,10000,2,2,1280706876,10000,100,10,2,10,75,75,9,59,29,30,30,184,5.20652,3,9,821.75,2,59,59,118,117,117,117,1408,118,472
jovo-feature-scale-example,jovo-feature-scale-example,classification,jovo_t7,cuml,cuML SPORF,n_features,10000,2,2,1280706876,10000,100,10,2,10,76,76,9,65,32,33,33,184,5.46196,3,9,500.51,2,65,65,130,154,154,154,1752,130,520
jovo-feature-scale-example,jovo-feature-scale-example,classification,jovo_t7,cuml,cuML SPORF,n_features,10000,2,2,1280706876,10000,100,10,2,10,77,77,9,61,30,31,31,184,5.63043,3,9,653.217,2,61,61,122,121,121,121,1456,122,488
jovo-feature-scale-example,jovo-feature-scale-example,classification,jovo_t7,cuml,cuML SPORF,n_features,10000,2,2,1280706876,10000,100,10,2,10,78,78,8,65,32,33,33,184,5.05978,3,8,518.064,2,65,65,130,132,132,132,1576,130,520
jovo-feature-scale-example,jovo-feature-scale-example,classification,jovo_t7,cuml,cuML SPORF,n_features,10000,2,2,1280706876,10000,100,10,2,10,79,79,8,69,34,35,35,184,5.66304,3,8,273.316,2,69,69,138,153,153,153,1776,138,552
jovo-feature-scale-example,jovo-feature-scale-example,classification,jovo_t7,cuml,cuML SPORF,n_features,10000,2,2,1280706876,10000,100,10,2,10,80,80,8,55,27,28,28,184,5.07065,2,8,962.375,2,55,55,110,140,140,140,1560,110,440
jovo-feature-scale-example,jovo-feature-scale-example,classification,jovo_t7,cuml,cuML SPORF,n_features,10000,2,2,1280706876,10000,100,10,2,10,81,81,8,67,33,34,34,184,5.34783,3,8,591.893,2,67,67,134,119,119,119,1488,134,536
jovo-feature-scale-example,jovo-feature-scale-example,classification,jovo_t7,cuml,cuML SPORF,n_features,10000,2,2,1280706876,10000,100,10,2,10,82,82,8,59,29,30,30,184,5.3587,3,8,580.75,2,59,59,118,136,136,136,1560,118,472
jovo-feature-scale-example,jovo-feature-scale-example,classification,jovo_t7,cuml,cuML SPORF,n_features,10000,2,2,1280706876,10000,100,10,2,10,83,83,8,59,29,30,30,184,5.32609,3,8,522.585,2,59,59,118,127,127,127,1488,118,472
jovo-feature-scale-example,jovo-feature-scale-example,classification,jovo_t7,cuml,cuML SPORF,n_features,10000,2,2,1280706876,10000,100,10,2,10,84,84,9,49,24,25,25,184,4.875,3,9,702.075,2,49,49,98,127,127,127,1408,98,392
jovo-feature-scale-example,jovo-feature-scale-example,classification,jovo_t7,cuml,cuML SPORF,n_features,10000,2,2,1280706876,10000,100,10,2,10,85,85,8,75,37,38,38,184,5.82609,3,8,748.999,2,75,75,150,171,171,171,1968,150,600
jovo-feature-scale-example,jovo-feature-scale-example,classification,jovo_t7,cuml,cuML SPORF,n_features,10000,2,2,1280706876,10000,100,10,2,10,86,86,7,61,30,31,31,184,5.54348,2,7,449.236,2,61,61,122,142,142,142,1624,122,488
jovo-feature-scale-example,jovo-feature-scale-example,classification,jovo_t7,cuml,cuML SPORF,n_features,10000,2,2,1280706876,10000,100,10,2,10,87,87,7,49,24,25,25,184,4.63587,3,7,465.445,2,49,49,98,95,95,95,1152,98,392
jovo-feature-scale-example,jovo-feature-scale-example,classification,jovo_t7,cuml,cuML SPORF,n_features,10000,2,2,1280706876,10000,100,10,2,10,88,88,8,55,27,28,28,184,5.30435,3,8,659.891,2,55,55,110,119,119,119,1392,110,440
jovo-feature-scale-example,jovo-feature-scale-example,classification,jovo_t7,cuml,cuML SPORF,n_features,10000,2,2,1280706876,10000,100,10,2,10,89,89,8,55,27,28,28,184,5.32609,3,8,483.165,2,55,55,110,106,106,106,1288,110,440
jovo-feature-scale-example,jovo-feature-scale-example,classification,jovo_t7,cuml,cuML SPORF,n_features,10000,2,2,1280706876,10000,100,10,2,10,90,90,7,57,28,29,29,184,4.84783,3,7,918.57,2,57,57,114,128,128,128,1480,114,456
jovo-feature-scale-example,jovo-feature-scale-example,classification,jovo_t7,cuml,cuML SPORF,n_features,10000,2,2,1280706876,10000,100,10,2,10,91,91,7,63,31,32,32,184,5.16304,4,7,637.795,2,63,63,126,147,147,147,1680,126,504
jovo-feature-scale-example,jovo-feature-scale-example,classification,jovo_t7,cuml,cuML SPORF,n_features,10000,2,2,1280706876,10000,100,10,2,10,92,92,8,59,29,30,30,184,5.27717,3,8,581.223,2,59,59,118,147,147,147,1648,118,472
jovo-feature-scale-example,jovo-feature-scale-example,classification,jovo_t7,cuml,cuML SPORF,n_features,10000,2,2,1280706876,10000,100,10,2,10,93,93,8,61,30,31,31,184,5.42391,2,8,483.436,2,61,61,122,159,159,159,1760,122,488
jovo-feature-scale-example,jovo-feature-scale-example,classification,jovo_t7,cuml,cuML SPORF,n_features,10000,2,2,1280706876,10000,100,10,2,10,94,94,9,57,28,29,29,184,5.54348,2,9,641.338,2,57,57,114,137,137,137,1552,114,456
jovo-feature-scale-example,jovo-feature-scale-example,classification,jovo_t7,cuml,cuML SPORF,n_features,10000,2,2,1280706876,10000,100,10,2,10,95,95,8,49,24,25,25,184,5.22826,2,8,556.823,2,49,49,98,123,123,123,1376,98,392
jovo-feature-scale-example,jovo-feature-scale-example,classification,jovo_t7,cuml,cuML SPORF,n_features,10000,2,2,1280706876,10000,100,10,2,10,96,96,9,61,30,31,31,184,5.41848,4,9,691.445,2,61,61,122,158,158,158,1752,122,488
jovo-feature-scale-example,jovo-feature-scale-example,classification,jovo_t7,cuml,cuML SPORF,n_features,10000,2,2,1280706876,10000,100,10,2,10,97,97,11,65,32,33,33,184,5.22283,4,11,650.704,2,65,65,130,142,142,142,1656,130,520
jovo-feature-scale-example,jovo-feature-scale-example,classification,jovo_t7,cuml,cuML SPORF,n_features,10000,2,2,1280706876,10000,100,10,2,10,98,98,7,55,27,28,28,184,4.9837,3,7,524.481,2,55,55,110,117,117,117,1376,110,440
jovo-feature-scale-example,jovo-feature-scale-example,classification,jovo_t7,cuml,cuML SPORF,n_features,10000,2,2,1280706876,10000,100,10,2,10,99,99,11,57,28,29,29,184,5.58696,3,11,622.11,2,57,57,114,147,147,147,1632,114,456
jovo-feature-scale-example,jovo-feature-scale-example,classification,jovo_t7,cuml,cuML SPORF,n_features,10000,2,3,1470347820,10000,100,10,2,10,0,0,10,59,29,30,30,184,5.1087,3,10,1044.78,2,59,59,118,118,118,118,1416,118,472
jovo-feature-scale-example,jovo-feature-scale-example,classification,jovo_t7,cuml,cuML SPORF,n_features,10000,2,3,1470347820,10000,100,10,2,10,1,1,8,55,27,28,28,184,4.82609,3,8,624.775,2,55,55,110,131,131,131,1488,110,440
jovo-feature-scale-example,jovo-feature-scale-example,classification,jovo_t7,cuml,cuML SPORF,n_features,10000,2,3,1470347820,10000,100,10,2,10,2,2,9,65,32,33,33,184,6.02717,3,9,692.704,2,65,65,130,147,147,147,1696,130,520
jovo-feature-scale-example,jovo-feature-scale-example,classification,jovo_t7,cuml,cuML SPORF,n_features,10000,2,3,1470347820,10000,100,10,2,10,3,3,8,55,27,28,28,184,4.8913,3,8,644.58,2,55,55,110,130,130,130,1480,110,440
jovo-feature-scale-example,jovo-feature-scale-example,classification,jovo_t7,cuml,cuML SPORF,n_features,10000,2,3,1470347820,10000,100,10,2,10,4,4,7,59,29,30,30,184,5.36413,3,7,585.854,2,59,59,118,140,140,140,1592,118,472
jovo-feature-scale-example,jovo-feature-scale-example,classification,jovo_t7,cuml,cuML SPORF,n_features,10000,2,3,1470347820,10000,100,10,2,10,5,5,9,61,30,31,31,184,5.375,2,9,605.387,2,61,61,122,140,140,140,1608,122,488
jovo-feature-scale-example,jovo-feature-scale-example,classification,jovo_t7,cuml,cuML SPORF,n_features,10000,2,3,1470347820,10000,100,10,2,10,6,6,10,53,26,27,27,184,5.57609,2,10,771.77,2,53,53,106,128,128,128,1448,106,424
jovo-feature-scale-example,jovo-feature-scale-example,classification,jovo_t7,cuml,cuML SPORF,n_features,10000,2,3,1470347820,10000,100,10,2,10,7,7,7,49,24,25,25,184,4.6413,3,7,410.534,2,49,49,98,103,103,103,1216,98,392
jovo-feature-scale-example,jovo-feature-scale-example,classification,jovo_t7,cuml,cuML SPORF,n_features,10000,2,3,1470347820,10000,100,10,2,10,8,8,8,65,32,33,33,184,5.31522,3,8,733.569,2,65,65,130,148,148,148,1704,130,520
jovo-feature-scale-example,jovo-feature-scale-example,classification,jovo_t7,cuml,cuML SPORF,n_features,10000,2,3,1470347820,10000,100,10,2,10,9,9,7,59,29,30,30,184,5.04348,3,7,333.708,2,59,59,118,122,122,122,1448,118,472
jovo-feature-scale-example,jovo-feature-scale-example,classification,jovo_t7,cuml,cuML SPORF,n_features,10000,2,3,1470347820,10000,100,10,2,10,10,10,11,69,34,35,35,184,5.56522,3,11,1101.39,2,69,69,138,157,157,157,1808,138,552
jovo-feature-scale-example,jovo-feature-scale-example,classification,jovo_t7,cuml,cuML SPORF,n_features,10000,2,3,1470347820,10000,100,10,2,10,11,11,7,63,31,32,32,184,5.44565,3,7,566.779,2,63,63,126,126,126,126,1512,126,504
jovo-feature-scale-example,jovo-feature-scale-example,classification,jovo_t7,cuml,cuML SPORF,n_features,10000,2,3,1470347820,10000,100,10,2,10,12,12,7,49,24,25,25,184,4.64674,2,7,491.115,2,49,49,98,134,134,134,1464,98,392
jovo-feature-scale-example,jovo-feature-scale-example,classification,jovo_t7,cuml,cuML SPORF,n_features,10000,2,3,1470347820,10000,100,10,2,10,13,13,7,53,26,27,27,184,4.61413,2,7,551.427,2,53,53,106,123,123,123,1408,106,424
jovo-feature-scale-example,jovo-feature-scale-example,classification,jovo_t7,cuml,cuML SPORF,n_features,10000,2,3,1470347820,10000,100,10,2,10,14,14,8,59,29,30,30,184,5.06522,3,8,614.904,2,59,59,118,150,150,150,1672,118,472
jovo-feature-scale-example,jovo-feature-scale-example,classification,jovo_t7,cuml,cuML SPORF,n_features,10000,2,3,1470347820,10000,100,10,2,10,15,15,7,63,31,32,32,184,5.07609,3,7,632.862,2,63,63,126,132,132,132,1560,126,504
jovo-feature-scale-example,jovo-feature-scale-example,classification,jovo_t7,cuml,cuML SPORF,n_features,10000,2,3,1470347820,10000,100,10,2,10,16,16,8,55,27,28,28,184,4.92391,3,8,625.687,2,55,55,110,123,123,123,1424,110,440
jovo-feature-scale-example,jovo-feature-scale-example,classification,jovo_t7,cuml,cuML SPORF,n_features,10000,2,3,1470347820,10000,100,10,2,10,17,17,8,65,32,33,33,184,5.65217,3,8,657.549,2,65,65,130,158,158,158,1784,130,520
jovo-feature-scale-example,jovo-feature-scale-example,classification,jovo_t7,cuml,cuML SPORF,n_features,10000,2,3,1470347820,10000,100,10,2,10,18,18,7,65,32,33,33,184,5.40761,3,7,496.187,2,65,65,130,132,132,132,1576,130,520
jovo-feature-scale-example,jovo-feature-scale-example,classification,jovo_t7,cuml,cuML SPORF,n_features,10000,2,3,1470347820,10000,100,10,2,10,19,19,10,57,28,29,29,184,6.02174,3,10,708.055,2,57,57,114,123,123,123,1440,114,456
jovo-feature-scale-example,jovo-feature-scale-example,classification,jovo_t7,cuml,cuML SPORF,n_features,10000,2,3,1470347820,10000,100,10,2,10,20,20,9,53,26,27,27,184,4.71196,2,9,1008.4,2,53,53,106,124,124,124,1416,106,424
jovo-feature-scale-example,jovo-feature-scale-example,classification,jovo_t7,cuml,cuML SPORF,n_features,10000,2,3,1470347820,10000,100,10,2,10,21,21,9,51,25,26,26,184,5,3,9,619.295,2,51,51,102,118,118,118,1352,102,408
jovo-feature-scale-example,jovo-feature-scale-example,classification,jovo_t7,cuml,cuML SPORF,n_features,10000,2,3,1470347820,10000,100,10,2,10,22,22,11,55,27,28,28,184,5.55978,3,11,654.143,2,55,55,110,117,117,117,1376,110,440
jovo-feature-scale-example,jovo-feature-scale-example,classification,jovo_t7,cuml,cuML SPORF,n_features,10000,2,3,1470347820,10000,100,10,2,10,23,23,7,55,27,28,28,184,4.95652,3,7,530.031,2,55,55,110,116,116,116,1368,110,440
jovo-feature-scale-example,jovo-feature-scale-example,classification,jovo_t7,cuml,cuML SPORF,n_features,10000,2,3,1470347820,10000,100,10,2,10,24,24,6,51,25,26,26,184,4.46196,3,6,484.642,2,51,51,102,117,117,117,1344,102,408
jovo-feature-scale-example,jovo-feature-scale-example,classification,jovo_t7,cuml,cuML SPORF,n_features,10000,2,3,1470347820,10000,100,10,2,10,25,25,10,67,33,34,34,184,5.40761,3,10,759.234,2,67,67,134,148,148,148,1720,134,536
jovo-feature-scale-example,jovo-feature-scale-example,classification,jovo_t7,cuml,cuML SPORF,n_features,10000,2,3,1470347820,10000,100,10,2,10,26,26,8,57,28,29,29,184,5.84239,2,8,718.791,2,57,57,114,151,151,151,1664,114,456
jovo-feature-scale-example,jovo-feature-scale-example,classification,jovo_t7,cuml,cuML SPORF,n_features,10000,2,3,1470347820,10000,100,10,2,10,27,27,7,57,28,29,29,184,5.48913,3,7,468.348,2,57,57,114,139,139,139,1568,114,456
jovo-feature-scale-example,jovo-feature-scale-example,classification,jovo_t7,cuml,cuML SPORF,n_features,10000,2,3,1470347820,10000,100,10,2,10,28,28,9,63,31,32,32,184,5.44565,3,9,581.22,2,63,63,126,139,139,139,1616,126,504
jovo-feature-scale-example,jovo-feature-scale-example,classification,jovo_t7,cuml,cuML SPORF,n_features,10000,2,3,1470347820,10000,100,10,2,10,29,29,7,57,28,29,29,184,4.94565,3,7,527.271,2,57,57,114,128,128,128,1480,114,456
jovo-feature-scale-example,jovo-feature-scale-example,classification,jovo_t7,cuml,cuML SPORF,n_features,10000,2,3,1470347820,10000,100,10,2,10,30,30,6,55,27,28,28,184,4.96739,3,6,739.393,2,55,55,110,126,126,126,1448,110,440
jovo-feature-scale-example,jovo-feature-scale-example,classification,jovo_t7,cuml,cuML SPORF,n_features,10000,2,3,1470347820,10000,100,10,2,10,31,31,8,65,32,33,33,184,5.38043,2,8,613.668,2,65,65,130,137,137,137,1616,130,520
jovo-feature-scale-example,jovo-feature-scale-example,classification,jovo_t7,cuml,cuML SPORF,n_features,10000,2,3,1470347820,10000,100,10,2,10,32,32,8,55,27,28,28,184,4.63587,3,8,631.442,2,55,55,110,124,124,124,1432,110,440
jovo-feature-scale-example,jovo-feature-scale-example,classification,jovo_t7,cuml,cuML SPORF,n_features,10000,2,3,1470347820,10000,100,10,2,10,33,33,9,57,28,29,29,184,5.77717,3,9,593.389,2,57,57,114,133,133,133,1520,114,456
jovo-feature-scale-example,jovo-feature-scale-example,classification,jovo_t7,cuml,cuML SPORF,n_features,10000,2,3,1470347820,10000,100,10,2,10,34,34,10,61,30,31,31,184,5.5163,3,10,782.387,2,61,61,122,133,133,133,1552,122,488
jovo-feature-scale-example,jovo-feature-scale-example,classification,jovo_t7,cuml,cuML SPORF,n_features,10000,2,3,1470347820,10000,100,10,2,10,35,35,8,59,29,30,30,184,5.19022,3,8,654.168,2,59,59,118,139,139,139,1584,118,472
jovo-feature-scale-example,jovo-feature-scale-example,classification,jovo_t7,cuml,cuML SPORF,n_features,10000,2,3,1470347820,10000,100,10,2,10,36,36,7,67,33,34,34,184,5.49457,3,7,582.34,2,67,67,134,150,150,150,1736,134,536
jovo-feature-scale-example,jovo-feature-scale-example,classification,jovo_t7,cuml,cuML SPORF,n_features,10000,2,3,1470347820,10000,100,10,2,10,37,37,8,53,26,27,27,184,4.95109,2,8,522.749,2,53,53,106,132,132,132,1480,106,424
jovo-feature-scale-example,jovo-feature-scale-example,classification,jovo_t7,cuml,cuML SPORF,n_features,10000,2,3,1470347820,10000,100,10,2,10,38,38,7,61,30,31,31,184,5.375,3,7,468.268,2,61,61,122,138,138,138,1592,122,488
jovo-feature-scale-example,jovo-feature-scale-example,classification,jovo_t7,cuml,cuML SPORF,n_features,10000,2,3,1470347820,10000,100,10,2,10,39,39,9,63,31,32,32,184,5.58696,2,9,763.792,2,63,63,126,133,133,133,1568,126,504
jovo-feature-scale-example,jovo-feature-scale-example,classification,jovo_t7,cuml,cuML SPORF,n_features,10000,2,3,1470347820,10000,100,10,2,10,40,40,9,61,30,31,31,184,5.9837,3,9,1033.36,2,61,61,122,124,124,124,1480,122,488
jovo-feature-scale-example,jovo-feature-scale-example,classification,jovo_t7,cuml,cuML SPORF,n_features,10000,2,3,1470347820,10000,100,10,2,10,41,41,8,69,34,35,35,184,5.02717,3,8,719.292,2,69,69,138,167,167,167,1888,138,552
jovo-feature-scale-example,jovo-feature-scale-example,classification,jovo_t7,cuml,cuML SPORF,n_features,10000,2,3,1470347820,10000,100,10,2,10,42,42,8,51,25,26,26,184,4.625,3,8,529.455,2,51,51,102,125,125,125,1408,102,408
jovo-feature-scale-example,jovo-feature-scale-example,classification,jovo_t7,cuml,cuML SPORF,n_features,10000,2,3,1470347820,10000,100,10,2,10,43,43,8,61,30,31,31,184,5.09783,3,8,554.691,2,61,61,122,140,140,140,1608,122,488
jovo-feature-scale-example,jovo-feature-scale-example,classification,jovo_t7,cuml,cuML SPORF,n_features,10000,2,3,1470347820,10000,100,10,2,10,44,44,8,59,29,30,30,184,5.125,2,8,504.216,2,59,59,118,117,117,117,1408,118,472
jovo-feature-scale-example,jovo-feature-scale-example,classification,jovo_t7,cuml,cuML SPORF,n_features,10000,2,3,1470347820,10000,100,10,2,10,45,45,7,59,29,30,30,184,5.09783,4,7,576.007,2,59,59,118,130,130,130,1512,118,472
jovo-feature-scale-example,jovo-feature-scale-example,classification,jovo_t7,cuml,cuML SPORF,n_features,10000,2,3,1470347820,10000,100,10,2,10,46,46,9,59,29,30,30,184,4.90217,3,9,670.003,2,59,59,118,113,113,113,1376,118,472
jovo-feature-scale-example,jovo-feature-scale-example,classification,jovo_t7,cuml,cuML SPORF,n_features,10000,2,3,1470347820,10000,100,10,2,10,47,47,8,47,23,24,24,184,4.40217,3,8,534.299,2,47,47,94,112,112,112,1272,94,376
jovo-feature-scale-example,jovo-feature-scale-example,classification,jovo_t7,cuml,cuML SPORF,n_features,10000,2,3,1470347820,10000,100,10,2,10,48,48,10,59,29,30,30,184,5.22826,3,10,770.385,2,59,59,118,145,145,145,1632,118,472
jovo-feature-scale-example,jovo-feature-scale-example,classification,jovo_t7,cuml,cuML SPORF,n_features,10000,2,3,1470347820,10000,100,10,2,10,49,49,8,63,31,32,32,184,5.375,3,8,541.588,2,63,63,126,139,139,139,1616,126,504
jovo-feature-scale-example,jovo-feature-scale-example,classification,jovo_t7,cuml,cuML SPORF,n_features,10000,2,3,1470347820,10000,100,10,2,10,50,50,8,61,30,31,31,184,5.11413,2,8,1047.08,2,61,61,122,146,146,146,1656,122,488
jovo-feature-scale-example,jovo-feature-scale-example,classification,jovo_t7,cuml,cuML SPORF,n_features,10000,2,3,1470347820,10000,100,10,2,10,51,51,9,61,30,31,31,184,5.4837,3,9,651.621,2,61,61,122,133,133,133,1552,122,488
jovo-feature-scale-example,jovo-feature-scale-example,classification,jovo_t7,cuml,cuML SPORF,n_features,10000,2,3,1470347820,10000,100,10,2,10,52,52,9,63,31,32,32,184,5.23913,2,9,611.277,2,63,63,126,159,159,159,1776,126,504
jovo-feature-scale-example,jovo-feature-scale-example,classification,jovo_t7,cuml,cuML SPORF,n_features,10000,2,3,1470347820,10000,100,10,2,10,53,53,9,55,27,28,28,184,5.07065,3,9,750.051,2,55,55,110,140,140,140,1560,110,440
jovo-feature-scale-example,jovo-feature-scale-example,classification,jovo_t7,cuml,cuML SPORF,n_features,10000,2,3,1470347820,10000,100,10,2,10,54,54,8,61,30,31,31,184,5.47826,3,8,594.55,2,61,61,122,137,137,137,1584,122,488
jovo-feature-scale-example,jovo-feature-scale-example,classification,jovo_t7,cuml,cuML SPORF,n_features,10000,2,3,1470347820,10000,100,10,2,10,55,55,8,71,35,36,36,184,5.74457,3,8,687.316,2,71,71,142,150,150,150,1768,142,568
jovo-feature-scale-example,jovo-feature-scale-example,classification,jovo_t7,cuml,cuML SPORF,n_features,10000,2,3,1470347820,10000,100,10,2,10,56,56,9,63,31,32,32,184,6.50543,3,9,663.39,2,63,63,126,151,151,151,1712,126,504
jovo-feature-scale-example,jovo-feature-scale-example,classification,jovo_t7,cuml,cuML SPORF,n_features,10000,2,3,1470347820,10000,100,10,2,10,57,57,9,65,32,33,33,184,5.44565,3,9,547.043,2,65,65,130,162,162,162,1816,130,520
jovo-feature-scale-example,jovo-feature-scale-example,classification,jovo_t7,cuml,cuML SPORF,n_features,10000,2,3,1470347820,10000,100,10,2,10,58,58,10,63,31,32,32,184,5.4837,3,10,828.176,2,63,63,126,145,145,145,1664,126,504
jovo-feature-scale-example,jovo-feature-scale-example,classification,jovo_t7,cuml,cuML SPORF,n_features,10000,2,3,1470347820,10000,100,10,2,10,59,59,10,67,33,34,34,184,5.42935,3,10,165.364,2,67,67,134,150,150,150,1736,134,536
jovo-feature-scale-example,jovo-feature-scale-example,classification,jovo_t7,cuml,cuML SPORF,n_features,10000,2,3,1470347820,10000,100,10,2,10,60,60,7,63,31,32,32,184,5.24457,3,7,1069.9,2,63,63,126,156,156,156,1752,126,504
jovo-feature-scale-example,jovo-feature-scale-example,classification,jovo_t7,cuml,cuML SPORF,n_features,10000,2,3,1470347820,10000,100,10,2,10,61,61,8,57,28,29,29,184,4.89674,3,8,557.907,2,57,57,114,139,139,139,1568,114,456
jovo-feature-scale-example,jovo-feature-scale-example,classification,jovo_t7,cuml,cuML SPORF,n_features,10000,2,3,1470347820,10000,100,10,2,10,62,62,8,59,29,30,30,184,5.27174,3,8,453.795,2,59,59,118,134,134,134,1544,118,472
jovo-feature-scale-example,jovo-feature-scale-example,classification,jovo_t7,cuml,cuML SPORF,n_features,10000,2,3,1470347820,10000,100,10,2,10,63,63,9,61,30,31,31,184,5.56522,3,9,619.175,2,61,61,122,141,141,141,1616,122,488
jovo-feature-scale-example,jovo-feature-scale-example,classification,jovo_t7,cuml,cuML SPORF,n_features,10000,2,3,1470347820,10000,100,10,2,10,64,64,9,61,30,31,31,184,5.41848,3,9,711.652,2,61,61,122,133,133,133,1552,122,488
jovo-feature-scale-example,jovo-feature-scale-example,classification,jovo_t7,cuml,cuML SPORF,n_features,10000,2,3,1470347820,10000,100,10,2,10,65,65,8,55,27,28,28,184,4.89674,3,8,602.543,2,55,55,110,128,128,128,1464,110,440
jovo-feature-scale-example,jovo-feature-scale-example,classification,jovo_t7,cuml,cuML SPORF,n_features,10000,2,3,1470347820,10000,100,10,2,10,66,66,9,63,31,32,32,184,6.19565,3,9,661.094,2,63,63,126,146,146,146,1672,126,504
jovo-feature-scale-example,jovo-feature-scale-example,classification,jovo_t7,cuml,cuML SPORF,n_features,10000,2,3,1470347820,10000,100,10,2,10,67,67,7,55,27,28,28,184,5,3,7,540.028,2,55,55,110,138,138,138,1544,110,440
jovo-feature-scale-example,jovo-feature-scale-example,classification,jovo_t7,cuml,cuML SPORF,n_features,10000,2,3,1470347820,10000,100,10,2,10,68,68,9,59,29,30,30,184,5.76087,3,9,606.569,2,59,59,118,124,124,124,1464,118,472
jovo-feature-scale-example,jovo-feature-scale-example,classification,jovo_t7,cuml,cuML SPORF,n_features,10000,2,3,1470347820,10000,100,10,2,10,69,69,7,59,29,30,30,184,4.97826,3,7,529.526,2,59,59,118,124,124,124,1464,118,472
jovo-feature-scale-example,jovo-feature-scale-example,classification,jovo_t7,cuml,cuML SPORF,n_features,10000,2,3,1470347820,10000,100,10,2,10,70,70,8,57,28,29,29,184,4.97826,3,8,925.332,2,57,57,114,121,121,121,1424,114,456
jovo-feature-scale-example,jovo-feature-scale-example,classification,jovo_t7,cuml,cuML SPORF,n_features,10000,2,3,1470347820,10000,100,10,2,10,71,71,10,57,28,29,29,184,5.17935,3,10,722.508,2,57,57,114,138,138,138,1560,114,456
jovo-feature-scale-example,jovo-feature-scale-example,classification,jovo_t7,cuml,cuML SPORF,n_features,10000,2,3,1470347820,10000,100,10,2,10,72,72,8,55,27,28,28,184,5.16304,3,8,547.726,2,55,55,110,121,121,121,1408,110,440
jovo-feature-scale-example,jovo-feature-scale-example,classification,jovo_t7,cuml,cuML SPORF,n_features,10000,2,3,1470347820,10000,100,10,2,10,73,73,7,61,30,31,31,184,5.05978,3,7,651.452,2,61,61,122,129,129,129,1520,122,488
jovo-feature-scale-example,jovo-feature-scale-example,classification,jovo_t7,cuml,cuML SPORF,n_features,10000,2,3,1470347820,10000,100,10,2,10,74,74,7,65,32,33,33,184,5.21739,3,7,669.999,2,65,65,130,144,144,144,1672,130,520
jovo-feature-scale-example,jovo-feature-scale-example,classification,jovo_t7,cuml,cuML SPORF,n_features,10000,2,3,1470347820,10000,100,10,2,10,75,75,8,55,27,28,28,184,4.84783,3,8,599.185,2,55,55,110,110,110,110,1320,110,440
jovo-feature-scale-example,jovo-feature-scale-example,classification,jovo_t7,cuml,cuML SPORF,n_features,10000,2,3,1470347820,10000,100,10,2,10,76,76,8,63,31,32,32,184,5.125,3,8,718.794,2,63,63,126,156,156,156,1752,126,504
jovo-feature-scale-example,jovo-feature-scale-example,classification,jovo_t7,cuml,cuML SPORF,n_features,10000,2,3,1470347820,10000,100,10,2,10,77,77,7,55,27,28,28,184,4.98913,3,7,451.31,2,55,55,110,116,116,116,1368,110,440
jovo-feature-scale-example,jovo-feature-scale-example,classification,jovo_t7,cuml,cuML SPORF,n_features,10000,2,3,1470347820,10000,100,10,2,10,78,78,9,59,29,30,30,184,5.28261,3,9,635.317,2,59,59,118,144,144,144,1624,118,472
jovo-feature-scale-example,jovo-feature-scale-example,classification,jovo_t7,cuml,cuML SPORF,n_features,10000,2,3,1470347820,10000,100,10,2,10,79,79,8,65,32,33,33,184,5.46739,3,8,508.264,2,65,65,130,130,130,130,1560,130,520
jovo-feature-scale-example,jovo-feature-scale-example,classification,jovo_t7,cuml,cuML SPORF,n_features,10000,2,3,1470347820,10000,100,10,2,10,80,80,8,53,26,27,27,184,4.98913,3,8,971.961,2,53,53,106,109,109,109,1296,106,424
jovo-feature-scale-example,jovo-feature-scale-example,classification,jovo_t7,cuml,cuML SPORF,n_features,10000,2,3,1470347820,10000,100,10,2,10,81,81,7,53,26,27,27,184,4.82609,3,7,424.017,2,53,53,106,108,108,108,1288,106,424
jovo-feature-scale-example,jovo-feature-scale-example,classification,jovo_t7,cuml,cuML SPORF,n_features,10000,2,3,1470347820,10000,100,10,2,10,82,82,8,51,25,26,26,184,4.91304,3,8,590.378,2,51,51,102,106,106,106,1256,102,408
jovo-feature-scale-example,jovo-feature-scale-example,classification,jovo_t7,cuml,cuML SPORF,n_features,10000,2,3,1470347820,10000,100,10,2,10,83,83,9,59,29,30,30,184,5.19022,3,9,739.474,2,59,59,118,149,149,149,1664,118,472
jovo-feature-scale-example,jovo-feature-scale-example,classification,jovo_t7,cuml,cuML SPORF,n_features,10000,2,3,1470347820,10000,100,10,2,10,84,84,7,63,31,32,32,184,5.42935,3,7,538.487,2,63,63,126,139,139,139,1616,126,504
jovo-feature-scale-example,jovo-feature-scale-example,classification,jovo_t7,cuml,cuML SPORF,n_features,10000,2,3,1470347820,10000,100,10,2,10,85,85,8,55,27,28,28,184,4.75,3,8,639.283,2,55,55,110,139,139,139,1552,110,440
jovo-feature-scale-example,jovo-feature-scale-example,classification,jovo_t7,cuml,cuML SPORF,n_features,10000,2,3,1470347820,10000,100,10,2,10,86,86,8,65,32,33,33,184,5.24457,3,8,659.441,2,65,65,130,162,162,162,1816,130,520
jovo-feature-scale-example,jovo-feature-scale-example,classification,jovo_t7,cuml,cuML SPORF,n_features,10000,2,3,1470347820,10000,100,10,2,10,87,87,9,53,26,27,27,184,5.06522,2,9,587.766,2,53,53,106,129,129,129,1456,106,424
jovo-feature-scale-example,jovo-feature-scale-example,classification,jovo_t7,cuml,cuML SPORF,n_features,10000,2,3,1470347820,10000,100,10,2,10,88,88,8,63,31,32,32,184,5.61957,4,8,628.769,2,63,63,126,133,133,133,1568,126,504
jovo-feature-scale-example,jovo-feature-scale-example,classification,jovo_t7,cuml,cuML SPORF,n_features,10000,2,3,1470347820,10000,100,10,2,10,89,89,8,55,27,28,28,184,5.04348,3,8,574.148,2,55,55,110,115,115,115,1360,110,440
jovo-feature-scale-example,jovo-feature-scale-example,classification,jovo_t7,cuml,cuML SPORF,n_features,10000,2,3,1470347820,10000,100,10,2,10,90,90,8,55,27,28,28,184,5.26087,3,8,1007.84,2,55,55,110,122,122,122,1416,110,440
jovo-feature-scale-example,jovo-feature-scale-example,classification,jovo_t7,cuml,cuML SPORF,n_features,10000,2,3,1470347820,10000,100,10,2,10,91,91,7,61,30,31,31,184,5.19022,3,7,642.637,2,61,61,122,128,128,128,1512,122,488
jovo-feature-scale-example,jovo-feature-scale-example,classification,jovo_t7,cuml,cuML SPORF,n_features,10000,2,3,1470347820,10000,100,10,2,10,92,92,8,59,29,30,30,184,5.49457,2,8,605.29,2,59,59,118,134,134,134,1544,118,472
jovo-feature-scale-example,jovo-feature-scale-example,classification,jovo_t7,cuml,cuML SPORF,n_features,10000,2,3,1470347820,10000,100,10,2,10,93,93,7,55,27,28,28,184,5.13587,2,7,604.403,2,55,55,110,117,117,117,1376,110,440
jovo-feature-scale-example,jovo-feature-scale-example,classification,jovo_t7,cuml,cuML SPORF,n_features,10000,2,3,1470347820,10000,100,10,2,10,94,94,10,65,32,33,33,184,5.33696,3,10,805.043,2,65,65,130,134,134,134,1592,130,520
jovo-feature-scale-example,jovo-feature-scale-example,classification,jovo_t7,cuml,cuML SPORF,n_features,10000,2,3,1470347820,10000,100,10,2,10,95,95,9,57,28,29,29,184,5.15761,3,9,592.936,2,57,57,114,116,116,116,1384,114,456
jovo-feature-scale-example,jovo-feature-scale-example,classification,jovo_t7,cuml,cuML SPORF,n_features,10000,2,3,1470347820,10000,100,10,2,10,96,96,6,65,32,33,33,184,5.05435,4,6,475.276,2,65,65,130,142,142,142,1656,130,520
jovo-feature-scale-example,jovo-feature-scale-example,classification,jovo_t7,cuml,cuML SPORF,n_features,10000,2,3,1470347820,10000,100,10,2,10,97,97,9,53,26,27,27,184,4.65217,2,9,602.966,2,53,53,106,113,113,113,1328,106,424
jovo-feature-scale-example,jovo-feature-scale-example,classification,jovo_t7,cuml,cuML SPORF,n_features,10000,2,3,1470347820,10000,100,10,2,10,98,98,7,69,34,35,35,184,5.40217,3,7,747.499,2,69,69,138,166,166,166,1880,138,552
jovo-feature-scale-example,jovo-feature-scale-example,classification,jovo_t7,cuml,cuML SPORF,n_features,10000,2,3,1470347820,10000,100,10,2,10,99,99,9,53,26,27,27,184,5.50543,3,9,405.387,2,53,53,106,110,110,110,1304,106,424
jovo-feature-scale-example,jovo-feature-scale-example,classification,jovo_t7,cuml,cuML SPORF,n_features,25000,3,1,1672937952,25000,100,8,2,10,0,0,9,67,33,34,34,184,5.47826,2,9,1345.88,2,67,67,134,153,153,153,1760,134,536
jovo-feature-scale-example,jovo-feature-scale-example,classification,jovo_t7,cuml,cuML SPORF,n_features,25000,3,1,1672937952,25000,100,8,2,10,1,1,8,59,29,30,30,184,4.84783,3,8,738.217,2,59,59,118,152,152,152,1688,118,472
jovo-feature-scale-example,jovo-feature-scale-example,classification,jovo_t7,cuml,cuML SPORF,n_features,25000,3,1,1672937952,25000,100,8,2,10,2,2,7,61,30,31,31,184,4.88043,4,7,443.949,2,61,61,122,137,137,137,1584,122,488
jovo-feature-scale-example,jovo-feature-scale-example,classification,jovo_t7,cuml,cuML SPORF,n_features,25000,3,1,1672937952,25000,100,8,2,10,3,3,8,63,31,32,32,184,5.33152,2,8,899.223,2,63,63,126,141,141,141,1632,126,504
jovo-feature-scale-example,jovo-feature-scale-example,classification,jovo_t7,cuml,cuML SPORF,n_features,25000,3,1,1672937952,25000,100,8,2,10,4,4,9,59,29,30,30,184,5.15761,3,9,659.996,2,59,59,118,114,114,114,1384,118,472
jovo-feature-scale-example,jovo-feature-scale-example,classification,jovo_t7,cuml,cuML SPORF,n_features,25000,3,1,1672937952,25000,100,8,2,10,5,5,8,59,29,30,30,184,5.09239,4,8,571.236,2,59,59,118,126,126,126,1480,118,472
jovo-feature-scale-example,jovo-feature-scale-example,classification,jovo_t7,cuml,cuML SPORF,n_features,25000,3,1,1672937952,25000,100,8,2,10,6,6,9,69,34,35,35,184,5.5,3,9,833.14,2,69,69,138,154,154,154,1784,138,552
jovo-feature-scale-example,jovo-feature-scale-example,classification,jovo_t7,cuml,cuML SPORF,n_features,25000,3,1,1672937952,25000,100,8,2,10,7,7,8,59,29,30,30,184,5.03261,3,8,564.646,2,59,59,118,121,121,121,1440,118,472
jovo-feature-scale-example,jovo-feature-scale-example,classification,jovo_t7,cuml,cuML SPORF,n_features,25000,3,1,1672937952,25000,100,8,2,10,8,8,7,53,26,27,27,184,4.86957,3,7,493.122,2,53,53,106,114,114,114,1336,106,424
jovo-feature-scale-example,jovo-feature-scale-example,classification,jovo_t7,cuml,cuML SPORF,n_features,25000,3,1,1672937952,25000,100,8,2,10,9,9,7,53,26,27,27,184,4.70109,3,7,527.612,2,53,53,106,105,105,105,1264,106,424
jovo-feature-scale-example,jovo-feature-scale-example,classification,jovo_t7,cuml,cuML SPORF,n_features,25000,3,1,1672937952,25000,100,8,2,10,10,10,8,57,28,29,29,184,5.23913,2,8,684.886,2,57,57,114,127,127,127,1472,114,456
jovo-feature-scale-example,jovo-feature-scale-example,classification,jovo_t7,cuml,cuML SPORF,n_features,25000,3,1,1672937952,25000,100,8,2,10,11,11,8,53,26,27,27,184,5.21196,3,8,692.59,2,53,53,106,107,107,107,1280,106,424
jovo-feature-scale-example,jovo-feature-scale-example,classification,jovo_t7,cuml,cuML SPORF,n_features,25000,3,1,1672937952,25000,100,8,2,10,12,12,8,59,29,30,30,184,5.16848,3,8,459.687,2,59,59,118,109,109,109,1344,118,472
jovo-feature-scale-example,jovo-feature-scale-example,classification,jovo_t7,cuml,cuML SPORF,n_features,25000,3,1,1672937952,25000,100,8,2,10,13,13,7,47,23,24,24,184,4.32609,3,7,1090.77,2,47,47,94,112,112,112,1272,94,376
jovo-feature-scale-example,jovo-feature-scale-example,classification,jovo_t7,cuml,cuML SPORF,n_features,25000,3,1,1672937952,25000,100,8,2,10,14,14,9,53,26,27,27,184,4.76087,2,9,966.264,2,53,53,106,133,133,133,1488,106,424
jovo-feature-scale-example,jovo-feature-scale-example,classification,jovo_t7,cuml,cuML SPORF,n_features,25000,3,1,1672937952,25000,100,8,2,10,15,15,12,59,29,30,30,184,5.75543,3,12,728.206,2,59,59,118,129,129,129,1504,118,472
jovo-feature-scale-example,jovo-feature-scale-example,classification,jovo_t7,cuml,cuML SPORF,n_features,25000,3,1,1672937952,25000,100,8,2,10,16,16,7,63,31,32,32,184,5.79891,3,7,748.18,2,63,63,126,157,157,157,1760,126,504
jovo-feature-scale-example,jovo-feature-scale-example,classification,jovo_t7,cuml,cuML SPORF,n_features,25000,3,1,1672937952,25000,100,8,2,10,17,17,9,65,32,33,33,184,5.33696,3,9,699.698,2,65,65,130,152,152,152,1736,130,520
jovo-feature-scale-example,jovo-feature-scale-example,classification,jovo_t7,cuml,cuML SPORF,n_features,25000,3,1,1672937952,25000,100,8,2,10,18,18,8,61,30,31,31,184,5.52717,3,8,606.323,2,61,61,122,144,144,144,1640,122,488
jovo-feature-scale-example,jovo-feature-scale-example,classification,jovo_t7,cuml,cuML SPORF,n_features,25000,3,1,1672937952,25000,100,8,2,10,19,19,11,53,26,27,27,184,5.38587,3,11,863.274,2,53,53,106,114,114,114,1336,106,424
jovo-feature-scale-example,jovo-feature-scale-example,classification,jovo_t7,cuml,cuML SPORF,n_features,25000,3,1,1672937952,25000,100,8,2,10,20,20,8,55,27,28,28,184,5.07609,3,8,547.717,2,55,55,110,129,129,129,1472,110,440
jovo-feature-scale-example,jovo-feature-scale-example,classification,jovo_t7,cuml,cuML SPORF,n_features,25000,3,1,1672937952,25000,100,8,2,10,21,21,6,53,26,27,27,184,4.99457,4,6,462.663,2,53,53,106,112,112,112,1320,106,424
jovo-feature-scale-example,jovo-feature-scale-example,classification,jovo_t7,cuml,cuML SPORF,n_features,25000,3,1,1672937952,25000,100,8,2,10,22,22,9,77,38,39,39,184,5.74457,2,9,783.574,2,77,77,154,146,146,146,1784,154,616
jovo-feature-scale-example,jovo-feature-scale-example,classification,jovo_t7,cuml,cuML SPORF,n_features,25000,3,1,1672937952,25000,100,8,2,10,23,23,10,65,32,33,33,184,5.77717,3,10,886.667,2,65,65,130,139,139,139,1632,130,520
jovo-feature-scale-example,jovo-feature-scale-example,classification,jovo_t7,cuml,cuML SPORF,n_features,25000,3,1,1672937952,25000,100,8,2,10,24,24,8,57,28,29,29,184,4.95109,2,8,554.73,2,57,57,114,133,133,133,1520,114,456
jovo-feature-scale-example,jovo-feature-scale-example,classification,jovo_t7,cuml,cuML SPORF,n_features,25000,3,1,1672937952,25000,100,8,2,10,25,25,9,61,30,31,31,184,5.27717,4,9,189.512,2,61,61,122,115,115,115,1408,122,488
jovo-feature-scale-example,jovo-feature-scale-example,classification,jovo_t7,cuml,cuML SPORF,n_features,25000,3,1,1672937952,25000,100,8,2,10,26,26,7,65,32,33,33,184,4.9837,3,7,996.114,2,65,65,130,167,167,167,1856,130,520
jovo-feature-scale-example,jovo-feature-scale-example,classification,jovo_t7,cuml,cuML SPORF,n_features,25000,3,1,1672937952,25000,100,8,2,10,27,27,9,63,31,32,32,184,5.92935,3,9,839.532,2,63,63,126,166,166,166,1832,126,504
jovo-feature-scale-example,jovo-feature-scale-example,classification,jovo_t7,cuml,cuML SPORF,n_features,25000,3,1,1672937952,25000,100,8,2,10,28,28,8,57,28,29,29,184,5.45652,3,8,592.39,2,57,57,114,124,124,124,1448,114,456
jovo-feature-scale-example,jovo-feature-scale-example,classification,jovo_t7,cuml,cuML SPORF,n_features,25000,3,1,1672937952,25000,100,8,2,10,29,29,7,55,27,28,28,184,4.92391,2,7,760.725,2,55,55,110,114,114,114,1352,110,440
jovo-feature-scale-example,jovo-feature-scale-example,classification,jovo_t7,cuml,cuML SPORF,n_features,25000,3,1,1672937952,25000,100,8,2,10,30,30,9,61,30,31,31,184,5.19022,3,9,675.367,2,61,61,122,118,118,118,1432,122,488
jovo-feature-scale-example,jovo-feature-scale-example,classification,jovo_t7,cuml,cuML SPORF,n_features,25000,3,1,1672937952,25000,100,8,2,10,31,31,9,71,35,36,36,184,5.15217,3,9,629.367,2,71,71,142,152,152,152,1784,142,568
jovo-feature-scale-example,jovo-feature-scale-example,classification,jovo_t7,cuml,cuML SPORF,n_features,25000,3,1,1672937952,25000,100,8,2,10,32,32,8,55,27,28,28,184,4.90761,3,8,660.177,2,55,55,110,117,117,117,1376,110,440
jovo-feature-scale-example,jovo-feature-scale-example,classification,jovo_t7,cuml,cuML SPORF,n_features,25000,3,1,1672937952,25000,100,8,2,10,33,33,9,61,30,31,31,184,6.31522,2,9,792.464,2,61,61,122,136,136,136,1576,122,488
jovo-feature-scale-example,jovo-feature-scale-example,classification,jovo_t7,cuml,cuML SPORF,n_features,25000,3,1,1672937952,25000,100,8,2,10,34,34,8,59,29,30,30,184,5.35326,3,8,481.574,2,59,59,118,145,145,145,1632,118,472
jovo-feature-scale-example,jovo-feature-scale-example,classification,jovo_t7,cuml,cuML SPORF,n_features,25000,3,1,1672937952,25000,100,8,2,10,35,35,8,55,27,28,28,184,5.16304,2,8,535.536,2,55,55,110,120,120,120,1400,110,440
jovo-feature-scale-example,jovo-feature-scale-example,classification,jovo_t7,cuml,cuML SPORF,n_features,25000,3,1,1672937952,25000,100,8,2,10,36,36,8,67,33,34,34,184,5.63043,3,8,585.456,2,67,67,134,133,133,133,1600,134,536
jovo-feature-scale-example,jovo-feature-scale-example,classification,jovo_t7,cuml,cuML SPORF,n_features,25000,3,1,1672937952,25000,100,8,2,10,37,37,7,51,25,26,26,184,4.59239,3,7,617.924,2,51,51,102,109,109,109,1280,102,408
jovo-feature-scale-example,jovo-feature-scale-example,classification,jovo_t7,cuml,cuML SPORF,n_features,25000,3,1,1672937952,25000,100,8,2,10,38,38,8,55,27,28,28,184,5.17391,3,8,732.782,2,55,55,110,113,113,113,1344,110,440
jovo-feature-scale-example,jovo-feature-scale-example,classification,jovo_t7,cuml,cuML SPORF,n_features,25000,3,1,1672937952,25000,100,8,2,10,39,39,8,63,31,32,32,184,5.02174,3,8,1280.63,2,63,63,126,147,147,147,1680,126,504
jovo-feature-scale-example,jovo-feature-scale-example,classification,jovo_t7,cuml,cuML SPORF,n_features,25000,3,1,1672937952,25000,100,8,2,10,40,40,8,59,29,30,30,184,4.83152,3,8,694.359,2,59,59,118,135,135,135,1552,118,472
jovo-feature-scale-example,jovo-feature-scale-example,classification,jovo_t7,cuml,cuML SPORF,n_features,25000,3,1,1672937952,25000,100,8,2,10,41,41,7,57,28,29,29,184,4.90217,3,7,453.179,2,57,57,114,129,129,129,1488,114,456
jovo-feature-scale-example,jovo-feature-scale-example,classification,jovo_t7,cuml,cuML SPORF,n_features,25000,3,1,1672937952,25000,100,8,2,10,42,42,8,53,26,27,27,184,5.11413,2,8,705.343,2,53,53,106,127,127,127,1440,106,424
jovo-feature-scale-example,jovo-feature-scale-example,classification,jovo_t7,cuml,cuML SPORF,n_features,25000,3,1,1672937952,25000,100,8,2,10,43,43,10,67,33,34,34,184,6.58152,3,10,901.41,2,67,67,134,160,160,160,1816,134,536
jovo-feature-scale-example,jovo-feature-scale-example,classification,jovo_t7,cuml,cuML SPORF,n_features,25000,3,1,1672937952,25000,100,8,2,10,44,44,8,51,25,26,26,184,4.80978,2,8,589.214,2,51,51,102,109,109,109,1280,102,408
jovo-feature-scale-example,jovo-feature-scale-example,classification,jovo_t7,cuml,cuML SPORF,n_features,25000,3,1,1672937952,25000,100,8,2,10,45,45,10,57,28,29,29,184,5.41304,3,10,740.873,2,57,57,114,133,133,133,1520,114,456
jovo-feature-scale-example,jovo-feature-scale-example,classification,jovo_t7,cuml,cuML SPORF,n_features,25000,3,1,1672937952,25000,100,8,2,10,46,46,7,61,30,31,31,184,5.07609,3,7,742.206,2,61,61,122,124,124,124,1480,122,488
jovo-feature-scale-example,jovo-feature-scale-example,classification,jovo_t7,cuml,cuML SPORF,n_features,25000,3,1,1672937952,25000,100,8,2,10,47,47,8,63,31,32,32,184,4.95652,3,8,529.831,2,63,63,126,146,146,146,1672,126,504
jovo-feature-scale-example,jovo-feature-scale-example,classification,jovo_t7,cuml,cuML SPORF,n_features,25000,3,1,1672937952,25000,100,8,2,10,48,48,7,53,26,27,27,184,4.88587,3,7,491.534,2,53,53,106,134,134,134,1496,106,424
jovo-feature-scale-example,jovo-feature-scale-example,classification,jovo_t7,cuml,cuML SPORF,n_features,25000,3,1,1672937952,25000,100,8,2,10,49,49,8,57,28,29,29,184,5.22826,3,8,736.273,2,57,57,114,125,125,125,1456,114,456
jovo-feature-scale-example,jovo-feature-scale-example,classification,jovo_t7,cuml,cuML SPORF,n_features,25000,3,1,1672937952,25000,100,8,2,10,50,50,6,51,25,26,26,184,4.91848,3,6,511.589,2,51,51,102,111,111,111,1296,102,408
jovo-feature-scale-example,jovo-feature-scale-example,classification,jovo_t7,cuml,cuML SPORF,n_features,25000,3,1,1672937952,25000,100,8,2,10,51,51,9,61,30,31,31,184,5.16304,3,9,588.993,2,61,61,122,118,118,118,1432,122,488
jovo-feature-scale-example,jovo-feature-scale-example,classification,jovo_t7,cuml,cuML SPORF,n_features,25000,3,1,1672937952,25000,100,8,2,10,52,52,7,55,27,28,28,184,4.84239,3,7,995.585,2,55,55,110,130,130,130,1480,110,440
jovo-feature-scale-example,jovo-feature-scale-example,classification,jovo_t7,cuml,cuML SPORF,n_features,25000,3,1,1672937952,25000,100,8,2,10,53,53,8,63,31,32,32,184,5.23913,3,8,840.433,2,63,63,126,143,143,143,1648,126,504
jovo-feature-scale-example,jovo-feature-scale-example,classification,jovo_t7,cuml,cuML SPORF,n_features,25000,3,1,1672937952,25000,100,8,2,10,54,54,10,65,32,33,33,184,5.24457,3,10,743.384,2,65,65,130,141,141,141,1648,130,520
jovo-feature-scale-example,jovo-feature-scale-example,classification,jovo_t7,cuml,cuML SPORF,n_features,25000,3,1,1672937952,25000,100,8,2,10,55,55,11,63,31,32,32,184,5.52174,2,11,1048.84,2,63,63,126,168,168,168,1848,126,504
jovo-feature-scale-example,jovo-feature-scale-example,classification,jovo_t7,cuml,cuML SPORF,n_features,25000,3,1,1672937952,25000,100,8,2,10,56,56,9,55,27,28,28,184,5.4837,2,9,788.533,2,55,55,110,123,123,123,1424,110,440
jovo-feature-scale-example,jovo-feature-scale-example,classification,jovo_t7,cuml,cuML SPORF,n_features,25000,3,1,1672937952,25000,100,8,2,10,57,57,7,57,28,29,29,184,4.91848,2,7,514.207,2,57,57,114,126,126,126,1464,114,456
jovo-feature-scale-example,jovo-feature-scale-example,classification,jovo_t7,cuml,cuML SPORF,n_features,25000,3,1,1672937952,25000,100,8,2,10,58,58,9,67,33,34,34,184,5.55435,3,9,798.577,2,67,67,134,143,143,143,1680,134,536
jovo-feature-scale-example,jovo-feature-scale-example,classification,jovo_t7,cuml,cuML SPORF,n_features,25000,3,1,1672937952,25000,100,8,2,10,59,59,9,47,23,24,24,184,4.58152,3,9,603.762,2,47,47,94,111,111,111,1264,94,376
jovo-feature-scale-example,jovo-feature-scale-example,classification,jovo_t7,cuml,cuML SPORF,n_features,25000,3,1,1672937952,25000,100,8,2,10,60,60,8,53,26,27,27,184,5.04891,2,8,579.667,2,53,53,106,125,125,125,1424,106,424
jovo-feature-scale-example,jovo-feature-scale-example,classification,jovo_t7,cuml,cuML SPORF,n_features,25000,3,1,1672937952,25000,100,8,2,10,61,61,8,61,30,31,31,184,5.36413,3,8,748.674,2,61,61,122,122,122,122,1464,122,488
jovo-feature-scale-example,jovo-feature-scale-example,classification,jovo_t7,cuml,cuML SPORF,n_features,25000,3,1,1672937952,25000,100,8,2,10,62,62,8,65,32,33,33,184,5.57065,3,8,772.912,2,65,65,130,155,155,155,1760,130,520
jovo-feature-scale-example,jovo-feature-scale-example,classification,jovo_t7,cuml,cuML SPORF,n_features,25000,3,1,1672937952,25000,100,8,2,10,63,63,8,65,32,33,33,184,5.44022,3,8,531.39,2,65,65,130,155,155,155,1760,130,520
jovo-feature-scale-example,jovo-feature-scale-example,classification,jovo_t7,cuml,cuML SPORF,n_features,25000,3,1,1672937952,25000,100,8,2,10,64,64,8,57,28,29,29,184,4.9837,2,8,773.806,2,57,57,114,128,128,128,1480,114,456
jovo-feature-scale-example,jovo-feature-scale-example,classification,jovo_t7,cuml,cuML SPORF,n_features,25000,3,1,1672937952,25000,100,8,2,10,65,65,7,57,28,29,29,184,4.72826,3,7,759.179,2,57,57,114,142,142,142,1592,114,456
jovo-feature-scale-example,jovo-feature-scale-example,classification,jovo_t7,cuml,cuML SPORF,n_features,25000,3,1,1672937952,25000,100,8,2,10,66,66,9,51,25,26,26,184,5.03261,2,9,772.28,2,51,51,102,117,117,117,1344,102,408
jovo-feature-scale-example,jovo-feature-scale-example,classification,jovo_t7,cuml,cuML SPORF,n_features,25000,3,1,1672937952,25000,100,8,2,10,67,67,7,57,28,29,29,184,4.77717,3,7,623.494,2,57,57,114,134,134,134,1528,114,456
jovo-feature-scale-example,jovo-feature-scale-example,classification,jovo_t7,cuml,cuML SPORF,n_features,25000,3,1,1672937952,25000,100,8,2,10,68,68,8,55,27,28,28,184,4.97283,3,8,700.476,2,55,55,110,113,113,113,1344,110,440
jovo-feature-scale-example,jovo-feature-scale-example,classification,jovo_t7,cuml,cuML SPORF,n_features,25000,3,1,1672937952,25000,100,8,2,10,69,69,9,63,31,32,32,184,6,3,9,780.164,2,63,63,126,151,151,151,1712,126,504
jovo-feature-scale-example,jovo-feature-scale-example,classification,jovo_t7,cuml,cuML SPORF,n_features,25000,3,1,1672937952,25000,100,8,2,10,70,70,9,61,30,31,31,184,5.34239,2,9,634.011,2,61,61,122,139,139,139,1600,122,488
jovo-feature-scale-example,jovo-feature-scale-example,classification,jovo_t7,cuml,cuML SPORF,n_features,25000,3,1,1672937952,25000,100,8,2,10,71,71,7,63,31,32,32,184,4.75543,3,7,712.091,2,63,63,126,143,143,143,1648,126,504
jovo-feature-scale-example,jovo-feature-scale-example,classification,jovo_t7,cuml,cuML SPORF,n_features,25000,3,1,1672937952,25000,100,8,2,10,72,72,10,63,31,32,32,184,5.3913,3,10,641.176,2,63,63,126,127,127,127,1520,126,504
jovo-feature-scale-example,jovo-feature-scale-example,classification,jovo_t7,cuml,cuML SPORF,n_features,25000,3,1,1672937952,25000,100,8,2,10,73,73,8,57,28,29,29,184,5.1087,3,8,699.901,2,57,57,114,132,132,132,1512,114,456
jovo-feature-scale-example,jovo-feature-scale-example,classification,jovo_t7,cuml,cuML SPORF,n_features,25000,3,1,1672937952,25000,100,8,2,10,74,74,8,57,28,29,29,184,4.98913,4,8,635.305,2,57,57,114,127,127,127,1472,114,456
jovo-feature-scale-example,jovo-feature-scale-example,classification,jovo_t7,cuml,cuML SPORF,n_features,25000,3,1,1672937952,25000,100,8,2,10,75,75,10,65,32,33,33,184,5.70109,3,10,931.745,2,65,65,130,151,151,151,1728,130,520
jovo-feature-scale-example,jovo-feature-scale-example,classification,jovo_t7,cuml,cuML SPORF,n_features,25000,3,1,1672937952,25000,100,8,2,10,76,76,7,69,34,35,35,184,5.64674,3,7,1031.56,2,69,69,138,155,155,155,1792,138,552
jovo-feature-scale-example,jovo-feature-scale-example,classification,jovo_t7,cuml,cuML SPORF,n_features,25000,3,1,1672937952,25000,100,8,2,10,77,77,8,51,25,26,26,184,4.86957,3,8,677.786,2,51,51,102,99,99,99,1200,102,408
jovo-feature-scale-example,jovo-feature-scale-example,classification,jovo_t7,cuml,cuML SPORF,n_features,25000,3,1,1672937952,25000,100,8,2,10,78,78,8,63,31,32,32,184,5.29891,3,8,771.323,2,63,63,126,158,158,158,1768,126,504
jovo-feature-scale-example,jovo-feature-scale-example,classification,jovo_t7,cuml,cuML SPORF,n_features,25000,3,1,1672937952,25000,100,8,2,10,79,79,10,57,28,29,29,184,5.10326,3,10,715.111,2,57,57,114,126,126,126,1464,114,456
jovo-feature-scale-example,jovo-feature-scale-example,classification,jovo_t7,cuml,cuML SPORF,n_features,25000,3,1,1672937952,25000,100,8,2,10,80,80,9,63,31,32,32,184,5.35326,3,9,811.336,2,63,63,126,147,147,147,1680,126,504
jovo-feature-scale-example,jovo-feature-scale-example,classification,jovo_t7,cuml,cuML SPORF,n_features,25000,3,1,1672937952,25000,100,8,2,10,81,81,9,53,26,27,27,184,4.97283,2,9,590.456,2,53,53,106,115,115,115,1344,106,424
jovo-feature-scale-example,jovo-feature-scale-example,classification,jovo_t7,cuml,cuML SPORF,n_features,25000,3,1,1672937952,25000,100,8,2,10,82,82,8,59,29,30,30,184,5.20109,3,8,657.697,2,59,59,118,135,135,135,1552,118,472
jovo-feature-scale-example,jovo-feature-scale-example,classification,jovo_t7,cuml,cuML SPORF,n_features,25000,3,1,1672937952,25000,100,8,2,10,83,83,8,59,29,30,30,184,5.47283,3,8,663.879,2,59,59,118,122,122,122,1448,118,472
jovo-feature-scale-example,jovo-feature-scale-example,classification,jovo_t7,cuml,cuML SPORF,n_features,25000,3,1,1672937952,25000,100,8,2,10,84,84,9,65,32,33,33,184,5,3,9,482.595,2,65,65,130,134,134,134,1592,130,520
jovo-feature-scale-example,jovo-feature-scale-example,classification,jovo_t7,cuml,cuML SPORF,n_features,25000,3,1,1672937952,25000,100,8,2,10,85,85,10,59,29,30,30,184,5.07065,2,10,699.76,2,59,59,118,129,129,129,1504,118,472
jovo-feature-scale-example,jovo-feature-scale-example,classification,jovo_t7,cuml,cuML SPORF,n_features,25000,3,1,1672937952,25000,100,8,2,10,86,86,9,73,36,37,37,184,6.33152,2,9,888.11,2,73,73,146,161,161,161,1872,146,584
jovo-feature-scale-example,jovo-feature-scale-example,classification,jovo_t7,cuml,cuML SPORF,n_features,25000,3,1,1672937952,25000,100,8,2,10,87,87,8,59,29,30,30,184,5.22283,3,8,769.299,2,59,59,118,127,127,127,1488,118,472
jovo-feature-scale-example,jovo-feature-scale-example,classification,jovo_t7,cuml,cuML SPORF,n_features,25000,3,1,1672937952,25000,100,8,2,10,88,88,9,55,27,28,28,184,6.13043,2,9,1250.96,2,55,55,110,123,123,123,1424,110,440
jovo-feature-scale-example,jovo-feature-scale-example,classification,jovo_t7,cuml,cuML SPORF,n_features,25000,3,1,1672937952,25000,100,8,2,10,89,89,8,59,29,30,30,184,5.78261,3,8,746.613,2,59,59,118,123,123,123,1456,118,472
jovo-feature-scale-example,jovo-feature-scale-example,classification,jovo_t7,cuml,cuML SPORF,n_features,25000,3,1,1672937952,25000,100,8,2,10,90,90,8,61,30,31,31,184,5.17935,3,8,554.517,2,61,61,122,144,144,144,1640,122,488
jovo-feature-scale-example,jovo-feature-scale-example,classification,jovo_t7,cuml,cuML SPORF,n_features,25000,3,1,1672937952,25000,100,8,2,10,91,91,7,59,29,30,30,184,4.9837,3,7,608.179,2,59,59,118,132,132,132,1528,118,472
jovo-feature-scale-example,jovo-feature-scale-example,classification,jovo_t7,cuml,cuML SPORF,n_features,25000,3,1,1672937952,25000,100,8,2,10,92,92,9,59,29,30,30,184,5.58152,2,9,846.41,2,59,59,118,133,133,133,1536,118,472
jovo-feature-scale-example,jovo-feature-scale-example,classification,jovo_t7,cuml,cuML SPORF,n_features,25000,3,1,1672937952,25000,100,8,2,10,93,93,8,57,28,29,29,184,5.46739,3,8,590.896,2,57,57,114,133,133,133,1520,114,456
jovo-feature-scale-example,jovo-feature-scale-example,classification,jovo_t7,cuml,cuML SPORF,n_features,25000,3,1,1672937952,25000,100,8,2,10,94,94,10,61,30,31,31,184,5.19565,3,10,773.742,2,61,61,122,141,141,141,1616,122,488
jovo-feature-scale-example,jovo-feature-scale-example,classification,jovo_t7,cuml,cuML SPORF,n_features,25000,3,1,1672937952,25000,100,8,2,10,95,95,8,51,25,26,26,184,4.82065,3,8,705.172,2,51,51,102,94,94,94,1160,102,408
jovo-feature-scale-example,jovo-feature-scale-example,classification,jovo_t7,cuml,cuML SPORF,n_features,25000,3,1,1672937952,25000,100,8,2,10,96,96,9,57,28,29,29,184,5.14674,3,9,582.784,2,57,57,114,119,119,119,1408,114,456
jovo-feature-scale-example,jovo-feature-scale-example,classification,jovo_t7,cuml,cuML SPORF,n_features,25000,3,1,1672937952,25000,100,8,2,10,97,97,9,63,31,32,32,184,5.55978,3,9,666.56,2,63,63,126,155,155,155,1744,126,504
jovo-feature-scale-example,jovo-feature-scale-example,classification,jovo_t7,cuml,cuML SPORF,n_features,25000,3,1,1672937952,25000,100,8,2,10,98,98,7,67,33,34,34,184,5.57609,3,7,809.334,2,67,67,134,174,174,174,1928,134,536
jovo-feature-scale-example,jovo-feature-scale-example,classification,jovo_t7,cuml,cuML SPORF,n_features,25000,3,1,1672937952,25000,100,8,2,10,99,99,8,55,27,28,28,184,4.94565,4,8,737.222,2,55,55,110,120,120,120,1400,110,440
jovo-feature-scale-example,jovo-feature-scale-example,classification,jovo_t7,cuml,cuML SPORF,n_features,25000,3,2,1280706876,25000,100,8,2,10,0,0,8,53,26,27,27,184,5.14674,3,8,1272.87,2,53,53,106,120,120,120,1384,106,424
jovo-feature-scale-example,jovo-feature-scale-example,classification,jovo_t7,cuml,cuML SPORF,n_features,25000,3,2,1280706876,25000,100,8,2,10,1,1,9,59,29,30,30,184,5.33696,3,9,904.414,2,59,59,118,139,139,139,1584,118,472
jovo-feature-scale-example,jovo-feature-scale-example,classification,jovo_t7,cuml,cuML SPORF,n_features,25000,3,2,1280706876,25000,100,8,2,10,2,2,8,47,23,24,24,184,4.46739,3,8,717.509,2,47,47,94,92,92,92,1112,94,376
jovo-feature-scale-example,jovo-feature-scale-example,classification,jovo_t7,cuml,cuML SPORF,n_features,25000,3,2,1280706876,25000,100,8,2,10,3,3,9,49,24,25,25,184,5.13043,2,9,601.314,2,49,49,98,103,103,103,1216,98,392
jovo-feature-scale-example,jovo-feature-scale-example,classification,jovo_t7,cuml,cuML SPORF,n_features,25000,3,2,1280706876,25000,100,8,2,10,4,4,10,63,31,32,32,184,5.70109,2,10,1091,2,63,63,126,161,161,161,1792,126,504
jovo-feature-scale-example,jovo-feature-scale-example,classification,jovo_t7,cuml,cuML SPORF,n_features,25000,3,2,1280706876,25000,100,8,2,10,5,5,7,57,28,29,29,184,5.1087,3,7,727.404,2,57,57,114,118,118,118,1400,114,456
jovo-feature-scale-example,jovo-feature-scale-example,classification,jovo_t7,cuml,cuML SPORF,n_features,25000,3,2,1280706876,25000,100,8,2,10,6,6,7,61,30,31,31,184,4.91848,3,7,658.336,2,61,61,122,158,158,158,1752,122,488
jovo-feature-scale-example,jovo-feature-scale-example,classification,jovo_t7,cuml,cuML SPORF,n_features,25000,3,2,1280706876,25000,100,8,2,10,7,7,10,61,30,31,31,184,5.21739,3,10,848.56,2,61,61,122,128,128,128,1512,122,488
jovo-feature-scale-example,jovo-feature-scale-example,classification,jovo_t7,cuml,cuML SPORF,n_features,25000,3,2,1280706876,25000,100,8,2,10,8,8,8,51,25,26,26,184,5.00543,3,8,759.637,2,51,51,102,121,121,121,1376,102,408
jovo-feature-scale-example,jovo-feature-scale-example,classification,jovo_t7,cuml,cuML SPORF,n_features,25000,3,2,1280706876,25000,100,8,2,10,9,9,8,63,31,32,32,184,5.22826,3,8,687.915,2,63,63,126,139,139,139,1616,126,504
jovo-feature-scale-example,jovo-feature-scale-example,classification,jovo_t7,cuml,cuML SPORF,n_features,25000,3,2,1280706876,25000,100,8,2,10,10,10,9,59,29,30,30,184,5.86957,3,9,781.722,2,59,59,118,132,132,132,1528,118,472
jovo-feature-scale-example,jovo-feature-scale-example,classification,jovo_t7,cuml,cuML SPORF,n_features,25000,3,2,1280706876,25000,100,8,2,10,11,11,11,51,25,26,26,184,4.93478,2,11,700.908,2,51,51,102,116,116,116,1336,102,408
jovo-feature-scale-example,jovo-feature-scale-example,classification,jovo_t7,cuml,cuML SPORF,n_features,25000,3,2,1280706876,25000,100,8,2,10,12,12,8,59,29,30,30,184,5.375,3,8,177.957,2,59,59,118,140,140,140,1592,118,472
jovo-feature-scale-example,jovo-feature-scale-example,classification,jovo_t7,cuml,cuML SPORF,n_features,25000,3,2,1280706876,25000,100,8,2,10,13,13,8,55,27,28,28,184,4.76087,3,8,1059.29,2,55,55,110,115,115,115,1360,110,440
jovo-feature-scale-example,jovo-feature-scale-example,classification,jovo_t7,cuml,cuML SPORF,n_features,25000,3,2,1280706876,25000,100,8,2,10,14,14,9,63,31,32,32,184,5.28261,3,9,826.009,2,63,63,126,149,149,149,1696,126,504
jovo-feature-scale-example,jovo-feature-scale-example,classification,jovo_t7,cuml,cuML SPORF,n_features,25000,3,2,1280706876,25000,100,8,2,10,15,15,7,59,29,30,30,184,5.2663,3,7,588.87,2,59,59,118,131,131,131,1520,118,472
jovo-feature-scale-example,jovo-feature-scale-example,classification,jovo_t7,cuml,cuML SPORF,n_features,25000,3,2,1280706876,25000,100,8,2,10,16,16,7,49,24,25,25,184,4.66304,3,7,587.451,2,49,49,98,117,117,117,1328,98,392
jovo-feature-scale-example,jovo-feature-scale-example,classification,jovo_t7,cuml,cuML SPORF,n_features,25000,3,2,1280706876,25000,100,8,2,10,17,17,10,67,33,34,34,184,5.65761,3,10,834.262,2,67,67,134,153,153,153,1760,134,536
jovo-feature-scale-example,jovo-feature-scale-example,classification,jovo_t7,cuml,cuML SPORF,n_features,25000,3,2,1280706876,25000,100,8,2,10,18,18,9,57,28,29,29,184,5.53261,4,9,839.765,2,57,57,114,149,149,149,1648,114,456
jovo-feature-scale-example,jovo-feature-scale-example,classification,jovo_t7,cuml,cuML SPORF,n_features,25000,3,2,1280706876,25000,100,8,2,10,19,19,10,61,30,31,31,184,5.30978,3,10,933.673,2,61,61,122,136,136,136,1576,122,488
jovo-feature-scale-example,jovo-feature-scale-example,classification,jovo_t7,cuml,cuML SPORF,n_features,25000,3,2,1280706876,25000,100,8,2,10,20,20,10,49,24,25,25,184,4.71196,2,10,727.341,2,49,49,98,118,118,118,1336,98,392
jovo-feature-scale-example,jovo-feature-scale-example,classification,jovo_t7,cuml,cuML SPORF,n_features,25000,3,2,1280706876,25000,100,8,2,10,21,21,8,55,27,28,28,184,5.15761,3,8,808.647,2,55,55,110,136,136,136,1528,110,440
jovo-feature-scale-example,jovo-feature-scale-example,classification,jovo_t7,cuml,cuML SPORF,n_features,25000,3,2,1280706876,25000,100,8,2,10,22,22,8,57,28,29,29,184,5,3,8,693.613,2,57,57,114,138,138,138,1560,114,456
jovo-feature-scale-example,jovo-feature-scale-example,classification,jovo_t7,cuml,cuML SPORF,n_features,25000,3,2,1280706876,25000,100,8,2,10,23,23,8,67,33,34,34,184,5.21739,3,8,585.788,2,67,67,134,137,137,137,1632,134,536
jovo-feature-scale-example,jovo-feature-scale-example,classification,jovo_t7,cuml,cuML SPORF,n_features,25000,3,2,1280706876,25000,100,8,2,10,24,24,8,57,28,29,29,184,5.375,3,8,790.782,2,57,57,114,137,137,137,1552,114,456
jovo-feature-scale-example,jovo-feature-scale-example,classification,jovo_t7,cuml,cuML SPORF,n_features,25000,3,2,1280706876,25000,100,8,2,10,25,25,8,61,30,31,31,184,5.46196,3,8,420.999,2,61,61,122,139,139,139,1600,122,488
jovo-feature-scale-example,jovo-feature-scale-example,classification,jovo_t7,cuml,cuML SPORF,n_features,25000,3,2,1280706876,25000,100,8,2,10,26,26,8,61,30,31,31,184,5.2663,3,8,1269.87,2,61,61,122,157,157,157,1744,122,488
jovo-feature-scale-example,jovo-feature-scale-example,classification,jovo_t7,cuml,cuML SPORF,n_features,25000,3,2,1280706876,25000,100,8,2,10,27,27,9,61,30,31,31,184,5.20652,3,9,639.948,2,61,61,122,126,126,126,1496,122,488
jovo-feature-scale-example,jovo-feature-scale-example,classification,jovo_t7,cuml,cuML SPORF,n_features,25000,3,2,1280706876,25000,100,8,2,10,28,28,9,61,30,31,31,184,5.60326,3,9,743.718,2,61,61,122,137,137,137,1584,122,488
jovo-feature-scale-example,jovo-feature-scale-example,classification,jovo_t7,cuml,cuML SPORF,n_features,25000,3,2,1280706876,25000,100,8,2,10,29,29,10,65,32,33,33,184,5.64674,3,10,786.716,2,65,65,130,124,124,124,1512,130,520
jovo-feature-scale-example,jovo-feature-scale-example,classification,jovo_t7,cuml,cuML SPORF,n_features,25000,3,2,1280706876,25000,100,8,2,10,30,30,9,51,25,26,26,184,5.92391,3,9,777.712,2,51,51,102,100,100,100,1208,102,408
jovo-feature-scale-example,jovo-feature-scale-example,classification,jovo_t7,cuml,cuML SPORF,n_features,25000,3,2,1280706876,25000,100,8,2,10,31,31,9,63,31,32,32,184,6.29348,3,9,908.486,2,63,63,126,118,118,118,1448,126,504
jovo-feature-scale-example,jovo-feature-scale-example,classification,jovo_t7,cuml,cuML SPORF,n_features,25000,3,2,1280706876,25000,100,8,2,10,32,32,8,59,29,30,30,184,5.23913,3,8,619.892,2,59,59,118,140,140,140,1592,118,472
jovo-feature-scale-example,jovo-feature-scale-example,classification,jovo_t7,cuml,cuML SPORF,n_features,25000,3,2,1280706876,25000,100,8,2,10,33,33,10,61,30,31,31,184,5.84783,2,10,864.394,2,61,61,122,130,130,130,1528,122,488
jovo-feature-scale-example,jovo-feature-scale-example,classification,jovo_t7,cuml,cuML SPORF,n_features,25000,3,2,1280706876,25000,100,8,2,10,34,34,8,63,31,32,32,184,5.2663,3,8,649.739,2,63,63,126,154,154,154,1736,126,504
jovo-feature-scale-example,jovo-feature-scale-example,classification,jovo_t7,cuml,cuML SPORF,n_features,25000,3,2,1280706876,25000,100,8,2,10,35,35,9,61,30,31,31,184,5.5,3,9,865.874,2,61,61,122,116,116,116,1416,122,488
jovo-feature-scale-example,jovo-feature-scale-example,classification,jovo_t7,cuml,cuML SPORF,n_features,25000,3,2,1280706876,25000,100,8,2,10,36,36,8,59,29,30,30,184,5.27174,3,8,653.712,2,59,59,118,142,142,142,1608,118,472
jovo-feature-scale-example,jovo-feature-scale-example,classification,jovo_t7,cuml,cuML SPORF,n_features,25000,3,2,1280706876,25000,100,8,2,10,37,37,8,49,24,25,25,184,4.94565,3,8,690.86,2,49,49,98,97,97,97,1168,98,392
jovo-feature-scale-example,jovo-feature-scale-example,classification,jovo_t7,cuml,cuML SPORF,n_features,25000,3,2,1280706876,25000,100,8,2,10,38,38,9,63,31,32,32,184,5.61957,3,9,420.917,2,63,63,126,134,134,134,1576,126,504
jovo-feature-scale-example,jovo-feature-scale-example,classification,jovo_t7,cuml,cuML SPORF,n_features,25000,3,2,1280706876,25000,100,8,2,10,39,39,8,55,27,28,28,184,5.17935,2,8,1137.45,2,55,55,110,138,138,138,1544,110,440
jovo-feature-scale-example,jovo-feature-scale-example,classification,jovo_t7,cuml,cuML SPORF,n_features,25000,3,2,1280706876,25000,100,8,2,10,40,40,8,65,32,33,33,184,5.57065,3,8,802.332,2,65,65,130,165,165,165,1840,130,520
jovo-feature-scale-example,jovo-feature-scale-example,classification,jovo_t7,cuml,cuML SPORF,n_features,25000,3,2,1280706876,25000,100,8,2,10,41,41,8,59,29,30,30,184,5.13587,3,8,534.188,2,59,59,118,124,124,124,1464,118,472
jovo-feature-scale-example,jovo-feature-scale-example,classification,jovo_t7,cuml,cuML SPORF,n_features,25000,3,2,1280706876,25000,100,8,2,10,42,42,7,57,28,29,29,184,4.875,3,7,788.827,2,57,57,114,137,137,137,1552,114,456
jovo-feature-scale-example,jovo-feature-scale-example,classification,jovo_t7,cuml,cuML SPORF,n_features,25000,3,2,1280706876,25000,100,8,2,10,43,43,9,67,33,34,34,184,5.83152,3,9,732.069,2,67,67,134,142,142,142,1672,134,536
jovo-feature-scale-example,jovo-feature-scale-example,classification,jovo_t7,cuml,cuML SPORF,n_features,25000,3,2,1280706876,25000,100,8,2,10,44,44,9,57,28,29,29,184,5.33152,3,9,1018.56,2,57,57,114,144,144,144,1608,114,456
jovo-feature-scale-example,jovo-feature-scale-example,classification,jovo_t7,cuml,cuML SPORF,n_features,25000,3,2,1280706876,25000,100,8,2,10,45,45,9,61,30,31,31,184,5.25543,3,9,707.737,2,61,61,122,138,138,138,1592,122,488
jovo-feature-scale-example,jovo-feature-scale-example,classification,jovo_t7,cuml,cuML SPORF,n_features,25000,3,2,1280706876,25000,100,8,2,10,46,46,7,53,26,27,27,184,4.88043,3,7,623.436,2,53,53,106,101,101,101,1232,106,424
jovo-feature-scale-example,jovo-feature-scale-example,classification,jovo_t7,cuml,cuML SPORF,n_features,25000,3,2,1280706876,25000,100,8,2,10,47,47,7,53,26,27,27,184,4.68478,3,7,699.071,2,53,53,106,113,113,113,1328,106,424
jovo-feature-scale-example,jovo-feature-scale-example,classification,jovo_t7,cuml,cuML SPORF,n_features,25000,3,2,1280706876,25000,100,8,2,10,48,48,9,55,27,28,28,184,5.19565,3,9,827.187,2,55,55,110,133,133,133,1504,110,440
jovo-feature-scale-example,jovo-feature-scale-example,classification,jovo_t7,cuml,cuML SPORF,n_features,25000,3,2,1280706876,25000,100,8,2,10,49,49,9,67,33,34,34,184,6.32609,3,9,644.466,2,67,67,134,152,152,152,1752,134,536
jovo-feature-scale-example,jovo-feature-scale-example,classification,jovo_t7,cuml,cuML SPORF,n_features,25000,3,2,1280706876,25000,100,8,2,10,50,50,10,57,28,29,29,184,5.36413,2,10,878.171,2,57,57,114,137,137,137,1552,114,456
jovo-feature-scale-example,jovo-feature-scale-example,classification,jovo_t7,cuml,cuML SPORF,n_features,25000,3,2,1280706876,25000,100,8,2,10,51,51,7,61,30,31,31,184,5.11413,3,7,396.293,2,61,61,122,144,144,144,1640,122,488
jovo-feature-scale-example,jovo-feature-scale-example,classification,jovo_t7,cuml,cuML SPORF,n_features,25000,3,2,1280706876,25000,100,8,2,10,52,52,9,63,31,32,32,184,5.66848,3,9,1085.04,2,63,63,126,143,143,143,1648,126,504
jovo-feature-scale-example,jovo-feature-scale-example,classification,jovo_t7,cuml,cuML SPORF,n_features,25000,3,2,1280706876,25000,100,8,2,10,53,53,8,59,29,30,30,184,5.44565,3,8,497.945,2,59,59,118,141,141,141,1600,118,472
jovo-feature-scale-example,jovo-feature-scale-example,classification,jovo_t7,cuml,cuML SPORF,n_features,25000,3,2,1280706876,25000,100,8,2,10,54,54,8,55,27,28,28,184,5.10326,3,8,737.229,2,55,55,110,118,118,118,1384,110,440
jovo-feature-scale-example,jovo-feature-scale-example,classification,jovo_t7,cuml,cuML SPORF,n_features,25000,3,2,1280706876,25000,100,8,2,10,55,55,9,53,26,27,27,184,4.94022,3,9,703.499,2,53,53,106,116,116,116,1352,106,424
jovo-feature-scale-example,jovo-feature-scale-example,classification,jovo_t7,cuml,cuML SPORF,n_features,25000,3,2,1280706876,25000,100,8,2,10,56,56,8,61,30,31,31,184,5.15761,2,8,778.212,2,61,61,122,142,142,142,1624,122,488
jovo-feature-scale-example,jovo-feature-scale-example,classification,jovo_t7,cuml,cuML SPORF,n_features,25000,3,2,1280706876,25000,100,8,2,10,57,57,8,59,29,30,30,184,5.27717,3,8,866.224,2,59,59,118,148,148,148,1656,118,472
jovo-feature-scale-example,jovo-feature-scale-example,classification,jovo_t7,cuml,cuML SPORF,n_features,25000,3,2,1280706876,25000,100,8,2,10,58,58,9,55,27,28,28,184,5.2663,3,9,801.726,2,55,55,110,131,131,131,1488,110,440
jovo-feature-scale-example,jovo-feature-scale-example,classification,jovo_t7,cuml,cuML SPORF,n_features,25000,3,2,1280706876,25000,100,8,2,10,59,59,9,71,35,36,36,184,6.45652,3,9,785.111,2,71,71,142,161,161,161,1856,142,568
jovo-feature-scale-example,jovo-feature-scale-example,classification,jovo_t7,cuml,cuML SPORF,n_features,25000,3,2,1280706876,25000,100,8,2,10,60,60,9,61,30,31,31,184,5.40217,3,9,865.362,2,61,61,122,134,134,134,1560,122,488
jovo-feature-scale-example,jovo-feature-scale-example,classification,jovo_t7,cuml,cuML SPORF,n_features,25000,3,2,1280706876,25000,100,8,2,10,61,61,10,57,28,29,29,184,5.32609,3,10,776.536,2,57,57,114,135,135,135,1536,114,456
jovo-feature-scale-example,jovo-feature-scale-example,classification,jovo_t7,cuml,cuML SPORF,n_features,25000,3,2,1280706876,25000,100,8,2,10,62,62,8,61,30,31,31,184,5.125,3,8,560.278,2,61,61,122,137,137,137,1584,122,488
jovo-feature-scale-example,jovo-feature-scale-example,classification,jovo_t7,cuml,cuML SPORF,n_features,25000,3,2,1280706876,25000,100,8,2,10,63,63,8,57,28,29,29,184,5.07609,3,8,784.031,2,57,57,114,127,127,127,1472,114,456
jovo-feature-scale-example,jovo-feature-scale-example,classification,jovo_t7,cuml,cuML SPORF,n_features,25000,3,2,1280706876,25000,100,8,2,10,64,64,8,61,30,31,31,184,5.61413,3,8,1166.76,2,61,61,122,140,140,140,1608,122,488
jovo-feature-scale-example,jovo-feature-scale-example,classification,jovo_t7,cuml,cuML SPORF,n_features,25000,3,2,1280706876,25000,100,8,2,10,65,65,9,63,31,32,32,184,5.5,3,9,824.968,2,63,63,126,142,142,142,1640,126,504
jovo-feature-scale-example,jovo-feature-scale-example,classification,jovo_t7,cuml,cuML SPORF,n_features,25000,3,2,1280706876,25000,100,8,2,10,66,66,9,59,29,30,30,184,4.97283,3,9,824.762,2,59,59,118,119,119,119,1424,118,472
jovo-feature-scale-example,jovo-feature-scale-example,classification,jovo_t7,cuml,cuML SPORF,n_features,25000,3,2,1280706876,25000,100,8,2,10,67,67,8,69,34,35,35,184,5.2663,3,8,707.123,2,69,69,138,144,144,144,1704,138,552
jovo-feature-scale-example,jovo-feature-scale-example,classification,jovo_t7,cuml,cuML SPORF,n_features,25000,3,2,1280706876,25000,100,8,2,10,68,68,8,57,28,29,29,184,4.97283,3,8,868.006,2,57,57,114,139,139,139,1568,114,456
jovo-feature-scale-example,jovo-feature-scale-example,classification,jovo_t7,cuml,cuML SPORF,n_features,25000,3,2,1280706876,25000,100,8,2,10,69,69,8,59,29,30,30,184,5.45652,4,8,768.485,2,59,59,118,129,129,129,1504,118,472
jovo-feature-scale-example,jovo-feature-scale-example,classification,jovo_t7,cuml,cuML SPORF,n_features,25000,3,2,1280706876,25000,100,8,2,10,70,70,8,53,26,27,27,184,5.36957,3,8,733.555,2,53,53,106,114,114,114,1336,106,424
jovo-feature-scale-example,jovo-feature-scale-example,classification,jovo_t7,cuml,cuML SPORF,n_features,25000,3,2,1280706876,25000,100,8,2,10,71,71,9,69,34,35,35,184,6.03261,3,9,780.156,2,69,69,138,154,154,154,1784,138,552
jovo-feature-scale-example,jovo-feature-scale-example,classification,jovo_t7,cuml,cuML SPORF,n_features,25000,3,2,1280706876,25000,100,8,2,10,72,72,9,59,29,30,30,184,5.1087,3,9,770.773,2,59,59,118,106,106,106,1320,118,472
jovo-feature-scale-example,jovo-feature-scale-example,classification,jovo_t7,cuml,cuML SPORF,n_features,25000,3,2,1280706876,25000,100,8,2,10,73,73,8,63,31,32,32,184,5.28261,3,8,658.084,2,63,63,126,155,155,155,1744,126,504
jovo-feature-scale-example,jovo-feature-scale-example,classification,jovo_t7,cuml,cuML SPORF,n_features,25000,3,2,1280706876,25000,100,8,2,10,74,74,9,61,30,31,31,184,5.38043,2,9,761.13,2,61,61,122,124,124,124,1480,122,488
jovo-feature-scale-example,jovo-feature-scale-example,classification,jovo_t7,cuml,cuML SPORF,n_features,25000,3,2,1280706876,25000,100,8,2,10,75,75,10,61,30,31,31,184,5.47283,3,10,699.445,2,61,61,122,133,133,133,1552,122,488
jovo-feature-scale-example,jovo-feature-scale-example,classification,jovo_t7,cuml,cuML SPORF,n_features,25000,3,2,1280706876,25000,100,8,2,10,76,76,8,67,33,34,34,184,5.32065,3,8,925.342,2,67,67,134,133,133,133,1600,134,536
jovo-feature-scale-example,jovo-feature-scale-example,classification,jovo_t7,cuml,cuML SPORF,n_features,25000,3,2,1280706876,25000,100,8,2,10,77,77,9,65,32,33,33,184,5.71196,3,9,878.177,2,65,65,130,152,152,152,1736,130,520
jovo-feature-scale-example,jovo-feature-scale-example,classification,jovo_t7,cuml,cuML SPORF,n_features,25000,3,2,1280706876,25000,100,8,2,10,78,78,7,47,23,24,24,184,5.08696,3,7,630.95,2,47,47,94,118,118,118,1320,94,376
jovo-feature-scale-example,jovo-feature-scale-example,classification,jovo_t7,cuml,cuML SPORF,n_features,25000,3,2,1280706876,25000,100,8,2,10,79,79,9,75,37,38,38,184,5.83152,3,9,854.724,2,75,75,150,184,184,184,2072,150,600
jovo-feature-scale-example,jovo-feature-scale-example,classification,jovo_t7,cuml,cuML SPORF,n_features,25000,3,2,1280706876,25000,100,8,2,10,80,80,9,55,27,28,28,184,6.06522,3,9,791.251,2,55,55,110,124,124,124,1432,110,440
jovo-feature-scale-example,jovo-feature-scale-example,classification,jovo_t7,cuml,cuML SPORF,n_features,25000,3,2,1280706876,25000,100,8,2,10,81,81,8,73,36,37,37,184,5.64674,3,8,715.533,2,73,73,146,167,167,167,1920,146,584
jovo-feature-scale-example,jovo-feature-scale-example,classification,jovo_t7,cuml,cuML SPORF,n_features,25000,3,2,1280706876,25000,100,8,2,10,82,82,8,53,26,27,27,184,4.77174,3,8,765.166,2,53,53,106,115,115,115,1344,106,424
jovo-feature-scale-example,jovo-feature-scale-example,classification,jovo_t7,cuml,cuML SPORF,n_features,25000,3,2,1280706876,25000,100,8,2,10,83,83,8,59,29,30,30,184,5.3587,3,8,720.667,2,59,59,118,128,128,128,1496,118,472
jovo-feature-scale-example,jovo-feature-scale-example,classification,jovo_t7,cuml,cuML SPORF,n_features,25000,3,2,1280706876,25000,100,8,2,10,84,84,12,57,28,29,29,184,5.125,3,12,1217.65,2,57,57,114,128,128,128,1480,114,456
jovo-feature-scale-example,jovo-feature-scale-example,classification,jovo_t7,cuml,cuML SPORF,n_features,25000,3,2,1280706876,25000,100,8,2,10,85,85,7,59,29,30,30,184,4.91304,4,7,629.452,2,59,59,118,138,138,138,1576,118,472
jovo-feature-scale-example,jovo-feature-scale-example,classification,jovo_t7,cuml,cuML SPORF,n_features,25000,3,2,1280706876,25000,100,8,2,10,86,86,7,57,28,29,29,184,5.14674,3,7,495.413,2,57,57,114,124,124,124,1448,114,456
jovo-feature-scale-example,jovo-feature-scale-example,classification,jovo_t7,cuml,cuML SPORF,n_features,25000,3,2,1280706876,25000,100,8,2,10,87,87,8,47,23,24,24,184,4.61957,3,8,671.969,2,47,47,94,99,99,99,1168,94,376
jovo-feature-scale-example,jovo-feature-scale-example,classification,jovo_t7,cuml,cuML SPORF,n_features,25000,3,2,1280706876,25000,100,8,2,10,88,88,9,61,30,31,31,184,5.85326,3,9,1281.47,2,61,61,122,121,121,121,1456,122,488
jovo-feature-scale-example,jovo-feature-scale-example,classification,jovo_t7,cuml,cuML SPORF,n_features,25000,3,2,1280706876,25000,100,8,2,10,89,89,8,51,25,26,26,184,5.02717,2,8,658.768,2,51,51,102,139,139,139,1520,102,408
jovo-feature-scale-example,jovo-feature-scale-example,classification,jovo_t7,cuml,cuML SPORF,n_features,25000,3,2,1280706876,25000,100,8,2,10,90,90,9,69,34,35,35,184,6.05435,3,9,926.854,2,69,69,138,156,156,156,1800,138,552
jovo-feature-scale-example,jovo-feature-scale-example,classification,jovo_t7,cuml,cuML SPORF,n_features,25000,3,2,1280706876,25000,100,8,2,10,91,91,7,57,28,29,29,184,4.95652,3,7,546.771,2,57,57,114,158,158,158,1720,114,456
jovo-feature-scale-example,jovo-feature-scale-example,classification,jovo_t7,cuml,cuML SPORF,n_features,25000,3,2,1280706876,25000,100,8,2,10,92,92,10,59,29,30,30,184,5.41304,2,10,884.586,2,59,59,118,136,136,136,1560,118,472
jovo-feature-scale-example,jovo-feature-scale-example,classification,jovo_t7,cuml,cuML SPORF,n_features,25000,3,2,1280706876,25000,100,8,2,10,93,93,10,53,26,27,27,184,5.53261,3,10,939.315,2,53,53,106,131,131,131,1472,106,424
jovo-feature-scale-example,jovo-feature-scale-example,classification,jovo_t7,cuml,cuML SPORF,n_features,25000,3,2,1280706876,25000,100,8,2,10,94,94,10,57,28,29,29,184,5.79891,3,10,834.286,2,57,57,114,136,136,136,1544,114,456
jovo-feature-scale-example,jovo-feature-scale-example,classification,jovo_t7,cuml,cuML SPORF,n_features,25000,3,2,1280706876,25000,100,8,2,10,95,95,9,55,27,28,28,184,5.35326,2,9,722.917,2,55,55,110,129,129,129,1472,110,440
jovo-feature-scale-example,jovo-feature-scale-example,classification,jovo_t7,cuml,cuML SPORF,n_features,25000,3,2,1280706876,25000,100,8,2,10,96,96,9,59,29,30,30,184,5.89674,2,9,897.239,2,59,59,118,137,137,137,1568,118,472
jovo-feature-scale-example,jovo-feature-scale-example,classification,jovo_t7,cuml,cuML SPORF,n_features,25000,3,2,1280706876,25000,100,8,2,10,97,97,8,63,31,32,32,184,5.2337,2,8,622.178,2,63,63,126,156,156,156,1752,126,504
jovo-feature-scale-example,jovo-feature-scale-example,classification,jovo_t7,cuml,cuML SPORF,n_features,25000,3,2,1280706876,25000,100,8,2,10,98,98,8,59,29,30,30,184,5.52174,3,8,712.07,2,59,59,118,133,133,133,1536,118,472
jovo-feature-scale-example,jovo-feature-scale-example,classification,jovo_t7,cuml,cuML SPORF,n_features,25000,3,2,1280706876,25000,100,8,2,10,99,99,8,71,35,36,36,184,5.90761,2,8,620.706,2,71,71,142,150,150,150,1768,142,568
jovo-feature-scale-example,jovo-feature-scale-example,classification,jovo_t7,cuml,cuML SPORF,n_features,25000,3,3,1470347820,25000,100,8,2,10,0,0,8,67,33,34,34,184,5.27174,3,8,1054.51,2,67,67,134,167,167,167,1872,134,536
jovo-feature-scale-example,jovo-feature-scale-example,classification,jovo_t7,cuml,cuML SPORF,n_features,25000,3,3,1470347820,25000,100,8,2,10,1,1,8,61,30,31,31,184,5.1087,3,8,729.005,2,61,61,122,140,140,140,1608,122,488
jovo-feature-scale-example,jovo-feature-scale-example,classification,jovo_t7,cuml,cuML SPORF,n_features,25000,3,3,1470347820,25000,100,8,2,10,2,2,8,57,28,29,29,184,5.05435,3,8,714.182,2,57,57,114,130,130,130,1496,114,456
jovo-feature-scale-example,jovo-feature-scale-example,classification,jovo_t7,cuml,cuML SPORF,n_features,25000,3,3,1470347820,25000,100,8,2,10,3,3,9,61,30,31,31,184,5.32065,3,9,823.158,2,61,61,122,158,158,158,1752,122,488
jovo-feature-scale-example,jovo-feature-scale-example,classification,jovo_t7,cuml,cuML SPORF,n_features,25000,3,3,1470347820,25000,100,8,2,10,4,4,9,61,30,31,31,184,5.32609,3,9,774.752,2,61,61,122,151,151,151,1696,122,488
jovo-feature-scale-example,jovo-feature-scale-example,classification,jovo_t7,cuml,cuML SPORF,n_features,25000,3,3,1470347820,25000,100,8,2,10,5,5,8,59,29,30,30,184,5.48913,3,8,665.085,2,59,59,118,124,124,124,1464,118,472
jovo-feature-scale-example,jovo-feature-scale-example,classification,jovo_t7,cuml,cuML SPORF,n_features,25000,3,3,1470347820,25000,100,8,2,10,6,6,8,65,32,33,33,184,5.49457,3,8,640.312,2,65,65,130,144,144,144,1672,130,520
jovo-feature-scale-example,jovo-feature-scale-example,classification,jovo_t7,cuml,cuML SPORF,n_features,25000,3,3,1470347820,25000,100,8,2,10,7,7,9,61,30,31,31,184,5.39674,3,9,818.608,2,61,61,122,143,143,143,1632,122,488
jovo-feature-scale-example,jovo-feature-scale-example,classification,jovo_t7,cuml,cuML SPORF,n_features,25000,3,3,1470347820,25000,100,8,2,10,8,8,8,63,31,32,32,184,5.71196,3,8,647.85,2,63,63,126,152,152,152,1720,126,504
jovo-feature-scale-example,jovo-feature-scale-example,classification,jovo_t7,cuml,cuML SPORF,n_features,25000,3,3,1470347820,25000,100,8,2,10,9,9,8,59,29,30,30,184,4.94565,2,8,661.894,2,59,59,118,124,124,124,1464,118,472
jovo-feature-scale-example,jovo-feature-scale-example,classification,jovo_t7,cuml,cuML SPORF,n_features,25000,3,3,1470347820,25000,100,8,2,10,10,10,8,63,31,32,32,184,5.27174,3,8,624.328,2,63,63,126,136,136,136,1592,126,504
jovo-feature-scale-example,jovo-feature-scale-example,classification,jovo_t7,cuml,cuML SPORF,n_features,25000,3,3,1470347820,25000,100,8,2,10,11,11,8,57,28,29,29,184,5.06522,3,8,635.159,2,57,57,114,128,128,128,1480,114,456
jovo-feature-scale-example,jovo-feature-scale-example,classification,jovo_t7,cuml,cuML SPORF,n_features,25000,3,3,1470347820,25000,100,8,2,10,12,12,6,53,26,27,27,184,5.18478,4,6,292.862,2,53,53,106,131,131,131,1472,106,424
jovo-feature-scale-example,jovo-feature-scale-example,classification,jovo_t7,cuml,cuML SPORF,n_features,25000,3,3,1470347820,25000,100,8,2,10,13,13,7,57,28,29,29,184,4.91848,3,7,1052.52,2,57,57,114,140,140,140,1576,114,456
jovo-feature-scale-example,jovo-feature-scale-example,classification,jovo_t7,cuml,cuML SPORF,n_features,25000,3,3,1470347820,25000,100,8,2,10,14,14,8,51,25,26,26,184,6.13043,3,8,846.916,2,51,51,102,125,125,125,1408,102,408
jovo-feature-scale-example,jovo-feature-scale-example,classification,jovo_t7,cuml,cuML SPORF,n_features,25000,3,3,1470347820,25000,100,8,2,10,15,15,8,53,26,27,27,184,5.34239,2,8,710.634,2,53,53,106,111,111,111,1312,106,424
jovo-feature-scale-example,jovo-feature-scale-example,classification,jovo_t7,cuml,cuML SPORF,n_features,25000,3,3,1470347820,25000,100,8,2,10,16,16,6,53,26,27,27,184,4.83696,2,6,666.561,2,53,53,106,125,125,125,1424,106,424
jovo-feature-scale-example,jovo-feature-scale-example,classification,jovo_t7,cuml,cuML SPORF,n_features,25000,3,3,1470347820,25000,100,8,2,10,17,17,8,73,36,37,37,184,5.91304,2,8,901.978,2,73,73,146,168,168,168,1928,146,584
jovo-feature-scale-example,jovo-feature-scale-example,classification,jovo_t7,cuml,cuML SPORF,n_features,25000,3,3,1470347820,25000,100,8,2,10,18,18,7,61,30,31,31,184,5.09239,3,7,530.003,2,61,61,122,132,132,132,1544,122,488
jovo-feature-scale-example,jovo-feature-scale-example,classification,jovo_t7,cuml,cuML SPORF,n_features,25000,3,3,1470347820,25000,100,8,2,10,19,19,9,59,29,30,30,184,5.29891,2,9,697.211,2,59,59,118,104,104,104,1304,118,472
jovo-feature-scale-example,jovo-feature-scale-example,classification,jovo_t7,cuml,cuML SPORF,n_features,25000,3,3,1470347820,25000,100,8,2,10,20,20,9,57,28,29,29,184,5.28804,3,9,793.577,2,57,57,114,138,138,138,1560,114,456
jovo-feature-scale-example,jovo-feature-scale-example,classification,jovo_t7,cuml,cuML SPORF,n_features,25000,3,3,1470347820,25000,100,8,2,10,21,21,9,53,26,27,27,184,4.97283,2,9,713.335,2,53,53,106,116,116,116,1352,106,424
jovo-feature-scale-example,jovo-feature-scale-example,classification,jovo_t7,cuml,cuML SPORF,n_features,25000,3,3,1470347820,25000,100,8,2,10,22,22,11,63,31,32,32,184,5.16848,3,11,839.377,2,63,63,126,126,126,126,1512,126,504
jovo-feature-scale-example,jovo-feature-scale-example,classification,jovo_t7,cuml,cuML SPORF,n_features,25000,3,3,1470347820,25000,100,8,2,10,23,23,9,69,34,35,35,184,5.54348,4,9,722.41,2,69,69,138,155,155,155,1792,138,552
jovo-feature-scale-example,jovo-feature-scale-example,classification,jovo_t7,cuml,cuML SPORF,n_features,25000,3,3,1470347820,25000,100,8,2,10,24,24,8,57,28,29,29,184,5.36957,3,8,511.99,2,57,57,114,131,131,131,1504,114,456
jovo-feature-scale-example,jovo-feature-scale-example,classification,jovo_t7,cuml,cuML SPORF,n_features,25000,3,3,1470347820,25000,100,8,2,10,25,25,11,65,32,33,33,184,5.57065,3,11,283.783,2,65,65,130,150,150,150,1720,130,520
jovo-feature-scale-example,jovo-feature-scale-example,classification,jovo_t7,cuml,cuML SPORF,n_features,25000,3,3,1470347820,25000,100,8,2,10,26,26,9,53,26,27,27,184,5.6413,3,9,1213.01,2,53,53,106,117,117,117,1360,106,424
jovo-feature-scale-example,jovo-feature-scale-example,classification,jovo_t7,cuml,cuML SPORF,n_features,25000,3,3,1470347820,25000,100,8,2,10,27,27,7,53,26,27,27,184,5.58152,3,7,722.712,2,53,53,106,115,115,115,1344,106,424
jovo-feature-scale-example,jovo-feature-scale-example,classification,jovo_t7,cuml,cuML SPORF,n_features,25000,3,3,1470347820,25000,100,8,2,10,28,28,8,57,28,29,29,184,5.11413,3,8,733.92,2,57,57,114,146,146,146,1624,114,456
jovo-feature-scale-example,jovo-feature-scale-example,classification,jovo_t7,cuml,cuML SPORF,n_features,25000,3,3,1470347820,25000,100,8,2,10,29,29,8,55,27,28,28,184,4.89674,3,8,707.371,2,55,55,110,127,127,127,1456,110,440
jovo-feature-scale-example,jovo-feature-scale-example,classification,jovo_t7,cuml,cuML SPORF,n_features,25000,3,3,1470347820,25000,100,8,2,10,30,30,8,55,27,28,28,184,4.96196,2,8,570.756,2,55,55,110,124,124,124,1432,110,440
jovo-feature-scale-example,jovo-feature-scale-example,classification,jovo_t7,cuml,cuML SPORF,n_features,25000,3,3,1470347820,25000,100,8,2,10,31,31,10,65,32,33,33,184,5.17391,3,10,770.709,2,65,65,130,138,138,138,1624,130,520
jovo-feature-scale-example,jovo-feature-scale-example,classification,jovo_t7,cuml,cuML SPORF,n_features,25000,3,3,1470347820,25000,100,8,2,10,32,32,7,65,32,33,33,184,5.09239,4,7,639.998,2,65,65,130,169,169,169,1872,130,520
jovo-feature-scale-example,jovo-feature-scale-example,classification,jovo_t7,cuml,cuML SPORF,n_features,25000,3,3,1470347820,25000,100,8,2,10,33,33,10,63,31,32,32,184,6.72826,3,10,924.01,2,63,63,126,154,154,154,1736,126,504
jovo-feature-scale-example,jovo-feature-scale-example,classification,jovo_t7,cuml,cuML SPORF,n_features,25000,3,3,1470347820,25000,100,8,2,10,34,34,9,67,33,34,34,184,6.41848,3,9,795.238,2,67,67,134,129,129,129,1568,134,536
jovo-feature-scale-example,jovo-feature-scale-example,classification,jovo_t7,cuml,cuML SPORF,n_features,25000,3,3,1470347820,25000,100,8,2,10,35,35,8,69,34,35,35,184,5.75,3,8,534.392,2,69,69,138,164,164,164,1864,138,552
jovo-feature-scale-example,jovo-feature-scale-example,classification,jovo_t7,cuml,cuML SPORF,n_features,25000,3,3,1470347820,25000,100,8,2,10,36,36,9,61,30,31,31,184,5.1413,3,9,756.095,2,61,61,122,124,124,124,1480,122,488
jovo-feature-scale-example,jovo-feature-scale-example,classification,jovo_t7,cuml,cuML SPORF,n_features,25000,3,3,1470347820,25000,100,8,2,10,37,37,9,51,25,26,26,184,5.05435,3,9,593.15,2,51,51,102,115,115,115,1328,102,408
jovo-feature-scale-example,jovo-feature-scale-example,classification,jovo_t7,cuml,cuML SPORF,n_features,25000,3,3,1470347820,25000,100,8,2,10,38,38,6,59,29,30,30,184,4.88043,4,6,189.511,2,59,59,118,131,131,131,1520,118,472
jovo-feature-scale-example,jovo-feature-scale-example,classification,jovo_t7,cuml,cuML SPORF,n_features,25000,3,3,1470347820,25000,100,8,2,10,39,39,8,65,32,33,33,184,5.94022,4,8,956.474,2,65,65,130,140,140,140,1640,130,520
jovo-feature-scale-example,jovo-feature-scale-example,classification,jovo_t7,cuml,cuML SPORF,n_features,25000,3,3,1470347820,25000,100,8,2,10,40,40,8,57,28,29,29,184,4.88587,4,8,689.497,2,57,57,114,133,133,133,1520,114,456
jovo-feature-scale-example,jovo-feature-scale-example,classification,jovo_t7,cuml,cuML SPORF,n_features,25000,3,3,1470347820,25000,100,8,2,10,41,41,8,59,29,30,30,184,4.85326,3,8,769.911,2,59,59,118,133,133,133,1536,118,472
jovo-feature-scale-example,jovo-feature-scale-example,classification,jovo_t7,cuml,cuML SPORF,n_features,25000,3,3,1470347820,25000,100,8,2,10,42,42,9,55,27,28,28,184,4.94022,3,9,712.037,2,55,55,110,118,118,118,1384,110,440
jovo-feature-scale-example,jovo-feature-scale-example,classification,jovo_t7,cuml,cuML SPORF,n_features,25000,3,3,1470347820,25000,100,8,2,10,43,43,9,59,29,30,30,184,4.80978,3,9,783.756,2,59,59,118,128,128,128,1496,118,472
jovo-feature-scale-example,jovo-feature-scale-example,classification,jovo_t7,cuml,cuML SPORF,n_features,25000,3,3,1470347820,25000,100,8,2,10,44,44,9,69,34,35,35,184,6.33152,3,9,852.671,2,69,69,138,140,140,140,1672,138,552
jovo-feature-scale-example,jovo-feature-scale-example,classification,jovo_t7,cuml,cuML SPORF,n_features,25000,3,3,1470347820,25000,100,8,2,10,45,45,10,55,27,28,28,184,5.46196,3,10,887.541,2,55,55,110,128,128,128,1464,110,440
jovo-feature-scale-example,jovo-feature-scale-example,classification,jovo_t7,cuml,cuML SPORF,n_features,25000,3,3,1470347820,25000,100,8,2,10,46,46,8,59,29,30,30,184,4.95109,3,8,625.332,2,59,59,118,136,136,136,1560,118,472
jovo-feature-scale-example,jovo-feature-scale-example,classification,jovo_t7,cuml,cuML SPORF,n_features,25000,3,3,1470347820,25000,100,8,2,10,47,47,7,51,25,26,26,184,5.16848,3,7,537.792,2,51,51,102,112,112,112,1304,102,408
jovo-feature-scale-example,jovo-feature-scale-example,classification,jovo_t7,cuml,cuML SPORF,n_features,25000,3,3,1470347820,25000,100,8,2,10,48,48,7,55,27,28,28,184,5.23913,3,7,667.706,2,55,55,110,126,126,126,1448,110,440
jovo-feature-scale-example,jovo-feature-scale-example,classification,jovo_t7,cuml,cuML SPORF,n_features,25000,3,3,1470347820,25000,100,8,2,10,49,49,8,55,27,28,28,184,5.26087,2,8,616.057,2,55,55,110,133,133,133,1504,110,440
jovo-feature-scale-example,jovo-feature-scale-example,classification,jovo_t7,cuml,cuML SPORF,n_features,25000,3,3,1470347820,25000,100,8,2,10,50,50,8,59,29,30,30,184,5.02174,3,8,691.507,2,59,59,118,131,131,131,1520,118,472
jovo-feature-scale-example,jovo-feature-scale-example,classification,jovo_t7,cuml,cuML SPORF,n_features,25000,3,3,1470347820,25000,100,8,2,10,51,51,9,61,30,31,31,184,5.45109,2,9,363.865,2,61,61,122,139,139,139,1600,122,488
jovo-feature-scale-example,jovo-feature-scale-example,classification,jovo_t7,cuml,cuML SPORF,n_features,25000,3,3,1470347820,25000,100,8,2,10,52,52,8,59,29,30,30,184,4.96196,3,8,1137.36,2,59,59,118,135,135,135,1552,118,472
jovo-feature-scale-example,jovo-feature-scale-example,classification,jovo_t7,cuml,cuML SPORF,n_features,25000,3,3,1470347820,25000,100,8,2,10,53,53,8,59,29,30,30,184,5.11957,3,8,763.044,2,59,59,118,121,121,121,1440,118,472
jovo-feature-scale-example,jovo-feature-scale-example,classification,jovo_t7,cuml,cuML SPORF,n_features,25000,3,3,1470347820,25000,100,8,2,10,54,54,8,61,30,31,31,184,5.29891,3,8,768.126,2,61,61,122,116,116,116,1416,122,488
jovo-feature-scale-example,jovo-feature-scale-example,classification,jovo_t7,cuml,cuML SPORF,n_features,25000,3,3,1470347820,25000,100,8,2,10,55,55,9,69,34,35,35,184,5.38587,3,9,850.043,2,69,69,138,155,155,155,1792,138,552
jovo-feature-scale-example,jovo-feature-scale-example,classification,jovo_t7,cuml,cuML SPORF,n_features,25000,3,3,1470347820,25000,100,8,2,10,56,56,7,57,28,29,29,184,4.65761,3,7,581.291,2,57,57,114,142,142,142,1592,114,456
jovo-feature-scale-example,jovo-feature-scale-example,classification,jovo_t7,cuml,cuML SPORF,n_features,25000,3,3,1470347820,25000,100,8,2,10,57,57,8,67,33,34,34,184,5.67391,3,8,665.742,2,67,67,134,147,147,147,1712,134,536
jovo-feature-scale-example,jovo-feature-scale-example,classification,jovo_t7,cuml,cuML SPORF,n_features,25000,3,3,1470347820,25000,100,8,2,10,58,58,8,55,27,28,28,184,4.76087,3,8,641.228,2,55,55,110,124,124,124,1432,110,440
jovo-feature-scale-example,jovo-feature-scale-example,classification,jovo_t7,cuml,cuML SPORF,n_features,25000,3,3,1470347820,25000,100,8,2,10,59,59,8,55,27,28,28,184,4.82065,2,8,657.752,2,55,55,110,131,131,131,1488,110,440
jovo-feature-scale-example,jovo-feature-scale-example,classification,jovo_t7,cuml,cuML SPORF,n_features,25000,3,3,1470347820,25000,100,8,2,10,60,60,8,73,36,37,37,184,5.59239,3,8,620.223,2,73,73,146,152,152,152,1800,146,584
jovo-feature-scale-example,jovo-feature-scale-example,classification,jovo_t7,cuml,cuML SPORF,n_features,25000,3,3,1470347820,25000,100,8,2,10,61,61,8,59,29,30,30,184,4.97283,3,8,799.984,2,59,59,118,135,135,135,1552,118,472
jovo-feature-scale-example,jovo-feature-scale-example,classification,jovo_t7,cuml,cuML SPORF,n_features,25000,3,3,1470347820,25000,100,8,2,10,62,62,8,57,28,29,29,184,5.4837,3,8,615.927,2,57,57,114,117,117,117,1392,114,456
jovo-feature-scale-example,jovo-feature-scale-example,classification,jovo_t7,cuml,cuML SPORF,n_features,25000,3,3,1470347820,25000,100,8,2,10,63,63,8,61,30,31,31,184,5.23913,3,8,639.116,2,61,61,122,129,129,129,1520,122,488
jovo-feature-scale-example,jovo-feature-scale-example,classification,jovo_t7,cuml,cuML SPORF,n_features,25000,3,3,1470347820,25000,100,8,2,10,64,64,8,65,32,33,33,184,5.25,3,8,1137.3,2,65,65,130,137,137,137,1616,130,520
jovo-feature-scale-example,jovo-feature-scale-example,classification,jovo_t7,cuml,cuML SPORF,n_features,25000,3,3,1470347820,25000,100,8,2,10,65,65,9,53,26,27,27,184,6.35326,3,9,991.351,2,53,53,106,108,108,108,1288,106,424
jovo-feature-scale-example,jovo-feature-scale-example,classification,jovo_t7,cuml,cuML SPORF,n_features,25000,3,3,1470347820,25000,100,8,2,10,66,66,7,59,29,30,30,184,4.92935,3,7,635.405,2,59,59,118,133,133,133,1536,118,472
jovo-feature-scale-example,jovo-feature-scale-example,classification,jovo_t7,cuml,cuML SPORF,n_features,25000,3,3,1470347820,25000,100,8,2,10,67,67,7,49,24,25,25,184,5.03261,3,7,697.144,2,49,49,98,116,116,116,1320,98,392
jovo-feature-scale-example,jovo-feature-scale-example,classification,jovo_t7,cuml,cuML SPORF,n_features,25000,3,3,1470347820,25000,100,8,2,10,68,68,8,55,27,28,28,184,5.4837,2,8,860.7,2,55,55,110,143,143,143,1584,110,440
jovo-feature-scale-example,jovo-feature-scale-example,classification,jovo_t7,cuml,cuML SPORF,n_features,25000,3,3,1470347820,25000,100,8,2,10,69,69,7,55,27,28,28,184,4.68478,3,7,497.138,2,55,55,110,125,125,125,1440,110,440
jovo-feature-scale-example,jovo-feature-scale-example,classification,jovo_t7,cuml,cuML SPORF,n_features,25000,3,3,1470347820,25000,100,8,2,10,70,70,9,57,28,29,29,184,5.5,2,9,755.176,2,57,57,114,120,120,120,1416,114,456
jovo-feature-scale-example,jovo-feature-scale-example,classification,jovo_t7,cuml,cuML SPORF,n_features,25000,3,3,1470347820,25000,100,8,2,10,71,71,7,53,26,27,27,184,5.33696,3,7,541.071,2,53,53,106,118,118,118,1368,106,424
jovo-feature-scale-example,jovo-feature-scale-example,classification,jovo_t7,cuml,cuML SPORF,n_features,25000,3,3,1470347820,25000,100,8,2,10,72,72,8,59,29,30,30,184,5.29891,3,8,702.401,2,59,59,118,143,143,143,1616,118,472
jovo-feature-scale-example,jovo-feature-scale-example,classification,jovo_t7,cuml,cuML SPORF,n_features,25000,3,3,1470347820,25000,100,8,2,10,73,73,8,63,31,32,32,184,5.2663,3,8,717.44,2,63,63,126,137,137,137,1600,126,504
jovo-feature-scale-example,jovo-feature-scale-example,classification,jovo_t7,cuml,cuML SPORF,n_features,25000,3,3,1470347820,25000,100,8,2,10,74,74,8,61,30,31,31,184,5.19565,3,8,624.529,2,61,61,122,136,136,136,1576,122,488
jovo-feature-scale-example,jovo-feature-scale-example,classification,jovo_t7,cuml,cuML SPORF,n_features,25000,3,3,1470347820,25000,100,8,2,10,75,75,7,57,28,29,29,184,5.18478,3,7,635.107,2,57,57,114,148,148,148,1640,114,456
jovo-feature-scale-example,jovo-feature-scale-example,classification,jovo_t7,cuml,cuML SPORF,n_features,25000,3,3,1470347820,25000,100,8,2,10,76,76,12,63,31,32,32,184,5.88587,3,12,1432.27,2,63,63,126,137,137,137,1600,126,504
jovo-feature-scale-example,jovo-feature-scale-example,classification,jovo_t7,cuml,cuML SPORF,n_features,25000,3,3,1470347820,25000,100,8,2,10,77,77,11,59,29,30,30,184,6.16848,2,11,924.826,2,59,59,118,140,140,140,1592,118,472
jovo-feature-scale-example,jovo-feature-scale-example,classification,jovo_t7,cuml,cuML SPORF,n_features,25000,3,3,1470347820,25000,100,8,2,10,78,78,8,53,26,27,27,184,4.75543,3,8,609.204,2,53,53,106,129,129,129,1456,106,424
jovo-feature-scale-example,jovo-feature-scale-example,classification,jovo_t7,cuml,cuML SPORF,n_features,25000,3,3,1470347820,25000,100,8,2,10,79,79,9,59,29,30,30,184,5.08152,3,9,870.12,2,59,59,118,138,138,138,1576,118,472
jovo-feature-scale-example,jovo-feature-scale-example,classification,jovo_t7,cuml,cuML SPORF,n_features,25000,3,3,1470347820,25000,100,8,2,10,80,80,9,61,30,31,31,184,5.8587,3,9,872.495,2,61,61,122,142,142,142,1624,122,488
jovo-feature-scale-example,jovo-feature-scale-example,classification,jovo_t7,cuml,cuML SPORF,n_features,25000,3,3,1470347820,25000,100,8,2,10,81,81,9,55,27,28,28,184,5.38043,3,9,697.126,2,55,55,110,120,120,120,1400,110,440
jovo-feature-scale-example,jovo-feature-scale-example,classification,jovo_t7,cuml,cuML SPORF,n_features,25000,3,3,1470347820,25000,100,8,2,10,82,82,9,57,28,29,29,184,5.71739,3,9,922.862,2,57,57,114,110,110,110,1336,114,456
jovo-feature-scale-example,jovo-feature-scale-example,classification,jovo_t7,cuml,cuML SPORF,n_features,25000,3,3,1470347820,25000,100,8,2,10,83,83,8,55,27,28,28,184,5.33696,3,8,711.529,2,55,55,110,126,126,126,1448,110,440
jovo-feature-scale-example,jovo-feature-scale-example,classification,jovo_t7,cuml,cuML SPORF,n_features,25000,3,3,1470347820,25000,100,8,2,10,84,84,7,51,25,26,26,184,4.92935,3,7,517.688,2,51,51,102,131,131,131,1456,102,408
jovo-feature-scale-example,jovo-feature-scale-example,classification,jovo_t7,cuml,cuML SPORF,n_features,25000,3,3,1470347820,25000,100,8,2,10,85,85,7,57,28,29,29,184,5.09239,3,7,599.198,2,57,57,114,129,129,129,1488,114,456
jovo-feature-scale-example,jovo-feature-scale-example,classification,jovo_t7,cuml,cuML SPORF,n_features,25000,3,3,1470347820,25000,100,8,2,10,86,86,8,53,26,27,27,184,5.4837,3,8,634.971,2,53,53,106,124,124,124,1416,106,424
jovo-feature-scale-example,jovo-feature-scale-example,classification,jovo_t7,cuml,cuML SPORF,n_features,25000,3,3,1470347820,25000,100,8,2,10,87,87,8,55,27,28,28,184,4.94565,3,8,328.222,2,55,55,110,121,121,121,1408,110,440
jovo-feature-scale-example,jovo-feature-scale-example,classification,jovo_t7,cuml,cuML SPORF,n_features,25000,3,3,1470347820,25000,100,8,2,10,88,88,8,51,25,26,26,184,4.95652,3,8,1052.06,2,51,51,102,117,117,117,1344,102,408
jovo-feature-scale-example,jovo-feature-scale-example,classification,jovo_t7,cuml,cuML SPORF,n_features,25000,3,3,1470347820,25000,100,8,2,10,89,89,8,51,25,26,26,184,4.7663,3,8,795.296,2,51,51,102,120,120,120,1368,102,408
jovo-feature-scale-example,jovo-feature-scale-example,classification,jovo_t7,cuml,cuML SPORF,n_features,25000,3,3,1470347820,25000,100,8,2,10,90,90,9,57,28,29,29,184,4.84783,3,9,654.368,2,57,57,114,117,117,117,1392,114,456
jovo-feature-scale-example,jovo-feature-scale-example,classification,jovo_t7,cuml,cuML SPORF,n_features,25000,3,3,1470347820,25000,100,8,2,10,91,91,9,63,31,32,32,184,5.30978,3,9,1156.71,2,63,63,126,147,147,147,1680,126,504
jovo-feature-scale-example,jovo-feature-scale-example,classification,jovo_t7,cuml,cuML SPORF,n_features,25000,3,3,1470347820,25000,100,8,2,10,92,92,8,55,27,28,28,184,4.88043,3,8,758.49,2,55,55,110,128,128,128,1464,110,440
jovo-feature-scale-example,jovo-feature-scale-example,classification,jovo_t7,cuml,cuML SPORF,n_features,25000,3,3,1470347820,25000,100,8,2,10,93,93,8,65,32,33,33,184,5.13587,2,8,659.826,2,65,65,130,149,149,149,1712,130,520
jovo-feature-scale-example,jovo-feature-scale-example,classification,jovo_t7,cuml,cuML SPORF,n_features,25000,3,3,1470347820,25000,100,8,2,10,94,94,8,61,30,31,31,184,5.20109,3,8,632.968,2,61,61,122,150,150,150,1688,122,488
jovo-feature-scale-example,jovo-feature-scale-example,classification,jovo_t7,cuml,cuML SPORF,n_features,25000,3,3,1470347820,25000,100,8,2,10,95,95,8,65,32,33,33,184,5.66848,3,8,685.561,2,65,65,130,141,141,141,1648,130,520
jovo-feature-scale-example,jovo-feature-scale-example,classification,jovo_t7,cuml,cuML SPORF,n_features,25000,3,3,1470347820,25000,100,8,2,10,96,96,8,57,28,29,29,184,4.86413,3,8,845.722,2,57,57,114,134,134,134,1528,114,456
jovo-feature-scale-example,jovo-feature-scale-example,classification,jovo_t7,cuml,cuML SPORF,n_features,25000,3,3,1470347820,25000,100,8,2,10,97,97,8,61,30,31,31,184,5.44565,3,8,535.994,2,61,61,122,130,130,130,1528,122,488
jovo-feature-scale-example,jovo-feature-scale-example,classification,jovo_t7,cuml,cuML SPORF,n_features,25000,3,3,1470347820,25000,100,8,2,10,98,98,8,57,28,29,29,184,4.74457,3,8,637.815,2,57,57,114,116,116,116,1384,114,456
jovo-feature-scale-example,jovo-feature-scale-example,classification,jovo_t7,cuml,cuML SPORF,n_features,25000,3,3,1470347820,25000,100,8,2,10,99,99,10,55,27,28,28,184,4.89674,2,10,594.929,2,55,55,110,129,129,129,1472,110,440
jovo-feature-scale-example,jovo-feature-scale-example,classification,jovo_t7,cuml,cuML SPORF,n_features,50000,4,1,1672937952,50000,100,4,2,10,0,0,9,53,26,27,27,184,5.52174,3,9,910.961,2,53,53,106,112,112,112,1320,106,424
jovo-feature-scale-example,jovo-feature-scale-example,classification,jovo_t7,cuml,cuML SPORF,n_features,50000,4,1,1672937952,50000,100,4,2,10,1,1,8,53,26,27,27,184,4.90217,3,8,777.894,2,53,53,106,106,106,106,1272,106,424
jovo-feature-scale-example,jovo-feature-scale-example,classification,jovo_t7,cuml,cuML SPORF,n_features,50000,4,1,1672937952,50000,100,4,2,10,2,2,9,59,29,30,30,184,6.63043,2,9,883.566,2,59,59,118,124,124,124,1464,118,472
jovo-feature-scale-example,jovo-feature-scale-example,classification,jovo_t7,cuml,cuML SPORF,n_features,50000,4,1,1672937952,50000,100,4,2,10,3,3,9,67,33,34,34,184,5.6413,3,9,893.194,2,67,67,134,162,162,162,1832,134,536
jovo-feature-scale-example,jovo-feature-scale-example,classification,jovo_t7,cuml,cuML SPORF,n_features,50000,4,1,1672937952,50000,100,4,2,10,4,4,7,55,27,28,28,184,4.96196,3,7,672.048,2,55,55,110,131,131,131,1488,110,440
jovo-feature-scale-example,jovo-feature-scale-example,classification,jovo_t7,cuml,cuML SPORF,n_features,50000,4,1,1672937952,50000,100,4,2,10,5,5,8,61,30,31,31,184,5.68478,3,8,701.467,2,61,61,122,127,127,127,1504,122,488
jovo-feature-scale-example,jovo-feature-scale-example,classification,jovo_t7,cuml,cuML SPORF,n_features,50000,4,1,1672937952,50000,100,4,2,10,6,6,7,65,32,33,33,184,5.34239,3,7,530.539,2,65,65,130,145,145,145,1680,130,520
jovo-feature-scale-example,jovo-feature-scale-example,classification,jovo_t7,cuml,cuML SPORF,n_features,50000,4,1,1672937952,50000,100,4,2,10,7,7,7,59,29,30,30,184,5.08152,3,7,600.98,2,59,59,118,115,115,115,1392,118,472
jovo-feature-scale-example,jovo-feature-scale-example,classification,jovo_t7,cuml,cuML SPORF,n_features,50000,4,1,1672937952,50000,100,4,2,10,8,8,8,53,26,27,27,184,5.24457,3,8,568.839,2,53,53,106,113,113,113,1328,106,424
jovo-feature-scale-example,jovo-feature-scale-example,classification,jovo_t7,cuml,cuML SPORF,n_features,50000,4,1,1672937952,50000,100,4,2,10,9,9,7,55,27,28,28,184,5.02717,3,7,793.309,2,55,55,110,110,110,110,1320,110,440
jovo-feature-scale-example,jovo-feature-scale-example,classification,jovo_t7,cuml,cuML SPORF,n_features,50000,4,1,1672937952,50000,100,4,2,10,10,10,8,55,27,28,28,184,5.33696,3,8,626.808,2,55,55,110,125,125,125,1440,110,440
jovo-feature-scale-example,jovo-feature-scale-example,classification,jovo_t7,cuml,cuML SPORF,n_features,50000,4,1,1672937952,50000,100,4,2,10,11,11,8,63,31,32,32,184,5.00543,2,8,615.765,2,63,63,126,146,146,146,1672,126,504
jovo-feature-scale-example,jovo-feature-scale-example,classification,jovo_t7,cuml,cuML SPORF,n_features,50000,4,1,1672937952,50000,100,4,2,10,12,12,9,55,27,28,28,184,4.92391,3,9,629.448,2,55,55,110,144,144,144,1592,110,440
jovo-feature-scale-example,jovo-feature-scale-example,classification,jovo_t7,cuml,cuML SPORF,n_features,50000,4,1,1672937952,50000,100,4,2,10,13,13,7,59,29,30,30,184,4.92935,3,7,721.325,2,59,59,118,134,134,134,1544,118,472
jovo-feature-scale-example,jovo-feature-scale-example,classification,jovo_t7,cuml,cuML SPORF,n_features,50000,4,1,1672937952,50000,100,4,2,10,14,14,8,53,26,27,27,184,5.40761,3,8,663.909,2,53,53,106,132,132,132,1480,106,424
jovo-feature-scale-example,jovo-feature-scale-example,classification,jovo_t7,cuml,cuML SPORF,n_features,50000,4,1,1672937952,50000,100,4,2,10,15,15,8,61,30,31,31,184,5.18478,3,8,813.587,2,61,61,122,151,151,151,1696,122,488
jovo-feature-scale-example,jovo-feature-scale-example,classification,jovo_t7,cuml,cuML SPORF,n_features,50000,4,1,1672937952,50000,100,4,2,10,16,16,7,55,27,28,28,184,4.90217,3,7,616.23,2,55,55,110,116,116,116,1368,110,440
jovo-feature-scale-example,jovo-feature-scale-example,classification,jovo_t7,cuml,cuML SPORF,n_features,50000,4,1,1672937952,50000,100,4,2,10,17,17,8,59,29,30,30,184,5.6413,3,8,591.293,2,59,59,118,121,121,121,1440,118,472
jovo-feature-scale-example,jovo-feature-scale-example,classification,jovo_t7,cuml,cuML SPORF,n_features,50000,4,1,1672937952,50000,100,4,2,10,18,18,8,69,34,35,35,184,5.59783,4,8,815.852,2,69,69,138,159,159,159,1824,138,552
jovo-feature-scale-example,jovo-feature-scale-example,classification,jovo_t7,cuml,cuML SPORF,n_features,50000,4,1,1672937952,50000,100,4,2,10,19,19,11,61,30,31,31,184,5.85326,2,11,1086.42,2,61,61,122,158,158,158,1752,122,488
jovo-feature-scale-example,jovo-feature-scale-example,classification,jovo_t7,cuml,cuML SPORF,n_features,50000,4,1,1672937952,50000,100,4,2,10,20,20,7,51,25,26,26,184,4.63043,3,7,702.153,2,51,51,102,110,110,110,1288,102,408
jovo-feature-scale-example,jovo-feature-scale-example,classification,jovo_t7,cuml,cuML SPORF,n_features,50000,4,1,1672937952,50000,100,4,2,10,21,21,9,51,25,26,26,184,4.99457,3,9,675.849,2,51,51,102,105,105,105,1248,102,408
jovo-feature-scale-example,jovo-feature-scale-example,classification,jovo_t7,cuml,cuML SPORF,n_features,50000,4,1,1672937952,50000,100,4,2,10,22,22,7,59,29,30,30,184,4.84239,3,7,634.559,2,59,59,118,132,132,132,1528,118,472
jovo-feature-scale-example,jovo-feature-scale-example,classification,jovo_t7,cuml,cuML SPORF,n_features,50000,4,1,1672937952,50000,100,4,2,10,23,23,8,61,30,31,31,184,5.42391,3,8,725.747,2,61,61,122,133,133,133,1552,122,488
jovo-feature-scale-example,jovo-feature-scale-example,classification,jovo_t7,cuml,cuML SPORF,n_features,50000,4,1,1672937952,50000,100,4,2,10,24,24,9,55,27,28,28,184,4.86957,3,9,538.549,2,55,55,110,114,114,114,1352,110,440
jovo-feature-scale-example,jovo-feature-scale-example,classification,jovo_t7,cuml,cuML SPORF,n_features,50000,4,1,1672937952,50000,100,4,2,10,25,25,10,59,29,30,30,184,5.2663,3,10,1085.77,2,59,59,118,119,119,119,1424,118,472
jovo-feature-scale-example,jovo-feature-scale-example,classification,jovo_t7,cuml,cuML SPORF,n_features,50000,4,1,1672937952,50000,100,4,2,10,26,26,8,57,28,29,29,184,4.77174,3,8,840.957,2,57,57,114,130,130,130,1496,114,456
jovo-feature-scale-example,jovo-feature-scale-example,classification,jovo_t7,cuml,cuML SPORF,n_features,50000,4,1,1672937952,50000,100,4,2,10,27,27,9,67,33,34,34,184,5.72826,2,9,771.849,2,67,67,134,177,177,177,1952,134,536
jovo-feature-scale-example,jovo-feature-scale-example,classification,jovo_t7,cuml,cuML SPORF,n_features,50000,4,1,1672937952,50000,100,4,2,10,28,28,8,61,30,31,31,184,6.08152,2,8,672.811,2,61,61,122,134,134,134,1560,122,488
jovo-feature-scale-example,jovo-feature-scale-example,classification,jovo_t7,cuml,cuML SPORF,n_features,50000,4,1,1672937952,50000,100,4,2,10,29,29,9,83,41,42,42,184,6.2337,3,9,768.056,2,83,83,166,196,196,196,2232,166,664
jovo-feature-scale-example,jovo-feature-scale-example,classification,jovo_t7,cuml,cuML SPORF,n_features,50000,4,1,1672937952,50000,100,4,2,10,30,30,8,67,33,34,34,184,5.38587,3,8,633.55,2,67,67,134,169,169,169,1888,134,536
jovo-feature-scale-example,jovo-feature-scale-example,classification,jovo_t7,cuml,cuML SPORF,n_features,50000,4,1,1672937952,50000,100,4,2,10,31,31,8,75,37,38,38,184,6.02717,3,8,533.707,2,75,75,150,158,158,158,1864,150,600
jovo-feature-scale-example,jovo-feature-scale-example,classification,jovo_t7,cuml,cuML SPORF,n_features,50000,4,1,1672937952,50000,100,4,2,10,32,32,7,53,26,27,27,184,5.54348,3,7,532.665,2,53,53,106,131,131,131,1472,106,424
jovo-feature-scale-example,jovo-feature-scale-example,classification,jovo_t7,cuml,cuML SPORF,n_features,50000,4,1,1672937952,50000,100,4,2,10,33,33,7,55,27,28,28,184,5.1087,3,7,506.4,2,55,55,110,118,118,118,1384,110,440
jovo-feature-scale-example,jovo-feature-scale-example,classification,jovo_t7,cuml,cuML SPORF,n_features,50000,4,1,1672937952,50000,100,4,2,10,34,34,7,55,27,28,28,184,5.28261,4,7,654.489,2,55,55,110,128,128,128,1464,110,440
jovo-feature-scale-example,jovo-feature-scale-example,classification,jovo_t7,cuml,cuML SPORF,n_features,50000,4,1,1672937952,50000,100,4,2,10,35,35,8,53,26,27,27,184,5.16848,3,8,684.611,2,53,53,106,117,117,117,1360,106,424
jovo-feature-scale-example,jovo-feature-scale-example,classification,jovo_t7,cuml,cuML SPORF,n_features,50000,4,1,1672937952,50000,100,4,2,10,36,36,9,55,27,28,28,184,5.16848,3,9,698.2,2,55,55,110,124,124,124,1432,110,440
jovo-feature-scale-example,jovo-feature-scale-example,classification,jovo_t7,cuml,cuML SPORF,n_features,50000,4,1,1672937952,50000,100,4,2,10,37,37,7,51,25,26,26,184,4.36413,3,7,521.098,2,51,51,102,109,109,109,1280,102,408
jovo-feature-scale-example,jovo-feature-scale-example,classification,jovo_t7,cuml,cuML SPORF,n_features,50000,4,1,1672937952,50000,100,4,2,10,38,38,6,61,30,31,31,184,4.8587,4,6,615.749,2,61,61,122,123,123,123,1472,122,488
jovo-feature-scale-example,jovo-feature-scale-example,classification,jovo_t7,cuml,cuML SPORF,n_features,50000,4,1,1672937952,50000,100,4,2,10,39,39,8,57,28,29,29,184,5.27174,2,8,706.841,2,57,57,114,119,119,119,1408,114,456
jovo-feature-scale-example,jovo-feature-scale-example,classification,jovo_t7,cuml,cuML SPORF,n_features,50000,4,1,1672937952,50000,100,4,2,10,40,40,9,61,30,31,31,184,5.46196,4,9,771.722,2,61,61,122,138,138,138,1592,122,488
jovo-feature-scale-example,jovo-feature-scale-example,classification,jovo_t7,cuml,cuML SPORF,n_features,50000,4,1,1672937952,50000,100,4,2,10,41,41,7,57,28,29,29,184,5.3913,3,7,641.518,2,57,57,114,132,132,132,1512,114,456
jovo-feature-scale-example,jovo-feature-scale-example,classification,jovo_t7,cuml,cuML SPORF,n_features,50000,4,1,1672937952,50000,100,4,2,10,42,42,7,51,25,26,26,184,4.79891,3,7,552.4,2,51,51,102,120,120,120,1368,102,408
jovo-feature-scale-example,jovo-feature-scale-example,classification,jovo_t7,cuml,cuML SPORF,n_features,50000,4,1,1672937952,50000,100,4,2,10,43,43,8,59,29,30,30,184,5.25,3,8,645.965,2,59,59,118,124,124,124,1464,118,472
jovo-feature-scale-example,jovo-feature-scale-example,classification,jovo_t7,cuml,cuML SPORF,n_features,50000,4,1,1672937952,50000,100,4,2,10,44,44,8,65,32,33,33,184,5.72826,3,8,765.208,2,65,65,130,167,167,167,1856,130,520
jovo-feature-scale-example,jovo-feature-scale-example,classification,jovo_t7,cuml,cuML SPORF,n_features,50000,4,1,1672937952,50000,100,4,2,10,45,45,7,65,32,33,33,184,5.7337,4,7,741.132,2,65,65,130,146,146,146,1688,130,520
jovo-feature-scale-example,jovo-feature-scale-example,classification,jovo_t7,cuml,cuML SPORF,n_features,50000,4,1,1672937952,50000,100,4,2,10,46,46,7,57,28,29,29,184,5.11413,3,7,640.296,2,57,57,114,113,113,113,1360,114,456
jovo-feature-scale-example,jovo-feature-scale-example,classification,jovo_t7,cuml,cuML SPORF,n_features,50000,4,1,1672937952,50000,100,4,2,10,47,47,10,71,35,36,36,184,5.66304,3,10,649.09,2,71,71,142,170,170,170,1928,142,568
jovo-feature-scale-example,jovo-feature-scale-example,classification,jovo_t7,cuml,cuML SPORF,n_features,50000,4,1,1672937952,50000,100,4,2,10,48,48,8,59,29,30,30,184,5.34783,3,8,665.784,2,59,59,118,124,124,124,1464,118,472
jovo-feature-scale-example,jovo-feature-scale-example,classification,jovo_t7,cuml,cuML SPORF,n_features,50000,4,1,1672937952,50000,100,4,2,10,49,49,7,61,30,31,31,184,5.25,3,7,652.573,2,61,61,122,134,134,134,1560,122,488
jovo-feature-scale-example,jovo-feature-scale-example,classification,jovo_t7,cuml,cuML SPORF,n_features,50000,4,1,1672937952,50000,100,4,2,10,50,50,9,53,26,27,27,184,5.08152,3,9,739.81,2,53,53,106,111,111,111,1312,106,424
jovo-feature-scale-example,jovo-feature-scale-example,classification,jovo_t7,cuml,cuML SPORF,n_features,50000,4,1,1672937952,50000,100,4,2,10,51,51,8,63,31,32,32,184,5.56522,3,8,948.798,2,63,63,126,141,141,141,1632,126,504
jovo-feature-scale-example,jovo-feature-scale-example,classification,jovo_t7,cuml,cuML SPORF,n_features,50000,4,1,1672937952,50000,100,4,2,10,52,52,9,55,27,28,28,184,5.6087,3,9,884.484,2,55,55,110,136,136,136,1528,110,440
jovo-feature-scale-example,jovo-feature-scale-example,classification,jovo_t7,cuml,cuML SPORF,n_features,50000,4,1,1672937952,50000,100,4,2,10,53,53,7,51,25,26,26,184,4.60326,3,7,455.278,2,51,51,102,119,119,119,1360,102,408
jovo-feature-scale-example,jovo-feature-scale-example,classification,jovo_t7,cuml,cuML SPORF,n_features,50000,4,1,1672937952,50000,100,4,2,10,54,54,8,59,29,30,30,184,5.00543,3,8,810.414,2,59,59,118,117,117,117,1408,118,472
jovo-feature-scale-example,jovo-feature-scale-example,classification,jovo_t7,cuml,cuML SPORF,n_features,50000,4,1,1672937952,50000,100,4,2,10,55,55,10,71,35,36,36,184,5.67935,3,10,754.261,2,71,71,142,132,132,132,1624,142,568
jovo-feature-scale-example,jovo-feature-scale-example,classification,jovo_t7,cuml,cuML SPORF,n_features,50000,4,1,1672937952,50000,100,4,2,10,56,56,8,61,30,31,31,184,5.16848,3,8,532.727,2,61,61,122,148,148,148,1672,122,488
jovo-feature-scale-example,jovo-feature-scale-example,classification,jovo_t7,cuml,cuML SPORF,n_features,50000,4,1,1672937952,50000,100,4,2,10,57,57,9,59,29,30,30,184,5.38043,3,9,553.378,2,59,59,118,122,122,122,1448,118,472
jovo-feature-scale-example,jovo-feature-scale-example,classification,jovo_t7,cuml,cuML SPORF,n_features,50000,4,1,1672937952,50000,100,4,2,10,58,58,8,55,27,28,28,184,4.97283,2,8,599.555,2,55,55,110,133,133,133,1504,110,440
jovo-feature-scale-example,jovo-feature-scale-example,classification,jovo_t7,cuml,cuML SPORF,n_features,50000,4,1,1672937952,50000,100,4,2,10,59,59,8,53,26,27,27,184,4.70109,3,8,613.253,2,53,53,106,107,107,107,1280,106,424
jovo-feature-scale-example,jovo-feature-scale-example,classification,jovo_t7,cuml,cuML SPORF,n_features,50000,4,1,1672937952,50000,100,4,2,10,60,60,9,59,29,30,30,184,4.98913,4,9,841.255,2,59,59,118,117,117,117,1408,118,472
jovo-feature-scale-example,jovo-feature-scale-example,classification,jovo_t7,cuml,cuML SPORF,n_features,50000,4,1,1672937952,50000,100,4,2,10,61,61,8,61,30,31,31,184,5.07609,3,8,584.487,2,61,61,122,135,135,135,1568,122,488
jovo-feature-scale-example,jovo-feature-scale-example,classification,jovo_t7,cuml,cuML SPORF,n_features,50000,4,1,1672937952,50000,100,4,2,10,62,62,9,59,29,30,30,184,5.31522,2,9,758.597,2,59,59,118,150,150,150,1672,118,472
jovo-feature-scale-example,jovo-feature-scale-example,classification,jovo_t7,cuml,cuML SPORF,n_features,50000,4,1,1672937952,50000,100,4,2,10,63,63,8,53,26,27,27,184,5.05435,3,8,619.024,2,53,53,106,124,124,124,1416,106,424
jovo-feature-scale-example,jovo-feature-scale-example,classification,jovo_t7,cuml,cuML SPORF,n_features,50000,4,1,1672937952,50000,100,4,2,10,64,64,9,55,27,28,28,184,4.90761,2,9,774.435,2,55,55,110,118,118,118,1384,110,440
jovo-feature-scale-example,jovo-feature-scale-example,classification,jovo_t7,cuml,cuML SPORF,n_features,50000,4,1,1672937952,50000,100,4,2,10,65,65,7,55,27,28,28,184,4.82065,4,7,805.871,2,55,55,110,152,152,152,1656,110,440
jovo-feature-scale-example,jovo-feature-scale-example,classification,jovo_t7,cuml,cuML SPORF,n_features,50000,4,1,1672937952,50000,100,4,2,10,66,66,7,55,27,28,28,184,4.82065,3,7,516.406,2,55,55,110,107,107,107,1296,110,440
jovo-feature-scale-example,jovo-feature-scale-example,classification,jovo_t7,cuml,cuML SPORF,n_features,50000,4,1,1672937952,50000,100,4,2,10,67,67,9,51,25,26,26,184,4.75,3,9,700.658,2,51,51,102,111,111,111,1296,102,408
jovo-feature-scale-example,jovo-feature-scale-example,classification,jovo_t7,cuml,cuML SPORF,n_features,50000,4,1,1672937952,50000,100,4,2,10,68,68,8,63,31,32,32,184,5.17391,3,8,817.4,2,63,63,126,147,147,147,1680,126,504
jovo-feature-scale-example,jovo-feature-scale-example,classification,jovo_t7,cuml,cuML SPORF,n_features,50000,4,1,1672937952,50000,100,4,2,10,69,69,9,63,31,32,32,184,5.57609,2,9,784.86,2,63,63,126,143,143,143,1648,126,504
jovo-feature-scale-example,jovo-feature-scale-example,classification,jovo_t7,cuml,cuML SPORF,n_features,50000,4,1,1672937952,50000,100,4,2,10,70,70,7,65,32,33,33,184,5.24457,3,7,647.057,2,65,65,130,152,152,152,1736,130,520
jovo-feature-scale-example,jovo-feature-scale-example,classification,jovo_t7,cuml,cuML SPORF,n_features,50000,4,1,1672937952,50000,100,4,2,10,71,71,10,59,29,30,30,184,5.79891,2,10,782.994,2,59,59,118,148,148,148,1656,118,472
jovo-feature-scale-example,jovo-feature-scale-example,classification,jovo_t7,cuml,cuML SPORF,n_features,50000,4,1,1672937952,50000,100,4,2,10,72,72,9,67,33,34,34,184,5.46196,4,9,661.353,2,67,67,134,138,138,138,1640,134,536
jovo-feature-scale-example,jovo-feature-scale-example,classification,jovo_t7,cuml,cuML SPORF,n_features,50000,4,1,1672937952,50000,100,4,2,10,73,73,9,59,29,30,30,184,5.07065,3,9,831.103,2,59,59,118,134,134,134,1544,118,472
jovo-feature-scale-example,jovo-feature-scale-example,classification,jovo_t7,cuml,cuML SPORF,n_features,50000,4,1,1672937952,50000,100,4,2,10,74,74,7,59,29,30,30,184,4.99457,3,7,495.528,2,59,59,118,137,137,137,1568,118,472
jovo-feature-scale-example,jovo-feature-scale-example,classification,jovo_t7,cuml,cuML SPORF,n_features,50000,4,1,1672937952,50000,100,4,2,10,75,75,8,65,32,33,33,184,5.36957,3,8,1185.99,2,65,65,130,155,155,155,1760,130,520
jovo-feature-scale-example,jovo-feature-scale-example,classification,jovo_t7,cuml,cuML SPORF,n_features,50000,4,1,1672937952,50000,100,4,2,10,76,76,8,67,33,34,34,184,5.30435,3,8,676.614,2,67,67,134,127,127,127,1552,134,536
jovo-feature-scale-example,jovo-feature-scale-example,classification,jovo_t7,cuml,cuML SPORF,n_features,50000,4,1,1672937952,50000,100,4,2,10,77,77,9,59,29,30,30,184,5.72283,3,9,772.852,2,59,59,118,124,124,124,1464,118,472
jovo-feature-scale-example,jovo-feature-scale-example,classification,jovo_t7,cuml,cuML SPORF,n_features,50000,4,1,1672937952,50000,100,4,2,10,78,78,8,65,32,33,33,184,5.21739,2,8,733.189,2,65,65,130,130,130,130,1560,130,520
jovo-feature-scale-example,jovo-feature-scale-example,classification,jovo_t7,cuml,cuML SPORF,n_features,50000,4,1,1672937952,50000,100,4,2,10,79,79,8,61,30,31,31,184,5.68478,3,8,650.013,2,61,61,122,164,164,164,1800,122,488
jovo-feature-scale-example,jovo-feature-scale-example,classification,jovo_t7,cuml,cuML SPORF,n_features,50000,4,1,1672937952,50000,100,4,2,10,80,80,8,55,27,28,28,184,4.79891,3,8,622.485,2,55,55,110,122,122,122,1416,110,440
jovo-feature-scale-example,jovo-feature-scale-example,classification,jovo_t7,cuml,cuML SPORF,n_features,50000,4,1,1672937952,50000,100,4,2,10,81,81,7,55,27,28,28,184,5.07609,3,7,484.376,2,55,55,110,137,137,137,1536,110,440
jovo-feature-scale-example,jovo-feature-scale-example,classification,jovo_t7,cuml,cuML SPORF,n_features,50000,4,1,1672937952,50000,100,4,2,10,82,82,9,65,32,33,33,184,5.75,3,9,553.394,2,65,65,130,158,158,158,1784,130,520
jovo-feature-scale-example,jovo-feature-scale-example,classification,jovo_t7,cuml,cuML SPORF,n_features,50000,4,1,1672937952,50000,100,4,2,10,83,83,10,59,29,30,30,184,5.49457,3,10,795.761,2,59,59,118,130,130,130,1512,118,472
jovo-feature-scale-example,jovo-feature-scale-example,classification,jovo_t7,cuml,cuML SPORF,n_features,50000,4,1,1672937952,50000,100,4,2,10,84,84,7,59,29,30,30,184,5.29891,3,7,636.042,2,59,59,118,131,131,131,1520,118,472
jovo-feature-scale-example,jovo-feature-scale-example,classification,jovo_t7,cuml,cuML SPORF,n_features,50000,4,1,1672937952,50000,100,4,2,10,85,85,8,63,31,32,32,184,5.02174,3,8,669.556,2,63,63,126,139,139,139,1616,126,504
jovo-feature-scale-example,jovo-feature-scale-example,classification,jovo_t7,cuml,cuML SPORF,n_features,50000,4,1,1672937952,50000,100,4,2,10,86,86,9,61,30,31,31,184,6.375,3,9,727.606,2,61,61,122,142,142,142,1624,122,488
jovo-feature-scale-example,jovo-feature-scale-example,classification,jovo_t7,cuml,cuML SPORF,n_features,50000,4,1,1672937952,50000,100,4,2,10,87,87,7,55,27,28,28,184,5.15217,3,7,567.964,2,55,55,110,122,122,122,1416,110,440
jovo-feature-scale-example,jovo-feature-scale-example,classification,jovo_t7,cuml,cuML SPORF,n_features,50000,4,1,1672937952,50000,100,4,2,10,88,88,9,57,28,29,29,184,5.47826,2,9,729.79,2,57,57,114,132,132,132,1512,114,456
jovo-feature-scale-example,jovo-feature-scale-example,classification,jovo_t7,cuml,cuML SPORF,n_features,50000,4,1,1672937952,50000,100,4,2,10,89,89,12,55,27,28,28,184,5.46196,3,12,1068.25,2,55,55,110,126,126,126,1448,110,440
jovo-feature-scale-example,jovo-feature-scale-example,classification,jovo_t7,cuml,cuML SPORF,n_features,50000,4,1,1672937952,50000,100,4,2,10,90,90,10,61,30,31,31,184,5.41848,3,10,862.597,2,61,61,122,160,160,160,1768,122,488
jovo-feature-scale-example,jovo-feature-scale-example,classification,jovo_t7,cuml,cuML SPORF,n_features,50000,4,1,1672937952,50000,100,4,2,10,91,91,8,61,30,31,31,184,5.21739,3,8,633.995,2,61,61,122,143,143,143,1632,122,488
jovo-feature-scale-example,jovo-feature-scale-example,classification,jovo_t7,cuml,cuML SPORF,n_features,50000,4,1,1672937952,50000,100,4,2,10,92,92,7,49,24,25,25,184,4.78804,3,7,597.343,2,49,49,98,98,98,98,1176,98,392
jovo-feature-scale-example,jovo-feature-scale-example,classification,jovo_t7,cuml,cuML SPORF,n_features,50000,4,1,1672937952,50000,100,4,2,10,93,93,9,51,25,26,26,184,4.90217,3,9,876.558,2,51,51,102,132,132,132,1464,102,408
jovo-feature-scale-example,jovo-feature-scale-example,classification,jovo_t7,cuml,cuML SPORF,n_features,50000,4,1,1672937952,50000,100,4,2,10,94,94,7,63,31,32,32,184,5.05435,3,7,796.213,2,63,63,126,137,137,137,1600,126,504
jovo-feature-scale-example,jovo-feature-scale-example,classification,jovo_t7,cuml,cuML SPORF,n_features,50000,4,1,1672937952,50000,100,4,2,10,95,95,8,59,29,30,30,184,5.51087,3,8,641.546,2,59,59,118,130,130,130,1512,118,472
jovo-feature-scale-example,jovo-feature-scale-example,classification,jovo_t7,cuml,cuML SPORF,n_features,50000,4,1,1672937952,50000,100,4,2,10,96,96,8,55,27,28,28,184,4.99457,3,8,718.321,2,55,55,110,139,139,139,1552,110,440
jovo-feature-scale-example,jovo-feature-scale-example,classification,jovo_t7,cuml,cuML SPORF,n_features,50000,4,1,1672937952,50000,100,4,2,10,97,97,8,75,37,38,38,184,5.81522,4,8,697.21,2,75,75,150,163,163,163,1904,150,600
jovo-feature-scale-example,jovo-feature-scale-example,classification,jovo_t7,cuml,cuML SPORF,n_features,50000,4,1,1672937952,50000,100,4,2,10,98,98,10,73,36,37,37,184,5.96196,2,10,691.202,2,73,73,146,165,165,165,1904,146,584
jovo-feature-scale-example,jovo-feature-scale-example,classification,jovo_t7,cuml,cuML SPORF,n_features,50000,4,1,1672937952,50000,100,4,2,10,99,99,7,55,27,28,28,184,4.93478,3,7,402.34,2,55,55,110,120,120,120,1400,110,440
jovo-feature-scale-example,jovo-feature-scale-example,classification,jovo_t7,cuml,cuML SPORF,n_features,50000,4,2,1280706876,50000,100,4,2,10,0,0,7,61,30,31,31,184,5.30978,2,7,1053.28,2,61,61,122,123,123,123,1472,122,488
jovo-feature-scale-example,jovo-feature-scale-example,classification,jovo_t7,cuml,cuML SPORF,n_features,50000,4,2,1280706876,50000,100,4,2,10,1,1,8,61,30,31,31,184,5.09239,3,8,799.156,2,61,61,122,145,145,145,1648,122,488
jovo-feature-scale-example,jovo-feature-scale-example,classification,jovo_t7,cuml,cuML SPORF,n_features,50000,4,2,1280706876,50000,100,4,2,10,2,2,8,65,32,33,33,184,5.71196,3,8,568.24,2,65,65,130,143,143,143,1664,130,520
jovo-feature-scale-example,jovo-feature-scale-example,classification,jovo_t7,cuml,cuML SPORF,n_features,50000,4,2,1280706876,50000,100,4,2,10,3,3,7,57,28,29,29,184,4.91304,4,7,643.246,2,57,57,114,130,130,130,1496,114,456
jovo-feature-scale-example,jovo-feature-scale-example,classification,jovo_t7,cuml,cuML SPORF,n_features,50000,4,2,1280706876,50000,100,4,2,10,4,4,8,59,29,30,30,184,5.30978,2,8,704.168,2,59,59,118,142,142,142,1608,118,472
jovo-feature-scale-example,jovo-feature-scale-example,classification,jovo_t7,cuml,cuML SPORF,n_features,50000,4,2,1280706876,50000,100,4,2,10,5,5,8,67,33,34,34,184,5.22283,3,8,795.724,2,67,67,134,138,138,138,1640,134,536
jovo-feature-scale-example,jovo-feature-scale-example,classification,jovo_t7,cuml,cuML SPORF,n_features,50000,4,2,1280706876,50000,100,4,2,10,6,6,9,61,30,31,31,184,5.74457,2,9,880.191,2,61,61,122,135,135,135,1568,122,488
jovo-feature-scale-example,jovo-feature-scale-example,classification,jovo_t7,cuml,cuML SPORF,n_features,50000,4,2,1280706876,50000,100,4,2,10,7,7,8,63,31,32,32,184,5.25,3,8,716.566,2,63,63,126,133,133,133,1568,126,504
jovo-feature-scale-example,jovo-feature-scale-example,classification,jovo_t7,cuml,cuML SPORF,n_features,50000,4,2,1280706876,50000,100,4,2,10,8,8,9,63,31,32,32,184,5.41304,3,9,795.061,2,63,63,126,135,135,135,1584,126,504
jovo-feature-scale-example,jovo-feature-scale-example,classification,jovo_t7,cuml,cuML SPORF,n_features,50000,4,2,1280706876,50000,100,4,2,10,9,9,9,57,28,29,29,184,5.21196,2,9,633.137,2,57,57,114,119,119,119,1408,114,456
jovo-feature-scale-example,jovo-feature-scale-example,classification,jovo_t7,cuml,cuML SPORF,n_features,50000,4,2,1280706876,50000,100,4,2,10,10,10,8,55,27,28,28,184,4.89674,2,8,864.646,2,55,55,110,118,118,118,1384,110,440
jovo-feature-scale-example,jovo-feature-scale-example,classification,jovo_t7,cuml,cuML SPORF,n_features,50000,4,2,1280706876,50000,100,4,2,10,11,11,9,55,27,28,28,184,5.38043,3,9,644.521,2,55,55,110,128,128,128,1464,110,440
jovo-feature-scale-example,jovo-feature-scale-example,classification,jovo_t7,cuml,cuML SPORF,n_features,50000,4,2,1280706876,50000,100,4,2,10,12,12,8,69,34,35,35,184,5.79348,3,8,648.799,2,69,69,138,163,163,163,1856,138,552
jovo-feature-scale-example,jovo-feature-scale-example,classification,jovo_t7,cuml,cuML SPORF,n_features,50000,4,2,1280706876,50000,100,4,2,10,13,13,8,69,34,35,35,184,5.59783,4,8,727.541,2,69,69,138,143,143,143,1696,138,552
jovo-feature-scale-example,jovo-feature-scale-example,classification,jovo_t7,cuml,cuML SPORF,n_features,50000,4,2,1280706876,50000,100,4,2,10,14,14,8,59,29,30,30,184,5.3587,3,8,582.841,2,59,59,118,136,136,136,1560,118,472
jovo-feature-scale-example,jovo-feature-scale-example,classification,jovo_t7,cuml,cuML SPORF,n_features,50000,4,2,1280706876,50000,100,4,2,10,15,15,8,53,26,27,27,184,4.98913,3,8,613.344,2,53,53,106,89,89,89,1136,106,424
jovo-feature-scale-example,jovo-feature-scale-example,classification,jovo_t7,cuml,cuML SPORF,n_features,50000,4,2,1280706876,50000,100,4,2,10,16,16,8,51,25,26,26,184,5.31522,3,8,690.678,2,51,51,102,127,127,127,1424,102,408
jovo-feature-scale-example,jovo-feature-scale-example,classification,jovo_t7,cuml,cuML SPORF,n_features,50000,4,2,1280706876,50000,100,4,2,10,17,17,9,59,29,30,30,184,5.20109,3,9,785.061,2,59,59,118,130,130,130,1512,118,472
jovo-feature-scale-example,jovo-feature-scale-example,classification,jovo_t7,cuml,cuML SPORF,n_features,50000,4,2,1280706876,50000,100,4,2,10,18,18,9,67,33,34,34,184,5.19022,3,9,697.393,2,67,67,134,148,148,148,1720,134,536
jovo-feature-scale-example,jovo-feature-scale-example,classification,jovo_t7,cuml,cuML SPORF,n_features,50000,4,2,1280706876,50000,100,4,2,10,19,19,8,59,29,30,30,184,4.84783,3,8,564.509,2,59,59,118,131,131,131,1520,118,472
jovo-feature-scale-example,jovo-feature-scale-example,classification,jovo_t7,cuml,cuML SPORF,n_features,50000,4,2,1280706876,50000,100,4,2,10,20,20,8,61,30,31,31,184,5.45652,3,8,567.213,2,61,61,122,143,143,143,1632,122,488
jovo-feature-scale-example,jovo-feature-scale-example,classification,jovo_t7,cuml,cuML SPORF,n_features,50000,4,2,1280706876,50000,100,4,2,10,21,21,9,61,30,31,31,184,5.31522,3,9,715.896,2,61,61,122,126,126,126,1496,122,488
jovo-feature-scale-example,jovo-feature-scale-example,classification,jovo_t7,cuml,cuML SPORF,n_features,50000,4,2,1280706876,50000,100,4,2,10,22,22,10,59,29,30,30,184,4.77717,2,10,877.829,2,59,59,118,135,135,135,1552,118,472
jovo-feature-scale-example,jovo-feature-scale-example,classification,jovo_t7,cuml,cuML SPORF,n_features,50000,4,2,1280706876,50000,100,4,2,10,23,23,8,55,27,28,28,184,4.77174,3,8,765.641,2,55,55,110,114,114,114,1352,110,440
jovo-feature-scale-example,jovo-feature-scale-example,classification,jovo_t7,cuml,cuML SPORF,n_features,50000,4,2,1280706876,50000,100,4,2,10,24,24,7,59,29,30,30,184,5.27174,3,7,636.838,2,59,59,118,131,131,131,1520,118,472
jovo-feature-scale-example,jovo-feature-scale-example,classification,jovo_t7,cuml,cuML SPORF,n_features,50000,4,2,1280706876,50000,100,4,2,10,25,25,8,55,27,28,28,184,4.57609,2,8,892.733,2,55,55,110,129,129,129,1472,110,440
jovo-feature-scale-example,jovo-feature-scale-example,classification,jovo_t7,cuml,cuML SPORF,n_features,50000,4,2,1280706876,50000,100,4,2,10,26,26,10,59,29,30,30,184,5.30978,3,10,1022.77,2,59,59,118,143,143,143,1616,118,472
jovo-feature-scale-example,jovo-feature-scale-example,classification,jovo_t7,cuml,cuML SPORF,n_features,50000,4,2,1280706876,50000,100,4,2,10,27,27,8,61,30,31,31,184,5.10326,4,8,610.119,2,61,61,122,133,133,133,1552,122,488
jovo-feature-scale-example,jovo-feature-scale-example,classification,jovo_t7,cuml,cuML SPORF,n_features,50000,4,2,1280706876,50000,100,4,2,10,28,28,8,61,30,31,31,184,5.56522,3,8,657.87,2,61,61,122,135,135,135,1568,122,488
jovo-feature-scale-example,jovo-feature-scale-example,classification,jovo_t7,cuml,cuML SPORF,n_features,50000,4,2,1280706876,50000,100,4,2,10,29,29,8,73,36,37,37,184,5.65217,3,8,855.873,2,73,73,146,154,154,154,1816,146,584
jovo-feature-scale-example,jovo-feature-scale-example,classification,jovo_t7,cuml,cuML SPORF,n_features,50000,4,2,1280706876,50000,100,4,2,10,30,30,8,53,26,27,27,184,4.53261,3,8,802.338,2,53,53,106,124,124,124,1416,106,424
jovo-feature-scale-example,jovo-feature-scale-example,classification,jovo_t7,cuml,cuML SPORF,n_features,50000,4,2,1280706876,50000,100,4,2,10,31,31,7,63,31,32,32,184,5.13587,3,7,602.237,2,63,63,126,130,130,130,1544,126,504
jovo-feature-scale-example,jovo-feature-scale-example,classification,jovo_t7,cuml,cuML SPORF,n_features,50000,4,2,1280706876,50000,100,4,2,10,32,32,8,63,31,32,32,184,5.41304,3,8,655.637,2,63,63,126,150,150,150,1704,126,504
jovo-feature-scale-example,jovo-feature-scale-example,classification,jovo_t7,cuml,cuML SPORF,n_features,50000,4,2,1280706876,50000,100,4,2,10,33,33,10,71,35,36,36,184,6.70652,3,10,856.211,2,71,71,142,183,183,183,2032,142,568
jovo-feature-scale-example,jovo-feature-scale-example,classification,jovo_t7,cuml,cuML SPORF,n_features,50000,4,2,1280706876,50000,100,4,2,10,34,34,10,55,27,28,28,184,5.06522,3,10,741.433,2,55,55,110,113,113,113,1344,110,440
jovo-feature-scale-example,jovo-feature-scale-example,classification,jovo_t7,cuml,cuML SPORF,n_features,50000,4,2,1280706876,50000,100,4,2,10,35,35,9,61,30,31,31,184,5.32609,3,9,819.916,2,61,61,122,115,115,115,1408,122,488
jovo-feature-scale-example,jovo-feature-scale-example,classification,jovo_t7,cuml,cuML SPORF,n_features,50000,4,2,1280706876,50000,100,4,2,10,36,36,8,57,28,29,29,184,5.59239,3,8,580.842,2,57,57,114,130,130,130,1496,114,456
jovo-feature-scale-example,jovo-feature-scale-example,classification,jovo_t7,cuml,cuML SPORF,n_features,50000,4,2,1280706876,50000,100,4,2,10,37,37,9,49,24,25,25,184,4.82065,2,9,757.989,2,49,49,98,96,96,96,1160,98,392
jovo-feature-scale-example,jovo-feature-scale-example,classification,jovo_t7,cuml,cuML SPORF,n_features,50000,4,2,1280706876,50000,100,4,2,10,38,38,8,67,33,34,34,184,5.05435,3,8,618.747,2,67,67,134,165,165,165,1856,134,536
jovo-feature-scale-example,jovo-feature-scale-example,classification,jovo_t7,cuml,cuML SPORF,n_features,50000,4,2,1280706876,50000,100,4,2,10,39,39,8,61,30,31,31,184,5.38587,3,8,679.224,2,61,61,122,126,126,126,1496,122,488
jovo-feature-scale-example,jovo-feature-scale-example,classification,jovo_t7,cuml,cuML SPORF,n_features,50000,4,2,1280706876,50000,100,4,2,10,40,40,8,57,28,29,29,184,5.45109,3,8,516.958,2,57,57,114,145,145,145,1616,114,456
jovo-feature-scale-example,jovo-feature-scale-example,classification,jovo_t7,cuml,cuML SPORF,n_features,50000,4,2,1280706876,50000,100,4,2,10,41,41,8,59,29,30,30,184,5.13587,3,8,519.554,2,59,59,118,123,123,123,1456,118,472
jovo-feature-scale-example,jovo-feature-scale-example,classification,jovo_t7,cuml,cuML SPORF,n_features,50000,4,2,1280706876,50000,100,4,2,10,42,42,9,61,30,31,31,184,5.29891,3,9,955.413,2,61,61,122,132,132,132,1544,122,488
jovo-feature-scale-example,jovo-feature-scale-example,classification,jovo_t7,cuml,cuML SPORF,n_features,50000,4,2,1280706876,50000,100,4,2,10,43,43,7,63,31,32,32,184,5.05978,4,7,569.499,2,63,63,126,140,140,140,1624,126,504
jovo-feature-scale-example,jovo-feature-scale-example,classification,jovo_t7,cuml,cuML SPORF,n_features,50000,4,2,1280706876,50000,100,4,2,10,44,44,9,61,30,31,31,184,5.5,3,9,628.137,2,61,61,122,138,138,138,1592,122,488
jovo-feature-scale-example,jovo-feature-scale-example,classification,jovo_t7,cuml,cuML SPORF,n_features,50000,4,2,1280706876,50000,100,4,2,10,45,45,9,55,27,28,28,184,5.15217,3,9,567.014,2,55,55,110,110,110,110,1320,110,440
jovo-feature-scale-example,jovo-feature-scale-example,classification,jovo_t7,cuml,cuML SPORF,n_features,50000,4,2,1280706876,50000,100,4,2,10,46,46,8,61,30,31,31,184,5.15761,3,8,604.904,2,61,61,122,151,151,151,1696,122,488
jovo-feature-scale-example,jovo-feature-scale-example,classification,jovo_t7,cuml,cuML SPORF,n_features,50000,4,2,1280706876,50000,100,4,2,10,47,47,8,53,26,27,27,184,4.97283,3,8,736.586,2,53,53,106,116,116,116,1352,106,424
jovo-feature-scale-example,jovo-feature-scale-example,classification,jovo_t7,cuml,cuML SPORF,n_features,50000,4,2,1280706876,50000,100,4,2,10,48,48,7,55,27,28,28,184,4.7337,2,7,558.432,2,55,55,110,133,133,133,1504,110,440
jovo-feature-scale-example,jovo-feature-scale-example,classification,jovo_t7,cuml,cuML SPORF,n_features,50000,4,2,1280706876,50000,100,4,2,10,49,49,8,59,29,30,30,184,4.97283,3,8,872.669,2,59,59,118,127,127,127,1488,118,472
jovo-feature-scale-example,jovo-feature-scale-example,classification,jovo_t7,cuml,cuML SPORF,n_features,50000,4,2,1280706876,50000,100,4,2,10,50,50,9,63,31,32,32,184,5.38043,3,9,1222.88,2,63,63,126,133,133,133,1568,126,504
jovo-feature-scale-example,jovo-feature-scale-example,classification,jovo_t7,cuml,cuML SPORF,n_features,50000,4,2,1280706876,50000,100,4,2,10,51,51,9,51,25,26,26,184,4.92391,3,9,758.247,2,51,51,102,130,130,130,1448,102,408
jovo-feature-scale-example,jovo-feature-scale-example,classification,jovo_t7,cuml,cuML SPORF,n_features,50000,4,2,1280706876,50000,100,4,2,10,52,52,8,65,32,33,33,184,5.625,3,8,608.096,2,65,65,130,157,157,157,1776,130,520
jovo-feature-scale-example,jovo-feature-scale-example,classification,jovo_t7,cuml,cuML SPORF,n_features,50000,4,2,1280706876,50000,100,4,2,10,53,53,8,57,28,29,29,184,4.82609,3,8,642.148,2,57,57,114,108,108,108,1320,114,456
jovo-feature-scale-example,jovo-feature-scale-example,classification,jovo_t7,cuml,cuML SPORF,n_features,50000,4,2,1280706876,50000,100,4,2,10,54,54,8,53,26,27,27,184,5.04348,2,8,644.087,2,53,53,106,105,105,105,1264,106,424
jovo-feature-scale-example,jovo-feature-scale-example,classification,jovo_t7,cuml,cuML SPORF,n_features,50000,4,2,1280706876,50000,100,4,2,10,55,55,8,55,27,28,28,184,5.17391,3,8,807.815,2,55,55,110,137,137,137,1536,110,440
jovo-feature-scale-example,jovo-feature-scale-example,classification,jovo_t7,cuml,cuML SPORF,n_features,50000,4,2,1280706876,50000,100,4,2,10,56,56,8,61,30,31,31,184,5.47826,2,8,935.264,2,61,61,122,135,135,135,1568,122,488
jovo-feature-scale-example,jovo-feature-scale-example,classification,jovo_t7,cuml,cuML SPORF,n_features,50000,4,2,1280706876,50000,100,4,2,10,57,57,8,59,29,30,30,184,4.97283,3,8,705.687,2,59,59,118,128,128,128,1496,118,472
jovo-feature-scale-example,jovo-feature-scale-example,classification,jovo_t7,cuml,cuML SPORF,n_features,50000,4,2,1280706876,50000,100,4,2,10,58,58,11,59,29,30,30,184,5.72826,2,11,826.958,2,59,59,118,127,127,127,1488,118,472
jovo-feature-scale-example,jovo-feature-scale-example,classification,jovo_t7,cuml,cuML SPORF,n_features,50000,4,2,1280706876,50000,100,4,2,10,59,59,8,63,31,32,32,184,5.61957,3,8,722.481,2,63,63,126,144,144,144,1656,126,504
jovo-feature-scale-example,jovo-feature-scale-example,classification,jovo_t7,cuml,cuML SPORF,n_features,50000,4,2,1280706876,50000,100,4,2,10,60,60,8,59,29,30,30,184,5.45109,3,8,643.186,2,59,59,118,145,145,145,1632,118,472
jovo-feature-scale-example,jovo-feature-scale-example,classification,jovo_t7,cuml,cuML SPORF,n_features,50000,4,2,1280706876,50000,100,4,2,10,61,61,9,57,28,29,29,184,5.13587,3,9,580.905,2,57,57,114,119,119,119,1408,114,456
jovo-feature-scale-example,jovo-feature-scale-example,classification,jovo_t7,cuml,cuML SPORF,n_features,50000,4,2,1280706876,50000,100,4,2,10,62,62,9,51,25,26,26,184,5.06522,2,9,650.869,2,51,51,102,120,120,120,1368,102,408
jovo-feature-scale-example,jovo-feature-scale-example,classification,jovo_t7,cuml,cuML SPORF,n_features,50000,4,2,1280706876,50000,100,4,2,10,63,63,9,55,27,28,28,184,6.34239,3,9,725.623,2,55,55,110,116,116,116,1368,110,440
jovo-feature-scale-example,jovo-feature-scale-example,classification,jovo_t7,cuml,cuML SPORF,n_features,50000,4,2,1280706876,50000,100,4,2,10,64,64,8,57,28,29,29,184,5.93478,3,8,534.179,2,57,57,114,135,135,135,1536,114,456
jovo-feature-scale-example,jovo-feature-scale-example,classification,jovo_t7,cuml,cuML SPORF,n_features,50000,4,2,1280706876,50000,100,4,2,10,65,65,9,59,29,30,30,184,5.33696,3,9,662.304,2,59,59,118,129,129,129,1504,118,472
jovo-feature-scale-example,jovo-feature-scale-example,classification,jovo_t7,cuml,cuML SPORF,n_features,50000,4,2,1280706876,50000,100,4,2,10,66,66,9,59,29,30,30,184,5.13043,2,9,870.77,2,59,59,118,126,126,126,1480,118,472
jovo-feature-scale-example,jovo-feature-scale-example,classification,jovo_t7,cuml,cuML SPORF,n_features,50000,4,2,1280706876,50000,100,4,2,10,67,67,7,61,30,31,31,184,5.14674,3,7,763.927,2,61,61,122,147,147,147,1664,122,488
jovo-feature-scale-example,jovo-feature-scale-example,classification,jovo_t7,cuml,cuML SPORF,n_features,50000,4,2,1280706876,50000,100,4,2,10,68,68,7,65,32,33,33,184,5.1087,3,7,660.13,2,65,65,130,163,163,163,1824,130,520
jovo-feature-scale-example,jovo-feature-scale-example,classification,jovo_t7,cuml,cuML SPORF,n_features,50000,4,2,1280706876,50000,100,4,2,10,69,69,9,63,31,32,32,184,6.04348,3,9,697.3,2,63,63,126,137,137,137,1600,126,504
jovo-feature-scale-example,jovo-feature-scale-example,classification,jovo_t7,cuml,cuML SPORF,n_features,50000,4,2,1280706876,50000,100,4,2,10,70,70,8,63,31,32,32,184,5.0163,3,8,553.029,2,63,63,126,143,143,143,1648,126,504
jovo-feature-scale-example,jovo-feature-scale-example,classification,jovo_t7,cuml,cuML SPORF,n_features,50000,4,2,1280706876,50000,100,4,2,10,71,71,10,65,32,33,33,184,5.7337,2,10,892.69,2,65,65,130,160,160,160,1800,130,520
jovo-feature-scale-example,jovo-feature-scale-example,classification,jovo_t7,cuml,cuML SPORF,n_features,50000,4,2,1280706876,50000,100,4,2,10,72,72,8,57,28,29,29,184,4.83696,3,8,589.907,2,57,57,114,127,127,127,1472,114,456
jovo-feature-scale-example,jovo-feature-scale-example,classification,jovo_t7,cuml,cuML SPORF,n_features,50000,4,2,1280706876,50000,100,4,2,10,73,73,9,61,30,31,31,184,5.11957,3,9,864.704,2,61,61,122,132,132,132,1544,122,488
jovo-feature-scale-example,jovo-feature-scale-example,classification,jovo_t7,cuml,cuML SPORF,n_features,50000,4,2,1280706876,50000,100,4,2,10,74,74,8,67,33,34,34,184,5.79891,3,8,585.337,2,67,67,134,137,137,137,1632,134,536
jovo-feature-scale-example,jovo-feature-scale-example,classification,jovo_t7,cuml,cuML SPORF,n_features,50000,4,2,1280706876,50000,100,4,2,10,75,75,8,55,27,28,28,184,5.36957,3,8,1348.86,2,55,55,110,139,139,139,1552,110,440
jovo-feature-scale-example,jovo-feature-scale-example,classification,jovo_t7,cuml,cuML SPORF,n_features,50000,4,2,1280706876,50000,100,4,2,10,76,76,9,71,35,36,36,184,5.53261,3,9,761.532,2,71,71,142,163,163,163,1872,142,568
jovo-feature-scale-example,jovo-feature-scale-example,classification,jovo_t7,cuml,cuML SPORF,n_features,50000,4,2,1280706876,50000,100,4,2,10,77,77,8,49,24,25,25,184,5.28261,2,8,652.981,2,49,49,98,104,104,104,1224,98,392
jovo-feature-scale-example,jovo-feature-scale-example,classification,jovo_t7,cuml,cuML SPORF,n_features,50000,4,2,1280706876,50000,100,4,2,10,78,78,10,55,27,28,28,184,5.79891,2,10,772.819,2,55,55,110,128,128,128,1464,110,440
jovo-feature-scale-example,jovo-feature-scale-example,classification,jovo_t7,cuml,cuML SPORF,n_features,50000,4,2,1280706876,50000,100,4,2,10,79,79,9,71,35,36,36,184,5.47283,3,9,855.117,2,71,71,142,176,176,176,1976,142,568
jovo-feature-scale-example,jovo-feature-scale-example,classification,jovo_t7,cuml,cuML SPORF,n_features,50000,4,2,1280706876,50000,100,4,2,10,80,80,9,53,26,27,27,184,5.3587,3,9,860.512,2,53,53,106,116,116,116,1352,106,424
jovo-feature-scale-example,jovo-feature-scale-example,classification,jovo_t7,cuml,cuML SPORF,n_features,50000,4,2,1280706876,50000,100,4,2,10,81,81,12,59,29,30,30,184,5.66304,2,12,1134.43,2,59,59,118,125,125,125,1472,118,472
jovo-feature-scale-example,jovo-feature-scale-example,classification,jovo_t7,cuml,cuML SPORF,n_features,50000,4,2,1280706876,50000,100,4,2,10,82,82,8,61,30,31,31,184,4.99457,3,8,570.535,2,61,61,122,143,143,143,1632,122,488
jovo-feature-scale-example,jovo-feature-scale-example,classification,jovo_t7,cuml,cuML SPORF,n_features,50000,4,2,1280706876,50000,100,4,2,10,83,83,8,59,29,30,30,184,5.22826,3,8,573.38,2,59,59,118,114,114,114,1384,118,472
jovo-feature-scale-example,jovo-feature-scale-example,classification,jovo_t7,cuml,cuML SPORF,n_features,50000,4,2,1280706876,50000,100,4,2,10,84,84,9,57,28,29,29,184,5.18478,3,9,874.249,2,57,57,114,135,135,135,1536,114,456
jovo-feature-scale-example,jovo-feature-scale-example,classification,jovo_t7,cuml,cuML SPORF,n_features,50000,4,2,1280706876,50000,100,4,2,10,85,85,8,55,27,28,28,184,4.61413,3,8,570.001,2,55,55,110,119,119,119,1392,110,440
jovo-feature-scale-example,jovo-feature-scale-example,classification,jovo_t7,cuml,cuML SPORF,n_features,50000,4,2,1280706876,50000,100,4,2,10,86,86,9,59,29,30,30,184,5.24457,2,9,645.562,2,59,59,118,140,140,140,1592,118,472
jovo-feature-scale-example,jovo-feature-scale-example,classification,jovo_t7,cuml,cuML SPORF,n_features,50000,4,2,1280706876,50000,100,4,2,10,87,87,9,55,27,28,28,184,5.38043,3,9,723.901,2,55,55,110,136,136,136,1528,110,440
jovo-feature-scale-example,jovo-feature-scale-example,classification,jovo_t7,cuml,cuML SPORF,n_features,50000,4,2,1280706876,50000,100,4,2,10,88,88,9,61,30,31,31,184,5.46196,3,9,522.543,2,61,61,122,124,124,124,1480,122,488
jovo-feature-scale-example,jovo-feature-scale-example,classification,jovo_t7,cuml,cuML SPORF,n_features,50000,4,2,1280706876,50000,100,4,2,10,89,89,8,53,26,27,27,184,4.79348,3,8,682.601,2,53,53,106,124,124,124,1416,106,424
jovo-feature-scale-example,jovo-feature-scale-example,classification,jovo_t7,cuml,cuML SPORF,n_features,50000,4,2,1280706876,50000,100,4,2,10,90,90,9,65,32,33,33,184,5.88587,2,9,523.017,2,65,65,130,127,127,127,1536,130,520
jovo-feature-scale-example,jovo-feature-scale-example,classification,jovo_t7,cuml,cuML SPORF,n_features,50000,4,2,1280706876,50000,100,4,2,10,91,91,7,57,28,29,29,184,4.80435,3,7,759.521,2,57,57,114,147,147,147,1632,114,456
jovo-feature-scale-example,jovo-feature-scale-example,classification,jovo_t7,cuml,cuML SPORF,n_features,50000,4,2,1280706876,50000,100,4,2,10,92,92,8,53,26,27,27,184,4.96739,3,8,710.883,2,53,53,106,132,132,132,1480,106,424
jovo-feature-scale-example,jovo-feature-scale-example,classification,jovo_t7,cuml,cuML SPORF,n_features,50000,4,2,1280706876,50000,100,4,2,10,93,93,9,61,30,31,31,184,5.27174,2,9,734.949,2,61,61,122,131,131,131,1536,122,488
jovo-feature-scale-example,jovo-feature-scale-example,classification,jovo_t7,cuml,cuML SPORF,n_features,50000,4,2,1280706876,50000,100,4,2,10,94,94,7,57,28,29,29,184,4.89674,3,7,451.88,2,57,57,114,117,117,117,1392,114,456
jovo-feature-scale-example,jovo-feature-scale-example,classification,jovo_t7,cuml,cuML SPORF,n_features,50000,4,2,1280706876,50000,100,4,2,10,95,95,7,55,27,28,28,184,5.40761,3,7,552.197,2,55,55,110,129,129,129,1472,110,440
jovo-feature-scale-example,jovo-feature-scale-example,classification,jovo_t7,cuml,cuML SPORF,n_features,50000,4,2,1280706876,50000,100,4,2,10,96,96,11,67,33,34,34,184,5.66848,2,11,827.483,2,67,67,134,145,145,145,1696,134,536
jovo-feature-scale-example,jovo-feature-scale-example,classification,jovo_t7,cuml,cuML SPORF,n_features,50000,4,2,1280706876,50000,100,4,2,10,97,97,9,63,31,32,32,184,5.30435,3,9,701.578,2,63,63,126,152,152,152,1720,126,504
jovo-feature-scale-example,jovo-feature-scale-example,classification,jovo_t7,cuml,cuML SPORF,n_features,50000,4,2,1280706876,50000,100,4,2,10,98,98,11,53,26,27,27,184,5.11957,3,11,935.546,2,53,53,106,123,123,123,1408,106,424
jovo-feature-scale-example,jovo-feature-scale-example,classification,jovo_t7,cuml,cuML SPORF,n_features,50000,4,2,1280706876,50000,100,4,2,10,99,99,13,71,35,36,36,184,6.72283,2,13,798.15,2,71,71,142,151,151,151,1776,142,568
jovo-feature-scale-example,jovo-feature-scale-example,classification,jovo_t7,cuml,cuML SPORF,n_features,50000,4,3,1470347820,50000,100,4,2,10,0,0,9,65,32,33,33,184,5.46196,2,9,1006.67,2,65,65,130,129,129,129,1552,130,520
jovo-feature-scale-example,jovo-feature-scale-example,classification,jovo_t7,cuml,cuML SPORF,n_features,50000,4,3,1470347820,50000,100,4,2,10,1,1,8,57,28,29,29,184,5.1087,3,8,449.779,2,57,57,114,141,141,141,1584,114,456
jovo-feature-scale-example,jovo-feature-scale-example,classification,jovo_t7,cuml,cuML SPORF,n_features,50000,4,3,1470347820,50000,100,4,2,10,2,2,9,53,26,27,27,184,4.83696,2,9,527.732,2,53,53,106,143,143,143,1568,106,424
jovo-feature-scale-example,jovo-feature-scale-example,classification,jovo_t7,cuml,cuML SPORF,n_features,50000,4,3,1470347820,50000,100,4,2,10,3,3,8,53,26,27,27,184,4.82609,3,8,409.854,2,53,53,106,119,119,119,1376,106,424
jovo-feature-scale-example,jovo-feature-scale-example,classification,jovo_t7,cuml,cuML SPORF,n_features,50000,4,3,1470347820,50000,100,4,2,10,4,4,9,65,32,33,33,184,5.3913,3,9,745.401,2,65,65,130,149,149,149,1712,130,520
jovo-feature-scale-example,jovo-feature-scale-example,classification,jovo_t7,cuml,cuML SPORF,n_features,50000,4,3,1470347820,50000,100,4,2,10,5,5,10,61,30,31,31,184,5.61957,3,10,1020.35,2,61,61,122,136,136,136,1576,122,488
jovo-feature-scale-example,jovo-feature-scale-example,classification,jovo_t7,cuml,cuML SPORF,n_features,50000,4,3,1470347820,50000,100,4,2,10,6,6,8,57,28,29,29,184,5.38043,2,8,806.488,2,57,57,114,138,138,138,1560,114,456
jovo-feature-scale-example,jovo-feature-scale-example,classification,jovo_t7,cuml,cuML SPORF,n_features,50000,4,3,1470347820,50000,100,4,2,10,7,7,9,61,30,31,31,184,5.44565,2,9,775.945,2,61,61,122,147,147,147,1664,122,488
jovo-feature-scale-example,jovo-feature-scale-example,classification,jovo_t7,cuml,cuML SPORF,n_features,50000,4,3,1470347820,50000,100,4,2,10,8,8,7,65,32,33,33,184,5.22283,4,7,572.121,2,65,65,130,165,165,165,1840,130,520
jovo-feature-scale-example,jovo-feature-scale-example,classification,jovo_t7,cuml,cuML SPORF,n_features,50000,4,3,1470347820,50000,100,4,2,10,9,9,8,61,30,31,31,184,5.82065,2,8,545.503,2,61,61,122,116,116,116,1416,122,488
jovo-feature-scale-example,jovo-feature-scale-example,classification,jovo_t7,cuml,cuML SPORF,n_features,50000,4,3,1470347820,50000,100,4,2,10,10,10,9,57,28,29,29,184,5.34239,3,9,472.053,2,57,57,114,130,130,130,1496,114,456
jovo-feature-scale-example,jovo-feature-scale-example,classification,jovo_t7,cuml,cuML SPORF,n_features,50000,4,3,1470347820,50000,100,4,2,10,11,11,8,53,26,27,27,184,4.77717,4,8,577.973,2,53,53,106,130,130,130,1464,106,424
jovo-feature-scale-example,jovo-feature-scale-example,classification,jovo_t7,cuml,cuML SPORF,n_features,50000,4,3,1470347820,50000,100,4,2,10,12,12,9,59,29,30,30,184,5.25543,3,9,676.829,2,59,59,118,128,128,128,1496,118,472
jovo-feature-scale-example,jovo-feature-scale-example,classification,jovo_t7,cuml,cuML SPORF,n_features,50000,4,3,1470347820,50000,100,4,2,10,13,13,8,51,25,26,26,184,4.67935,3,8,675.044,2,51,51,102,116,116,116,1336,102,408
jovo-feature-scale-example,jovo-feature-scale-example,classification,jovo_t7,cuml,cuML SPORF,n_features,50000,4,3,1470347820,50000,100,4,2,10,14,14,9,57,28,29,29,184,5.0163,4,9,772.694,2,57,57,114,123,123,123,1440,114,456
jovo-feature-scale-example,jovo-feature-scale-example,classification,jovo_t7,cuml,cuML SPORF,n_features,50000,4,3,1470347820,50000,100,4,2,10,15,15,8,69,34,35,35,184,5.25543,3,8,722.807,2,69,69,138,174,174,174,1944,138,552
jovo-feature-scale-example,jovo-feature-scale-example,classification,jovo_t7,cuml,cuML SPORF,n_features,50000,4,3,1470347820,50000,100,4,2,10,16,16,8,55,27,28,28,184,4.63587,3,8,646.872,2,55,55,110,131,131,131,1488,110,440
jovo-feature-scale-example,jovo-feature-scale-example,classification,jovo_t7,cuml,cuML SPORF,n_features,50000,4,3,1470347820,50000,100,4,2,10,17,17,9,55,27,28,28,184,5.67391,3,9,805.002,2,55,55,110,110,110,110,1320,110,440
jovo-feature-scale-example,jovo-feature-scale-example,classification,jovo_t7,cuml,cuML SPORF,n_features,50000,4,3,1470347820,50000,100,4,2,10,18,18,9,65,32,33,33,184,5.34239,3,9,654.233,2,65,65,130,134,134,134,1592,130,520
jovo-feature-scale-example,jovo-feature-scale-example,classification,jovo_t7,cuml,cuML SPORF,n_features,50000,4,3,1470347820,50000,100,4,2,10,19,19,10,57,28,29,29,184,5.50543,3,10,919.938,2,57,57,114,124,124,124,1448,114,456
jovo-feature-scale-example,jovo-feature-scale-example,classification,jovo_t7,cuml,cuML SPORF,n_features,50000,4,3,1470347820,50000,100,4,2,10,20,20,8,59,29,30,30,184,4.96739,3,8,724.976,2,59,59,118,130,130,130,1512,118,472
jovo-feature-scale-example,jovo-feature-scale-example,classification,jovo_t7,cuml,cuML SPORF,n_features,50000,4,3,1470347820,50000,100,4,2,10,21,21,8,53,26,27,27,184,5.16848,3,8,633.097,2,53,53,106,119,119,119,1376,106,424
jovo-feature-scale-example,jovo-feature-scale-example,classification,jovo_t7,cuml,cuML SPORF,n_features,50000,4,3,1470347820,50000,100,4,2,10,22,22,7,65,32,33,33,184,5.13587,4,7,920.402,2,65,65,130,141,141,141,1648,130,520
jovo-feature-scale-example,jovo-feature-scale-example,classification,jovo_t7,cuml,cuML SPORF,n_features,50000,4,3,1470347820,50000,100,4,2,10,23,23,8,63,31,32,32,184,5,4,8,842.694,2,63,63,126,131,131,131,1552,126,504
jovo-feature-scale-example,jovo-feature-scale-example,classification,jovo_t7,cuml,cuML SPORF,n_features,50000,4,3,1470347820,50000,100,4,2,10,24,24,8,61,30,31,31,184,5.46196,3,8,341.458,2,61,61,122,132,132,132,1544,122,488
jovo-feature-scale-example,jovo-feature-scale-example,classification,jovo_t7,cuml,cuML SPORF,n_features,50000,4,3,1470347820,50000,100,4,2,10,25,25,7,55,27,28,28,184,4.75543,3,7,825.419,2,55,55,110,108,108,108,1304,110,440
jovo-feature-scale-example,jovo-feature-scale-example,classification,jovo_t7,cuml,cuML SPORF,n_features,50000,4,3,1470347820,50000,100,4,2,10,26,26,8,57,28,29,29,184,5.10326,3,8,630.706,2,57,57,114,137,137,137,1552,114,456
jovo-feature-scale-example,jovo-feature-scale-example,classification,jovo_t7,cuml,cuML SPORF,n_features,50000,4,3,1470347820,50000,100,4,2,10,27,27,9,61,30,31,31,184,5.22826,3,9,528.046,2,61,61,122,130,130,130,1528,122,488
jovo-feature-scale-example,jovo-feature-scale-example,classification,jovo_t7,cuml,cuML SPORF,n_features,50000,4,3,1470347820,50000,100,4,2,10,28,28,9,63,31,32,32,184,5.1087,3,9,614.551,2,63,63,126,143,143,143,1648,126,504
jovo-feature-scale-example,jovo-feature-scale-example,classification,jovo_t7,cuml,cuML SPORF,n_features,50000,4,3,1470347820,50000,100,4,2,10,29,29,9,55,27,28,28,184,4.92391,2,9,540.933,2,55,55,110,148,148,148,1624,110,440
jovo-feature-scale-example,jovo-feature-scale-example,classification,jovo_t7,cuml,cuML SPORF,n_features,50000,4,3,1470347820,50000,100,4,2,10,30,30,7,59,29,30,30,184,5.16304,2,7,750.985,2,59,59,118,121,121,121,1440,118,472
jovo-feature-scale-example,jovo-feature-scale-example,classification,jovo_t7,cuml,cuML SPORF,n_features,50000,4,3,1470347820,50000,100,4,2,10,31,31,9,65,32,33,33,184,5.47283,3,9,837.132,2,65,65,130,131,131,131,1568,130,520
jovo-feature-scale-example,jovo-feature-scale-example,classification,jovo_t7,cuml,cuML SPORF,n_features,50000,4,3,1470347820,50000,100,4,2,10,32,32,11,75,37,38,38,184,6.26087,3,11,1026.64,2,75,75,150,170,170,170,1960,150,600
jovo-feature-scale-example,jovo-feature-scale-example,classification,jovo_t7,cuml,cuML SPORF,n_features,50000,4,3,1470347820,50000,100,4,2,10,33,33,7,55,27,28,28,184,4.81522,3,7,491.175,2,55,55,110,131,131,131,1488,110,440
jovo-feature-scale-example,jovo-feature-scale-example,classification,jovo_t7,cuml,cuML SPORF,n_features,50000,4,3,1470347820,50000,100,4,2,10,34,34,9,61,30,31,31,184,4.8913,3,9,612.032,2,61,61,122,147,147,147,1664,122,488
jovo-feature-scale-example,jovo-feature-scale-example,classification,jovo_t7,cuml,cuML SPORF,n_features,50000,4,3,1470347820,50000,100,4,2,10,35,35,9,61,30,31,31,184,5.40217,4,9,468.223,2,61,61,122,143,143,143,1632,122,488
jovo-feature-scale-example,jovo-feature-scale-example,classification,jovo_t7,cuml,cuML SPORF,n_features,50000,4,3,1470347820,50000,100,4,2,10,36,36,8,69,34,35,35,184,5.625,3,8,573.868,2,69,69,138,153,153,153,1776,138,552
jovo-feature-scale-example,jovo-feature-scale-example,classification,jovo_t7,cuml,cuML SPORF,n_features,50000,4,3,1470347820,50000,100,4,2,10,37,37,8,45,22,23,23,184,4.81522,2,8,617.517,2,45,45,90,95,95,95,1120,90,360
jovo-feature-scale-example,jovo-feature-scale-example,classification,jovo_t7,cuml,cuML SPORF,n_features,50000,4,3,1470347820,50000,100,4,2,10,38,38,9,61,30,31,31,184,5.52717,3,9,746.495,2,61,61,122,136,136,136,1576,122,488
jovo-feature-scale-example,jovo-feature-scale-example,classification,jovo_t7,cuml,cuML SPORF,n_features,50000,4,3,1470347820,50000,100,4,2,10,39,39,9,53,26,27,27,184,5.26087,3,9,634.514,2,53,53,106,131,131,131,1472,106,424
jovo-feature-scale-example,jovo-feature-scale-example,classification,jovo_t7,cuml,cuML SPORF,n_features,50000,4,3,1470347820,50000,100,4,2,10,40,40,8,59,29,30,30,184,5.47283,3,8,575.934,2,59,59,118,125,125,125,1472,118,472
jovo-feature-scale-example,jovo-feature-scale-example,classification,jovo_t7,cuml,cuML SPORF,n_features,50000,4,3,1470347820,50000,100,4,2,10,41,41,8,51,25,26,26,184,5.47826,2,8,589.403,2,51,51,102,101,101,101,1216,102,408
jovo-feature-scale-example,jovo-feature-scale-example,classification,jovo_t7,cuml,cuML SPORF,n_features,50000,4,3,1470347820,50000,100,4,2,10,42,42,7,49,24,25,25,184,4.83152,3,7,593.634,2,49,49,98,104,104,104,1224,98,392
jovo-feature-scale-example,jovo-feature-scale-example,classification,jovo_t7,cuml,cuML SPORF,n_features,50000,4,3,1470347820,50000,100,4,2,10,43,43,9,51,25,26,26,184,5.375,3,9,707.81,2,51,51,102,134,134,134,1480,102,408
jovo-feature-scale-example,jovo-feature-scale-example,classification,jovo_t7,cuml,cuML SPORF,n_features,50000,4,3,1470347820,50000,100,4,2,10,44,44,7,63,31,32,32,184,4.88587,3,7,447.447,2,63,63,126,148,148,148,1688,126,504
jovo-feature-scale-example,jovo-feature-scale-example,classification,jovo_t7,cuml,cuML SPORF,n_features,50000,4,3,1470347820,50000,100,4,2,10,45,45,9,57,28,29,29,184,5.28804,3,9,792.903,2,57,57,114,141,141,141,1584,114,456
jovo-feature-scale-example,jovo-feature-scale-example,classification,jovo_t7,cuml,cuML SPORF,n_features,50000,4,3,1470347820,50000,100,4,2,10,46,46,9,69,34,35,35,184,5.1413,3,9,673.252,2,69,69,138,165,165,165,1872,138,552
jovo-feature-scale-example,jovo-feature-scale-example,classification,jovo_t7,cuml,cuML SPORF,n_features,50000,4,3,1470347820,50000,100,4,2,10,47,47,9,55,27,28,28,184,5.39674,3,9,660.579,2,55,55,110,137,137,137,1536,110,440
jovo-feature-scale-example,jovo-feature-scale-example,classification,jovo_t7,cuml,cuML SPORF,n_features,50000,4,3,1470347820,50000,100,4,2,10,48,48,8,61,30,31,31,184,5.02174,4,8,819.734,2,61,61,122,158,158,158,1752,122,488
jovo-feature-scale-example,jovo-feature-scale-example,classification,jovo_t7,cuml,cuML SPORF,n_features,50000,4,3,1470347820,50000,100,4,2,10,49,49,7,53,26,27,27,184,4.69565,3,7,971.793,2,53,53,106,137,137,137,1520,106,424
jovo-feature-scale-example,jovo-feature-scale-example,classification,jovo_t7,cuml,cuML SPORF,n_features,50000,4,3,1470347820,50000,100,4,2,10,50,50,9,53,26,27,27,184,5.47283,3,9,891.873,2,53,53,106,124,124,124,1416,106,424
jovo-feature-scale-example,jovo-feature-scale-example,classification,jovo_t7,cuml,cuML SPORF,n_features,50000,4,3,1470347820,50000,100,4,2,10,51,51,8,53,26,27,27,184,5.11957,3,8,564.704,2,53,53,106,132,132,132,1480,106,424
jovo-feature-scale-example,jovo-feature-scale-example,classification,jovo_t7,cuml,cuML SPORF,n_features,50000,4,3,1470347820,50000,100,4,2,10,52,52,8,65,32,33,33,184,5.38587,3,8,527.533,2,65,65,130,145,145,145,1680,130,520
jovo-feature-scale-example,jovo-feature-scale-example,classification,jovo_t7,cuml,cuML SPORF,n_features,50000,4,3,1470347820,50000,100,4,2,10,53,53,9,57,28,29,29,184,5.78804,3,9,614.414,2,57,57,114,134,134,134,1528,114,456
jovo-feature-scale-example,jovo-feature-scale-example,classification,jovo_t7,cuml,cuML SPORF,n_features,50000,4,3,1470347820,50000,100,4,2,10,54,54,9,55,27,28,28,184,5.42391,3,9,541.058,2,55,55,110,116,116,116,1368,110,440
jovo-feature-scale-example,jovo-feature-scale-example,classification,jovo_t7,cuml,cuML SPORF,n_features,50000,4,3,1470347820,50000,100,4,2,10,55,55,9,57,28,29,29,184,5.03261,4,9,1082.37,2,57,57,114,127,127,127,1472,114,456
jovo-feature-scale-example,jovo-feature-scale-example,classification,jovo_t7,cuml,cuML SPORF,n_features,50000,4,3,1470347820,50000,100,4,2,10,56,56,7,57,28,29,29,184,5.23913,3,7,622.721,2,57,57,114,142,142,142,1592,114,456
jovo-feature-scale-example,jovo-feature-scale-example,classification,jovo_t7,cuml,cuML SPORF,n_features,50000,4,3,1470347820,50000,100,4,2,10,57,57,8,61,30,31,31,184,5.3913,2,8,743.975,2,61,61,122,153,153,153,1712,122,488
jovo-feature-scale-example,jovo-feature-scale-example,classification,jovo_t7,cuml,cuML SPORF,n_features,50000,4,3,1470347820,50000,100,4,2,10,58,58,7,53,26,27,27,184,4.9837,3,7,590.273,2,53,53,106,125,125,125,1424,106,424
jovo-feature-scale-example,jovo-feature-scale-example,classification,jovo_t7,cuml,cuML SPORF,n_features,50000,4,3,1470347820,50000,100,4,2,10,59,59,9,59,29,30,30,184,5.5163,3,9,677.227,2,59,59,118,142,142,142,1608,118,472
jovo-feature-scale-example,jovo-feature-scale-example,classification,jovo_t7,cuml,cuML SPORF,n_features,50000,4,3,1470347820,50000,100,4,2,10,60,60,10,71,35,36,36,184,5.8587,3,10,598.065,2,71,71,142,159,159,159,1840,142,568
jovo-feature-scale-example,jovo-feature-scale-example,classification,jovo_t7,cuml,cuML SPORF,n_features,50000,4,3,1470347820,50000,100,4,2,10,61,61,9,55,27,28,28,184,5.10326,3,9,622.906,2,55,55,110,134,134,134,1512,110,440
jovo-feature-scale-example,jovo-feature-scale-example,classification,jovo_t7,cuml,cuML SPORF,n_features,50000,4,3,1470347820,50000,100,4,2,10,62,62,8,61,30,31,31,184,5.28804,3,8,570.065,2,61,61,122,159,159,159,1760,122,488
jovo-feature-scale-example,jovo-feature-scale-example,classification,jovo_t7,cuml,cuML SPORF,n_features,50000,4,3,1470347820,50000,100,4,2,10,63,63,8,69,34,35,35,184,5.25,2,8,799.341,2,69,69,138,139,139,139,1664,138,552
jovo-feature-scale-example,jovo-feature-scale-example,classification,jovo_t7,cuml,cuML SPORF,n_features,50000,4,3,1470347820,50000,100,4,2,10,64,64,8,57,28,29,29,184,5.11957,3,8,647.994,2,57,57,114,131,131,131,1504,114,456
jovo-feature-scale-example,jovo-feature-scale-example,classification,jovo_t7,cuml,cuML SPORF,n_features,50000,4,3,1470347820,50000,100,4,2,10,65,65,8,57,28,29,29,184,5.61413,3,8,553.132,2,57,57,114,131,131,131,1504,114,456
jovo-feature-scale-example,jovo-feature-scale-example,classification,jovo_t7,cuml,cuML SPORF,n_features,50000,4,3,1470347820,50000,100,4,2,10,66,66,9,63,31,32,32,184,4.94565,3,9,766.801,2,63,63,126,156,156,156,1752,126,504
jovo-feature-scale-example,jovo-feature-scale-example,classification,jovo_t7,cuml,cuML SPORF,n_features,50000,4,3,1470347820,50000,100,4,2,10,67,67,9,65,32,33,33,184,5.42935,3,9,677.593,2,65,65,130,165,165,165,1840,130,520
jovo-feature-scale-example,jovo-feature-scale-example,classification,jovo_t7,cuml,cuML SPORF,n_features,50000,4,3,1470347820,50000,100,4,2,10,68,68,8,51,25,26,26,184,5.19565,3,8,592.912,2,51,51,102,121,121,121,1376,102,408
jovo-feature-scale-example,jovo-feature-scale-example,classification,jovo_t7,cuml,cuML SPORF,n_features,50000,4,3,1470347820,50000,100,4,2,10,69,69,8,51,25,26,26,184,4.9837,3,8,593.91,2,51,51,102,107,107,107,1264,102,408
jovo-feature-scale-example,jovo-feature-scale-example,classification,jovo_t7,cuml,cuML SPORF,n_features,50000,4,3,1470347820,50000,100,4,2,10,70,70,9,61,30,31,31,184,5.45652,2,9,760.156,2,61,61,122,128,128,128,1512,122,488
jovo-feature-scale-example,jovo-feature-scale-example,classification,jovo_t7,cuml,cuML SPORF,n_features,50000,4,3,1470347820,50000,100,4,2,10,71,71,9,59,29,30,30,184,5.18478,3,9,731.767,2,59,59,118,125,125,125,1472,118,472
jovo-feature-scale-example,jovo-feature-scale-example,classification,jovo_t7,cuml,cuML SPORF,n_features,50000,4,3,1470347820,50000,100,4,2,10,72,72,7,57,28,29,29,184,4.63587,2,7,609.022,2,57,57,114,120,120,120,1416,114,456
jovo-feature-scale-example,jovo-feature-scale-example,classification,jovo_t7,cuml,cuML SPORF,n_features,50000,4,3,1470347820,50000,100,4,2,10,73,73,10,51,25,26,26,184,4.79348,2,10,1254.29,2,51,51,102,102,102,102,1224,102,408
jovo-feature-scale-example,jovo-feature-scale-example,classification,jovo_t7,cuml,cuML SPORF,n_features,50000,4,3,1470347820,50000,100,4,2,10,74,74,10,55,27,28,28,184,4.95652,3,10,566.684,2,55,55,110,117,117,117,1376,110,440
jovo-feature-scale-example,jovo-feature-scale-example,classification,jovo_t7,cuml,cuML SPORF,n_features,50000,4,3,1470347820,50000,100,4,2,10,75,75,8,51,25,26,26,184,4.96739,3,8,826.85,2,51,51,102,110,110,110,1288,102,408
jovo-feature-scale-example,jovo-feature-scale-example,classification,jovo_t7,cuml,cuML SPORF,n_features,50000,4,3,1470347820,50000,100,4,2,10,76,76,7,53,26,27,27,184,4.8913,3,7,629.181,2,53,53,106,124,124,124,1416,106,424
jovo-feature-scale-example,jovo-feature-scale-example,classification,jovo_t7,cuml,cuML SPORF,n_features,50000,4,3,1470347820,50000,100,4,2,10,77,77,9,65,32,33,33,184,5.2663,3,9,528.301,2,65,65,130,154,154,154,1752,130,520
jovo-feature-scale-example,jovo-feature-scale-example,classification,jovo_t7,cuml,cuML SPORF,n_features,50000,4,3,1470347820,50000,100,4,2,10,78,78,8,53,26,27,27,184,5.15217,3,8,458.559,2,53,53,106,119,119,119,1376,106,424
jovo-feature-scale-example,jovo-feature-scale-example,classification,jovo_t7,cuml,cuML SPORF,n_features,50000,4,3,1470347820,50000,100,4,2,10,79,79,8,59,29,30,30,184,5.16304,2,8,696.087,2,59,59,118,158,158,158,1736,118,472
jovo-feature-scale-example,jovo-feature-scale-example,classification,jovo_t7,cuml,cuML SPORF,n_features,50000,4,3,1470347820,50000,100,4,2,10,80,80,8,51,25,26,26,184,4.77717,3,8,690.774,2,51,51,102,126,126,126,1416,102,408
jovo-feature-scale-example,jovo-feature-scale-example,classification,jovo_t7,cuml,cuML SPORF,n_features,50000,4,3,1470347820,50000,100,4,2,10,81,81,8,63,31,32,32,184,5.375,3,8,787.799,2,63,63,126,148,148,148,1688,126,504
jovo-feature-scale-example,jovo-feature-scale-example,classification,jovo_t7,cuml,cuML SPORF,n_features,50000,4,3,1470347820,50000,100,4,2,10,82,82,8,55,27,28,28,184,5.11413,2,8,807.265,2,55,55,110,107,107,107,1296,110,440
jovo-feature-scale-example,jovo-feature-scale-example,classification,jovo_t7,cuml,cuML SPORF,n_features,50000,4,3,1470347820,50000,100,4,2,10,83,83,7,67,33,34,34,184,5.47826,3,7,692.61,2,67,67,134,153,153,153,1760,134,536
jovo-feature-scale-example,jovo-feature-scale-example,classification,jovo_t7,cuml,cuML SPORF,n_features,50000,4,3,1470347820,50000,100,4,2,10,84,84,10,57,28,29,29,184,4.89674,3,10,738.733,2,57,57,114,115,115,115,1376,114,456
jovo-feature-scale-example,jovo-feature-scale-example,classification,jovo_t7,cuml,cuML SPORF,n_features,50000,4,3,1470347820,50000,100,4,2,10,85,85,8,51,25,26,26,184,4.66848,3,8,401.527,2,51,51,102,103,103,103,1232,102,408
jovo-feature-scale-example,jovo-feature-scale-example,classification,jovo_t7,cuml,cuML SPORF,n_features,50000,4,3,1470347820,50000,100,4,2,10,86,86,6,55,27,28,28,184,4.95652,4,6,457.424,2,55,55,110,133,133,133,1504,110,440
jovo-feature-scale-example,jovo-feature-scale-example,classification,jovo_t7,cuml,cuML SPORF,n_features,50000,4,3,1470347820,50000,100,4,2,10,87,87,8,59,29,30,30,184,5.98913,2,8,621.713,2,59,59,118,126,126,126,1480,118,472
jovo-feature-scale-example,jovo-feature-scale-example,classification,jovo_t7,cuml,cuML SPORF,n_features,50000,4,3,1470347820,50000,100,4,2,10,88,88,9,55,27,28,28,184,5.52717,3,9,631.741,2,55,55,110,123,123,123,1424,110,440
jovo-feature-scale-example,jovo-feature-scale-example,classification,jovo_t7,cuml,cuML SPORF,n_features,50000,4,3,1470347820,50000,100,4,2,10,89,89,8,61,30,31,31,184,4.90217,3,8,669.303,2,61,61,122,136,136,136,1576,122,488
jovo-feature-scale-example,jovo-feature-scale-example,classification,jovo_t7,cuml,cuML SPORF,n_features,50000,4,3,1470347820,50000,100,4,2,10,90,90,7,63,31,32,32,184,5.07609,4,7,570.64,2,63,63,126,119,119,119,1456,126,504
jovo-feature-scale-example,jovo-feature-scale-example,classification,jovo_t7,cuml,cuML SPORF,n_features,50000,4,3,1470347820,50000,100,4,2,10,91,91,8,59,29,30,30,184,5.65217,2,8,610.873,2,59,59,118,127,127,127,1488,118,472
jovo-feature-scale-example,jovo-feature-scale-example,classification,jovo_t7,cuml,cuML SPORF,n_features,50000,4,3,1470347820,50000,100,4,2,10,92,92,8,67,33,34,34,184,5.7663,3,8,645.342,2,67,67,134,169,169,169,1888,134,536
jovo-feature-scale-example,jovo-feature-scale-example,classification,jovo_t7,cuml,cuML SPORF,n_features,50000,4,3,1470347820,50000,100,4,2,10,93,93,8,59,29,30,30,184,5.07609,3,8,627.257,2,59,59,118,131,131,131,1520,118,472
jovo-feature-scale-example,jovo-feature-scale-example,classification,jovo_t7,cuml,cuML SPORF,n_features,50000,4,3,1470347820,50000,100,4,2,10,94,94,10,73,36,37,37,184,6.11413,3,10,784.26,2,73,73,146,187,187,187,2080,146,584
jovo-feature-scale-example,jovo-feature-scale-example,classification,jovo_t7,cuml,cuML SPORF,n_features,50000,4,3,1470347820,50000,100,4,2,10,95,95,8,51,25,26,26,184,4.82065,3,8,665.064,2,51,51,102,120,120,120,1368,102,408
jovo-feature-scale-example,jovo-feature-scale-example,classification,jovo_t7,cuml,cuML SPORF,n_features,50000,4,3,1470347820,50000,100,4,2,10,96,96,8,59,29,30,30,184,5.15761,3,8,735.372,2,59,59,118,145,145,145,1632,118,472
jovo-feature-scale-example,jovo-feature-scale-example,classification,jovo_t7,cuml,cuML SPORF,n_features,50000,4,3,1470347820,50000,100,4,2,10,97,97,7,57,28,29,29,184,4.8913,3,7,494.345,2,57,57,114,117,117,117,1392,114,456
jovo-feature-scale-example,jovo-feature-scale-example,classification,jovo_t7,cuml,cuML SPORF,n_features,50000,4,3,1470347820,50000,100,4,2,10,98,98,8,61,30,31,31,184,5.54348,3,8,610.012,2,61,61,122,145,145,145,1648,122,488
jovo-feature-scale-example,jovo-feature-scale-example,classification,jovo_t7,cuml,cuML SPORF,n_features,50000,4,3,1470347820,50000,100,4,2,10,99,99,11,57,28,29,29,184,5.27717,3,11,1349.82,2,57,57,114,117,117,117,1392,114,456
jovo-feature-scale-example,jovo-feature-scale-example,classification,jovo_t7,cuml,cuML SPORF,n_features,100000,5,1,1672937952,100000,100,2,2,10,0,0,10,65,32,33,33,184,5.92935,2,10,1449.48,2,65,65,130,146,146,146,1688,130,520
jovo-feature-scale-example,jovo-feature-scale-example,classification,jovo_t7,cuml,cuML SPORF,n_features,100000,5,1,1672937952,100000,100,2,2,10,1,1,9,59,29,30,30,184,5.4837,2,9,1171.81,2,59,59,118,116,116,116,1400,118,472
jovo-feature-scale-example,jovo-feature-scale-example,classification,jovo_t7,cuml,cuML SPORF,n_features,100000,5,1,1672937952,100000,100,2,2,10,2,2,9,61,30,31,31,184,5.2337,3,9,912.006,2,61,61,122,129,129,129,1520,122,488
jovo-feature-scale-example,jovo-feature-scale-example,classification,jovo_t7,cuml,cuML SPORF,n_features,100000,5,1,1672937952,100000,100,2,2,10,3,3,9,63,31,32,32,184,5.39674,3,9,862.903,2,63,63,126,142,142,142,1640,126,504
jovo-feature-scale-example,jovo-feature-scale-example,classification,jovo_t7,cuml,cuML SPORF,n_features,100000,5,1,1672937952,100000,100,2,2,10,4,4,8,65,32,33,33,184,5.23913,3,8,870.697,2,65,65,130,150,150,150,1720,130,520
jovo-feature-scale-example,jovo-feature-scale-example,classification,jovo_t7,cuml,cuML SPORF,n_features,100000,5,1,1672937952,100000,100,2,2,10,5,5,8,57,28,29,29,184,4.83696,3,8,853.14,2,57,57,114,120,120,120,1416,114,456
jovo-feature-scale-example,jovo-feature-scale-example,classification,jovo_t7,cuml,cuML SPORF,n_features,100000,5,1,1672937952,100000,100,2,2,10,6,6,8,57,28,29,29,184,5.15761,3,8,946.359,2,57,57,114,120,120,120,1416,114,456
jovo-feature-scale-example,jovo-feature-scale-example,classification,jovo_t7,cuml,cuML SPORF,n_features,100000,5,1,1672937952,100000,100,2,2,10,7,7,9,65,32,33,33,184,5.27717,3,9,1072.06,2,65,65,130,150,150,150,1720,130,520
jovo-feature-scale-example,jovo-feature-scale-example,classification,jovo_t7,cuml,cuML SPORF,n_features,100000,5,1,1672937952,100000,100,2,2,10,8,8,7,47,23,24,24,184,4.26087,3,7,750.094,2,47,47,94,92,92,92,1112,94,376
jovo-feature-scale-example,jovo-feature-scale-example,classification,jovo_t7,cuml,cuML SPORF,n_features,100000,5,1,1672937952,100000,100,2,2,10,9,9,8,55,27,28,28,184,4.90217,3,8,953.329,2,55,55,110,116,116,116,1368,110,440
jovo-feature-scale-example,jovo-feature-scale-example,classification,jovo_t7,cuml,cuML SPORF,n_features,100000,5,1,1672937952,100000,100,2,2,10,10,10,10,57,28,29,29,184,5.20652,3,10,1213.87,2,57,57,114,143,143,143,1600,114,456
jovo-feature-scale-example,jovo-feature-scale-example,classification,jovo_t7,cuml,cuML SPORF,n_features,100000,5,1,1672937952,100000,100,2,2,10,11,11,7,55,27,28,28,184,4.94565,3,7,734.921,2,55,55,110,133,133,133,1504,110,440
jovo-feature-scale-example,jovo-feature-scale-example,classification,jovo_t7,cuml,cuML SPORF,n_features,100000,5,1,1672937952,100000,100,2,2,10,12,12,7,49,24,25,25,184,4.71739,3,7,799.826,2,49,49,98,103,103,103,1216,98,392
jovo-feature-scale-example,jovo-feature-scale-example,classification,jovo_t7,cuml,cuML SPORF,n_features,100000,5,1,1672937952,100000,100,2,2,10,13,13,9,57,28,29,29,184,5.28261,2,9,1075.9,2,57,57,114,113,113,113,1360,114,456
jovo-feature-scale-example,jovo-feature-scale-example,classification,jovo_t7,cuml,cuML SPORF,n_features,100000,5,1,1672937952,100000,100,2,2,10,14,14,7,53,26,27,27,184,5.53261,2,7,863.672,2,53,53,106,106,106,106,1272,106,424
jovo-feature-scale-example,jovo-feature-scale-example,classification,jovo_t7,cuml,cuML SPORF,n_features,100000,5,1,1672937952,100000,100,2,2,10,15,15,8,61,30,31,31,184,5.20652,3,8,744.835,2,61,61,122,139,139,139,1600,122,488
jovo-feature-scale-example,jovo-feature-scale-example,classification,jovo_t7,cuml,cuML SPORF,n_features,100000,5,1,1672937952,100000,100,2,2,10,16,16,8,59,29,30,30,184,5.1087,2,8,960.511,2,59,59,118,138,138,138,1576,118,472
jovo-feature-scale-example,jovo-feature-scale-example,classification,jovo_t7,cuml,cuML SPORF,n_features,100000,5,1,1672937952,100000,100,2,2,10,17,17,8,73,36,37,37,184,5.56522,3,8,934.615,2,73,73,146,166,166,166,1912,146,584
jovo-feature-scale-example,jovo-feature-scale-example,classification,jovo_t7,cuml,cuML SPORF,n_features,100000,5,1,1672937952,100000,100,2,2,10,18,18,8,55,27,28,28,184,5.24457,3,8,622.506,2,55,55,110,132,132,132,1496,110,440
jovo-feature-scale-example,jovo-feature-scale-example,classification,jovo_t7,cuml,cuML SPORF,n_features,100000,5,1,1672937952,100000,100,2,2,10,19,19,8,59,29,30,30,184,5.1413,3,8,753.396,2,59,59,118,139,139,139,1584,118,472
jovo-feature-scale-example,jovo-feature-scale-example,classification,jovo_t7,cuml,cuML SPORF,n_features,100000,5,1,1672937952,100000,100,2,2,10,20,20,7,49,24,25,25,184,4.84239,3,7,736.185,2,49,49,98,118,118,118,1336,98,392
jovo-feature-scale-example,jovo-feature-scale-example,classification,jovo_t7,cuml,cuML SPORF,n_features,100000,5,1,1672937952,100000,100,2,2,10,21,21,8,49,24,25,25,184,4.81522,3,8,929.035,2,49,49,98,89,89,89,1104,98,392
jovo-feature-scale-example,jovo-feature-scale-example,classification,jovo_t7,cuml,cuML SPORF,n_features,100000,5,1,1672937952,100000,100,2,2,10,22,22,7,61,30,31,31,184,5.23913,3,7,837.88,2,61,61,122,147,147,147,1664,122,488
jovo-feature-scale-example,jovo-feature-scale-example,classification,jovo_t7,cuml,cuML SPORF,n_features,100000,5,1,1672937952,100000,100,2,2,10,23,23,9,69,34,35,35,184,5.59239,3,9,751.541,2,69,69,138,162,162,162,1848,138,552
jovo-feature-scale-example,jovo-feature-scale-example,classification,jovo_t7,cuml,cuML SPORF,n_features,100000,5,1,1672937952,100000,100,2,2,10,24,24,9,67,33,34,34,184,5.30978,3,9,851.726,2,67,67,134,153,153,153,1760,134,536
jovo-feature-scale-example,jovo-feature-scale-example,classification,jovo_t7,cuml,cuML SPORF,n_features,100000,5,1,1672937952,100000,100,2,2,10,25,25,8,57,28,29,29,184,4.8587,4,8,854.876,2,57,57,114,134,134,134,1528,114,456
jovo-feature-scale-example,jovo-feature-scale-example,classification,jovo_t7,cuml,cuML SPORF,n_features,100000,5,1,1672937952,100000,100,2,2,10,26,26,8,51,25,26,26,184,4.96739,3,8,976.451,2,51,51,102,128,128,128,1432,102,408
jovo-feature-scale-example,jovo-feature-scale-example,classification,jovo_t7,cuml,cuML SPORF,n_features,100000,5,1,1672937952,100000,100,2,2,10,27,27,9,71,35,36,36,184,5.48913,3,9,626.653,2,71,71,142,163,163,163,1872,142,568
jovo-feature-scale-example,jovo-feature-scale-example,classification,jovo_t7,cuml,cuML SPORF,n_features,100000,5,1,1672937952,100000,100,2,2,10,28,28,10,59,29,30,30,184,5.49457,3,10,1004.9,2,59,59,118,131,131,131,1520,118,472
jovo-feature-scale-example,jovo-feature-scale-example,classification,jovo_t7,cuml,cuML SPORF,n_features,100000,5,1,1672937952,100000,100,2,2,10,29,29,8,57,28,29,29,184,5.17935,3,8,856.975,2,57,57,114,132,132,132,1512,114,456
jovo-feature-scale-example,jovo-feature-scale-example,classification,jovo_t7,cuml,cuML SPORF,n_features,100000,5,1,1672937952,100000,100,2,2,10,30,30,8,61,30,31,31,184,5.30978,3,8,745.83,2,61,61,122,144,144,144,1640,122,488
jovo-feature-scale-example,jovo-feature-scale-example,classification,jovo_t7,cuml,cuML SPORF,n_features,100000,5,1,1672937952,100000,100,2,2,10,31,31,8,51,25,26,26,184,5.66304,2,8,986.019,2,51,51,102,109,109,109,1280,102,408
jovo-feature-scale-example,jovo-feature-scale-example,classification,jovo_t7,cuml,cuML SPORF,n_features,100000,5,1,1672937952,100000,100,2,2,10,32,32,7,51,25,26,26,184,4.72826,4,7,619.516,2,51,51,102,117,117,117,1344,102,408
jovo-feature-scale-example,jovo-feature-scale-example,classification,jovo_t7,cuml,cuML SPORF,n_features,100000,5,1,1672937952,100000,100,2,2,10,33,33,8,57,28,29,29,184,5.41848,2,8,887.247,2,57,57,114,129,129,129,1488,114,456
jovo-feature-scale-example,jovo-feature-scale-example,classification,jovo_t7,cuml,cuML SPORF,n_features,100000,5,1,1672937952,100000,100,2,2,10,34,34,8,57,28,29,29,184,5.17935,3,8,631.867,2,57,57,114,115,115,115,1376,114,456
jovo-feature-scale-example,jovo-feature-scale-example,classification,jovo_t7,cuml,cuML SPORF,n_features,100000,5,1,1672937952,100000,100,2,2,10,35,35,7,57,28,29,29,184,5.14674,3,7,881.668,2,57,57,114,134,134,134,1528,114,456
jovo-feature-scale-example,jovo-feature-scale-example,classification,jovo_t7,cuml,cuML SPORF,n_features,100000,5,1,1672937952,100000,100,2,2,10,36,36,7,57,28,29,29,184,5.09239,3,7,623.123,2,57,57,114,129,129,129,1488,114,456
jovo-feature-scale-example,jovo-feature-scale-example,classification,jovo_t7,cuml,cuML SPORF,n_features,100000,5,1,1672937952,100000,100,2,2,10,37,37,7,49,24,25,25,184,5.16304,2,7,512.319,2,49,49,98,134,134,134,1464,98,392
jovo-feature-scale-example,jovo-feature-scale-example,classification,jovo_t7,cuml,cuML SPORF,n_features,100000,5,1,1672937952,100000,100,2,2,10,38,38,7,53,26,27,27,184,5.1413,3,7,739.318,2,53,53,106,135,135,135,1504,106,424
jovo-feature-scale-example,jovo-feature-scale-example,classification,jovo_t7,cuml,cuML SPORF,n_features,100000,5,1,1672937952,100000,100,2,2,10,39,39,8,63,31,32,32,184,5.19022,3,8,929.637,2,63,63,126,124,124,124,1496,126,504
jovo-feature-scale-example,jovo-feature-scale-example,classification,jovo_t7,cuml,cuML SPORF,n_features,100000,5,1,1672937952,100000,100,2,2,10,40,40,9,63,31,32,32,184,5.99457,3,9,1032.16,2,63,63,126,128,128,128,1528,126,504
jovo-feature-scale-example,jovo-feature-scale-example,classification,jovo_t7,cuml,cuML SPORF,n_features,100000,5,1,1672937952,100000,100,2,2,10,41,41,8,63,31,32,32,184,5.30978,3,8,932.209,2,63,63,126,136,136,136,1592,126,504
jovo-feature-scale-example,jovo-feature-scale-example,classification,jovo_t7,cuml,cuML SPORF,n_features,100000,5,1,1672937952,100000,100,2,2,10,42,42,8,55,27,28,28,184,5.16304,3,8,958.221,2,55,55,110,117,117,117,1376,110,440
jovo-feature-scale-example,jovo-feature-scale-example,classification,jovo_t7,cuml,cuML SPORF,n_features,100000,5,1,1672937952,100000,100,2,2,10,43,43,9,63,31,32,32,184,5.89674,3,9,977.032,2,63,63,126,132,132,132,1560,126,504
jovo-feature-scale-example,jovo-feature-scale-example,classification,jovo_t7,cuml,cuML SPORF,n_features,100000,5,1,1672937952,100000,100,2,2,10,44,44,11,57,28,29,29,184,5.66848,3,11,1444.92,2,57,57,114,113,113,113,1360,114,456
jovo-feature-scale-example,jovo-feature-scale-example,classification,jovo_t7,cuml,cuML SPORF,n_features,100000,5,1,1672937952,100000,100,2,2,10,45,45,8,55,27,28,28,184,5.21196,3,8,992.428,2,55,55,110,124,124,124,1432,110,440
jovo-feature-scale-example,jovo-feature-scale-example,classification,jovo_t7,cuml,cuML SPORF,n_features,100000,5,1,1672937952,100000,100,2,2,10,46,46,7,53,26,27,27,184,4.875,3,7,737.174,2,53,53,106,126,126,126,1432,106,424
jovo-feature-scale-example,jovo-feature-scale-example,classification,jovo_t7,cuml,cuML SPORF,n_features,100000,5,1,1672937952,100000,100,2,2,10,47,47,9,67,33,34,34,184,5.54348,3,9,853.611,2,67,67,134,145,145,145,1696,134,536
jovo-feature-scale-example,jovo-feature-scale-example,classification,jovo_t7,cuml,cuML SPORF,n_features,100000,5,1,1672937952,100000,100,2,2,10,48,48,9,65,32,33,33,184,5.38587,3,9,865.503,2,65,65,130,149,149,149,1712,130,520
jovo-feature-scale-example,jovo-feature-scale-example,classification,jovo_t7,cuml,cuML SPORF,n_features,100000,5,1,1672937952,100000,100,2,2,10,49,49,7,55,27,28,28,184,4.77717,3,7,608.935,2,55,55,110,105,105,105,1280,110,440
jovo-feature-scale-example,jovo-feature-scale-example,classification,jovo_t7,cuml,cuML SPORF,n_features,100000,5,1,1672937952,100000,100,2,2,10,50,50,7,55,27,28,28,184,5.80435,3,7,956.887,2,55,55,110,132,132,132,1496,110,440
jovo-feature-scale-example,jovo-feature-scale-example,classification,jovo_t7,cuml,cuML SPORF,n_features,100000,5,1,1672937952,100000,100,2,2,10,51,51,8,63,31,32,32,184,5.29891,3,8,1093.22,2,63,63,126,143,143,143,1648,126,504
jovo-feature-scale-example,jovo-feature-scale-example,classification,jovo_t7,cuml,cuML SPORF,n_features,100000,5,1,1672937952,100000,100,2,2,10,52,52,7,61,30,31,31,184,5.30435,3,7,907.205,2,61,61,122,133,133,133,1552,122,488
jovo-feature-scale-example,jovo-feature-scale-example,classification,jovo_t7,cuml,cuML SPORF,n_features,100000,5,1,1672937952,100000,100,2,2,10,53,53,7,61,30,31,31,184,4.96196,3,7,699.607,2,61,61,122,127,127,127,1504,122,488
jovo-feature-scale-example,jovo-feature-scale-example,classification,jovo_t7,cuml,cuML SPORF,n_features,100000,5,1,1672937952,100000,100,2,2,10,54,54,8,65,32,33,33,184,5.13587,4,8,853.19,2,65,65,130,140,140,140,1640,130,520
jovo-feature-scale-example,jovo-feature-scale-example,classification,jovo_t7,cuml,cuML SPORF,n_features,100000,5,1,1672937952,100000,100,2,2,10,55,55,9,67,33,34,34,184,5.34783,2,9,998.13,2,67,67,134,159,159,159,1808,134,536
jovo-feature-scale-example,jovo-feature-scale-example,classification,jovo_t7,cuml,cuML SPORF,n_features,100000,5,1,1672937952,100000,100,2,2,10,56,56,8,65,32,33,33,184,5.36413,3,8,960.723,2,65,65,130,153,153,153,1744,130,520
jovo-feature-scale-example,jovo-feature-scale-example,classification,jovo_t7,cuml,cuML SPORF,n_features,100000,5,1,1672937952,100000,100,2,2,10,57,57,9,63,31,32,32,184,5.53804,3,9,969.027,2,63,63,126,131,131,131,1552,126,504
jovo-feature-scale-example,jovo-feature-scale-example,classification,jovo_t7,cuml,cuML SPORF,n_features,100000,5,1,1672937952,100000,100,2,2,10,58,58,7,59,29,30,30,184,5.05435,3,7,822.181,2,59,59,118,127,127,127,1488,118,472
jovo-feature-scale-example,jovo-feature-scale-example,classification,jovo_t7,cuml,cuML SPORF,n_features,100000,5,1,1672937952,100000,100,2,2,10,59,59,9,53,26,27,27,184,4.77717,3,9,1001.74,2,53,53,106,133,133,133,1488,106,424
jovo-feature-scale-example,jovo-feature-scale-example,classification,jovo_t7,cuml,cuML SPORF,n_features,100000,5,1,1672937952,100000,100,2,2,10,60,60,7,61,30,31,31,184,5.30978,3,7,795.421,2,61,61,122,148,148,148,1672,122,488
jovo-feature-scale-example,jovo-feature-scale-example,classification,jovo_t7,cuml,cuML SPORF,n_features,100000,5,1,1672937952,100000,100,2,2,10,61,61,8,69,34,35,35,184,5.34239,3,8,1112.45,2,69,69,138,149,149,149,1744,138,552
jovo-feature-scale-example,jovo-feature-scale-example,classification,jovo_t7,cuml,cuML SPORF,n_features,100000,5,1,1672937952,100000,100,2,2,10,62,62,9,65,32,33,33,184,5.58152,2,9,962.069,2,65,65,130,138,138,138,1624,130,520
jovo-feature-scale-example,jovo-feature-scale-example,classification,jovo_t7,cuml,cuML SPORF,n_features,100000,5,1,1672937952,100000,100,2,2,10,63,63,8,51,25,26,26,184,5.04891,3,8,941.293,2,51,51,102,114,114,114,1320,102,408
jovo-feature-scale-example,jovo-feature-scale-example,classification,jovo_t7,cuml,cuML SPORF,n_features,100000,5,1,1672937952,100000,100,2,2,10,64,64,6,57,28,29,29,184,4.7663,3,6,594.457,2,57,57,114,132,132,132,1512,114,456
jovo-feature-scale-example,jovo-feature-scale-example,classification,jovo_t7,cuml,cuML SPORF,n_features,100000,5,1,1672937952,100000,100,2,2,10,65,65,9,57,28,29,29,184,5.0163,3,9,861.408,2,57,57,114,123,123,123,1440,114,456
jovo-feature-scale-example,jovo-feature-scale-example,classification,jovo_t7,cuml,cuML SPORF,n_features,100000,5,1,1672937952,100000,100,2,2,10,66,66,8,55,27,28,28,184,5.11413,3,8,622.324,2,55,55,110,117,117,117,1376,110,440
jovo-feature-scale-example,jovo-feature-scale-example,classification,jovo_t7,cuml,cuML SPORF,n_features,100000,5,1,1672937952,100000,100,2,2,10,67,67,7,51,25,26,26,184,4.63587,3,7,740.499,2,51,51,102,118,118,118,1352,102,408
jovo-feature-scale-example,jovo-feature-scale-example,classification,jovo_t7,cuml,cuML SPORF,n_features,100000,5,1,1672937952,100000,100,2,2,10,68,68,11,63,31,32,32,184,5.59783,3,11,1277.09,2,63,63,126,131,131,131,1552,126,504
jovo-feature-scale-example,jovo-feature-scale-example,classification,jovo_t7,cuml,cuML SPORF,n_features,100000,5,1,1672937952,100000,100,2,2,10,69,69,9,65,32,33,33,184,5.67935,3,9,737.666,2,65,65,130,166,166,166,1848,130,520
jovo-feature-scale-example,jovo-feature-scale-example,classification,jovo_t7,cuml,cuML SPORF,n_features,100000,5,1,1672937952,100000,100,2,2,10,70,70,9,59,29,30,30,184,5.31522,3,9,874.674,2,59,59,118,139,139,139,1584,118,472
jovo-feature-scale-example,jovo-feature-scale-example,classification,jovo_t7,cuml,cuML SPORF,n_features,100000,5,1,1672937952,100000,100,2,2,10,71,71,9,63,31,32,32,184,4.92391,2,9,954.441,2,63,63,126,154,154,154,1736,126,504
jovo-feature-scale-example,jovo-feature-scale-example,classification,jovo_t7,cuml,cuML SPORF,n_features,100000,5,1,1672937952,100000,100,2,2,10,72,72,9,55,27,28,28,184,5.20109,2,9,1180.96,2,55,55,110,119,119,119,1392,110,440
jovo-feature-scale-example,jovo-feature-scale-example,classification,jovo_t7,cuml,cuML SPORF,n_features,100000,5,1,1672937952,100000,100,2,2,10,73,73,7,55,27,28,28,184,4.71739,3,7,629.235,2,55,55,110,121,121,121,1408,110,440
jovo-feature-scale-example,jovo-feature-scale-example,classification,jovo_t7,cuml,cuML SPORF,n_features,100000,5,1,1672937952,100000,100,2,2,10,74,74,8,57,28,29,29,184,5.08696,2,8,883.205,2,57,57,114,138,138,138,1560,114,456
jovo-feature-scale-example,jovo-feature-scale-example,classification,jovo_t7,cuml,cuML SPORF,n_features,100000,5,1,1672937952,100000,100,2,2,10,75,75,9,75,37,38,38,184,5.61413,3,9,842.12,2,75,75,150,162,162,162,1896,150,600
jovo-feature-scale-example,jovo-feature-scale-example,classification,jovo_t7,cuml,cuML SPORF,n_features,100000,5,1,1672937952,100000,100,2,2,10,76,76,10,59,29,30,30,184,6.19022,3,10,1211.41,2,59,59,118,130,130,130,1512,118,472
jovo-feature-scale-example,jovo-feature-scale-example,classification,jovo_t7,cuml,cuML SPORF,n_features,100000,5,1,1672937952,100000,100,2,2,10,77,77,9,61,30,31,31,184,5.34239,3,9,626.633,2,61,61,122,145,145,145,1648,122,488
jovo-feature-scale-example,jovo-feature-scale-example,classification,jovo_t7,cuml,cuML SPORF,n_features,100000,5,1,1672937952,100000,100,2,2,10,78,78,7,53,26,27,27,184,4.92391,3,7,632.745,2,53,53,106,123,123,123,1408,106,424
jovo-feature-scale-example,jovo-feature-scale-example,classification,jovo_t7,cuml,cuML SPORF,n_features,100000,5,1,1672937952,100000,100,2,2,10,79,79,9,69,34,35,35,184,5.57065,3,9,977.953,2,69,69,138,184,184,184,2024,138,552
jovo-feature-scale-example,jovo-feature-scale-example,classification,jovo_t7,cuml,cuML SPORF,n_features,100000,5,1,1672937952,100000,100,2,2,10,80,80,8,53,26,27,27,184,5.03261,3,8,865.055,2,53,53,106,137,137,137,1520,106,424
jovo-feature-scale-example,jovo-feature-scale-example,classification,jovo_t7,cuml,cuML SPORF,n_features,100000,5,1,1672937952,100000,100,2,2,10,81,81,9,55,27,28,28,184,5.54348,3,9,1002.51,2,55,55,110,129,129,129,1472,110,440
jovo-feature-scale-example,jovo-feature-scale-example,classification,jovo_t7,cuml,cuML SPORF,n_features,100000,5,1,1672937952,100000,100,2,2,10,82,82,8,55,27,28,28,184,5.22826,3,8,618.908,2,55,55,110,116,116,116,1368,110,440
jovo-feature-scale-example,jovo-feature-scale-example,classification,jovo_t7,cuml,cuML SPORF,n_features,100000,5,1,1672937952,100000,100,2,2,10,83,83,7,63,31,32,32,184,5.33152,3,7,870.909,2,63,63,126,142,142,142,1640,126,504
jovo-feature-scale-example,jovo-feature-scale-example,classification,jovo_t7,cuml,cuML SPORF,n_features,100000,5,1,1672937952,100000,100,2,2,10,84,84,7,65,32,33,33,184,5.0163,3,7,513.431,2,65,65,130,133,133,133,1584,130,520
jovo-feature-scale-example,jovo-feature-scale-example,classification,jovo_t7,cuml,cuML SPORF,n_features,100000,5,1,1672937952,100000,100,2,2,10,85,85,9,49,24,25,25,184,5.09783,2,9,1132.43,2,49,49,98,101,101,101,1200,98,392
jovo-feature-scale-example,jovo-feature-scale-example,classification,jovo_t7,cuml,cuML SPORF,n_features,100000,5,1,1672937952,100000,100,2,2,10,86,86,9,57,28,29,29,184,5.26087,3,9,738.294,2,57,57,114,126,126,126,1464,114,456
jovo-feature-scale-example,jovo-feature-scale-example,classification,jovo_t7,cuml,cuML SPORF,n_features,100000,5,1,1672937952,100000,100,2,2,10,87,87,8,69,34,35,35,184,5.54891,3,8,514.096,2,69,69,138,163,163,163,1856,138,552
jovo-feature-scale-example,jovo-feature-scale-example,classification,jovo_t7,cuml,cuML SPORF,n_features,100000,5,1,1672937952,100000,100,2,2,10,88,88,10,69,34,35,35,184,5.96739,2,10,1087.35,2,69,69,138,141,141,141,1680,138,552
jovo-feature-scale-example,jovo-feature-scale-example,classification,jovo_t7,cuml,cuML SPORF,n_features,100000,5,1,1672937952,100000,100,2,2,10,89,89,8,63,31,32,32,184,5.23913,3,8,918.492,2,63,63,126,148,148,148,1688,126,504
jovo-feature-scale-example,jovo-feature-scale-example,classification,jovo_t7,cuml,cuML SPORF,n_features,100000,5,1,1672937952,100000,100,2,2,10,90,90,10,55,27,28,28,184,5.14674,3,10,1054.89,2,55,55,110,122,122,122,1416,110,440
jovo-feature-scale-example,jovo-feature-scale-example,classification,jovo_t7,cuml,cuML SPORF,n_features,100000,5,1,1672937952,100000,100,2,2,10,91,91,8,53,26,27,27,184,5.08696,3,8,1059.96,2,53,53,106,121,121,121,1392,106,424
jovo-feature-scale-example,jovo-feature-scale-example,classification,jovo_t7,cuml,cuML SPORF,n_features,100000,5,1,1672937952,100000,100,2,2,10,92,92,8,57,28,29,29,184,4.99457,3,8,943.637,2,57,57,114,135,135,135,1536,114,456
jovo-feature-scale-example,jovo-feature-scale-example,classification,jovo_t7,cuml,cuML SPORF,n_features,100000,5,1,1672937952,100000,100,2,2,10,93,93,7,53,26,27,27,184,4.79348,4,7,977.933,2,53,53,106,123,123,123,1408,106,424
jovo-feature-scale-example,jovo-feature-scale-example,classification,jovo_t7,cuml,cuML SPORF,n_features,100000,5,1,1672937952,100000,100,2,2,10,94,94,8,55,27,28,28,184,4.94022,3,8,1103.62,2,55,55,110,150,150,150,1640,110,440
jovo-feature-scale-example,jovo-feature-scale-example,classification,jovo_t7,cuml,cuML SPORF,n_features,100000,5,1,1672937952,100000,100,2,2,10,95,95,8,55,27,28,28,184,5.09239,2,8,993.715,2,55,55,110,138,138,138,1544,110,440
jovo-feature-scale-example,jovo-feature-scale-example,classification,jovo_t7,cuml,cuML SPORF,n_features,100000,5,1,1672937952,100000,100,2,2,10,96,96,8,53,26,27,27,184,5.04891,3,8,730.911,2,53,53,106,123,123,123,1408,106,424
jovo-feature-scale-example,jovo-feature-scale-example,classification,jovo_t7,cuml,cuML SPORF,n_features,100000,5,1,1672937952,100000,100,2,2,10,97,97,9,71,35,36,36,184,5.78804,3,9,850.506,2,71,71,142,155,155,155,1808,142,568
jovo-feature-scale-example,jovo-feature-scale-example,classification,jovo_t7,cuml,cuML SPORF,n_features,100000,5,1,1672937952,100000,100,2,2,10,98,98,8,63,31,32,32,184,5.34783,3,8,739.328,2,63,63,126,128,128,128,1528,126,504
jovo-feature-scale-example,jovo-feature-scale-example,classification,jovo_t7,cuml,cuML SPORF,n_features,100000,5,1,1672937952,100000,100,2,2,10,99,99,8,61,30,31,31,184,5.36957,3,8,731.966,2,61,61,122,130,130,130,1528,122,488
jovo-feature-scale-example,jovo-feature-scale-example,classification,jovo_t7,cuml,cuML SPORF,n_features,100000,5,2,1280706876,100000,100,2,2,10,0,0,9,59,29,30,30,184,5.39674,3,9,1314.76,2,59,59,118,144,144,144,1624,118,472
jovo-feature-scale-example,jovo-feature-scale-example,classification,jovo_t7,cuml,cuML SPORF,n_features,100000,5,2,1280706876,100000,100,2,2,10,1,1,8,53,26,27,27,184,4.96196,2,8,978.019,2,53,53,106,120,120,120,1384,106,424
jovo-feature-scale-example,jovo-feature-scale-example,classification,jovo_t7,cuml,cuML SPORF,n_features,100000,5,2,1280706876,100000,100,2,2,10,2,2,8,55,27,28,28,184,5.11957,3,8,1074.17,2,55,55,110,122,122,122,1416,110,440
jovo-feature-scale-example,jovo-feature-scale-example,classification,jovo_t7,cuml,cuML SPORF,n_features,100000,5,2,1280706876,100000,100,2,2,10,3,3,9,53,26,27,27,184,5.61413,3,9,1201.38,2,53,53,106,112,112,112,1320,106,424
jovo-feature-scale-example,jovo-feature-scale-example,classification,jovo_t7,cuml,cuML SPORF,n_features,100000,5,2,1280706876,100000,100,2,2,10,4,4,9,71,35,36,36,184,5.57065,3,9,1044.69,2,71,71,142,149,149,149,1760,142,568
jovo-feature-scale-example,jovo-feature-scale-example,classification,jovo_t7,cuml,cuML SPORF,n_features,100000,5,2,1280706876,100000,100,2,2,10,5,5,8,57,28,29,29,184,4.92391,4,8,1116.38,2,57,57,114,131,131,131,1504,114,456
jovo-feature-scale-example,jovo-feature-scale-example,classification,jovo_t7,cuml,cuML SPORF,n_features,100000,5,2,1280706876,100000,100,2,2,10,6,6,8,61,30,31,31,184,4.82609,3,8,907.062,2,61,61,122,152,152,152,1704,122,488
jovo-feature-scale-example,jovo-feature-scale-example,classification,jovo_t7,cuml,cuML SPORF,n_features,100000,5,2,1280706876,100000,100,2,2,10,7,7,7,55,27,28,28,184,5.29891,4,7,936.127,2,55,55,110,102,102,102,1256,110,440
jovo-feature-scale-example,jovo-feature-scale-example,classification,jovo_t7,cuml,cuML SPORF,n_features,100000,5,2,1280706876,100000,100,2,2,10,8,8,10,61,30,31,31,184,5.05978,3,10,1317.64,2,61,61,122,140,140,140,1608,122,488
jovo-feature-scale-example,jovo-feature-scale-example,classification,jovo_t7,cuml,cuML SPORF,n_features,100000,5,2,1280706876,100000,100,2,2,10,9,9,8,63,31,32,32,184,5.21739,3,8,1021.12,2,63,63,126,143,143,143,1648,126,504
jovo-feature-scale-example,jovo-feature-scale-example,classification,jovo_t7,cuml,cuML SPORF,n_features,100000,5,2,1280706876,100000,100,2,2,10,10,10,8,51,25,26,26,184,5.70652,2,8,1074.21,2,51,51,102,131,131,131,1456,102,408
jovo-feature-scale-example,jovo-feature-scale-example,classification,jovo_t7,cuml,cuML SPORF,n_features,100000,5,2,1280706876,100000,100,2,2,10,11,11,9,53,26,27,27,184,4.7337,2,9,1097.05,2,53,53,106,122,122,122,1400,106,424
jovo-feature-scale-example,jovo-feature-scale-example,classification,jovo_t7,cuml,cuML SPORF,n_features,100000,5,2,1280706876,100000,100,2,2,10,12,12,8,67,33,34,34,184,5.17935,3,8,752.392,2,67,67,134,162,162,162,1832,134,536
jovo-feature-scale-example,jovo-feature-scale-example,classification,jovo_t7,cuml,cuML SPORF,n_features,100000,5,2,1280706876,100000,100,2,2,10,13,13,8,61,30,31,31,184,5.33152,3,8,625.92,2,61,61,122,143,143,143,1632,122,488
jovo-feature-scale-example,jovo-feature-scale-example,classification,jovo_t7,cuml,cuML SPORF,n_features,100000,5,2,1280706876,100000,100,2,2,10,14,14,9,67,33,34,34,184,5.41848,3,9,734.209,2,67,67,134,151,151,151,1744,134,536
jovo-feature-scale-example,jovo-feature-scale-example,classification,jovo_t7,cuml,cuML SPORF,n_features,100000,5,2,1280706876,100000,100,2,2,10,15,15,8,65,32,33,33,184,5.16848,3,8,754.24,2,65,65,130,151,151,151,1728,130,520
jovo-feature-scale-example,jovo-feature-scale-example,classification,jovo_t7,cuml,cuML SPORF,n_features,100000,5,2,1280706876,100000,100,2,2,10,16,16,8,51,25,26,26,184,4.88043,3,8,1067.13,2,51,51,102,115,115,115,1328,102,408
jovo-feature-scale-example,jovo-feature-scale-example,classification,jovo_t7,cuml,cuML SPORF,n_features,100000,5,2,1280706876,100000,100,2,2,10,17,17,8,63,31,32,32,184,5.26087,3,8,919.928,2,63,63,126,135,135,135,1584,126,504
jovo-feature-scale-example,jovo-feature-scale-example,classification,jovo_t7,cuml,cuML SPORF,n_features,100000,5,2,1280706876,100000,100,2,2,10,18,18,7,55,27,28,28,184,5.03261,3,7,833.879,2,55,55,110,136,136,136,1528,110,440
jovo-feature-scale-example,jovo-feature-scale-example,classification,jovo_t7,cuml,cuML SPORF,n_features,100000,5,2,1280706876,100000,100,2,2,10,19,19,7,59,29,30,30,184,5.11957,3,7,922.201,2,59,59,118,144,144,144,1624,118,472
jovo-feature-scale-example,jovo-feature-scale-example,classification,jovo_t7,cuml,cuML SPORF,n_features,100000,5,2,1280706876,100000,100,2,2,10,20,20,8,67,33,34,34,184,5.22283,2,8,958.854,2,67,67,134,158,158,158,1800,134,536
jovo-feature-scale-example,jovo-feature-scale-example,classification,jovo_t7,cuml,cuML SPORF,n_features,100000,5,2,1280706876,100000,100,2,2,10,21,21,8,55,27,28,28,184,5.39674,3,8,1048.08,2,55,55,110,108,108,108,1304,110,440
jovo-feature-scale-example,jovo-feature-scale-example,classification,jovo_t7,cuml,cuML SPORF,n_features,100000,5,2,1280706876,100000,100,2,2,10,22,22,8,57,28,29,29,184,5.03261,2,8,1045.38,2,57,57,114,116,116,116,1384,114,456
jovo-feature-scale-example,jovo-feature-scale-example,classification,jovo_t7,cuml,cuML SPORF,n_features,100000,5,2,1280706876,100000,100,2,2,10,23,23,8,49,24,25,25,184,4.94022,3,8,1081.68,2,49,49,98,109,109,109,1264,98,392
jovo-feature-scale-example,jovo-feature-scale-example,classification,jovo_t7,cuml,cuML SPORF,n_features,100000,5,2,1280706876,100000,100,2,2,10,24,24,9,59,29,30,30,184,5.29348,3,9,1188.97,2,59,59,118,132,132,132,1528,118,472
jovo-feature-scale-example,jovo-feature-scale-example,classification,jovo_t7,cuml,cuML SPORF,n_features,100000,5,2,1280706876,100000,100,2,2,10,25,25,8,53,26,27,27,184,4.63587,3,8,914.146,2,53,53,106,111,111,111,1312,106,424
jovo-feature-scale-example,jovo-feature-scale-example,classification,jovo_t7,cuml,cuML SPORF,n_features,100000,5,2,1280706876,100000,100,2,2,10,26,26,8,51,25,26,26,184,4.90217,3,8,1047.96,2,51,51,102,128,128,128,1432,102,408
jovo-feature-scale-example,jovo-feature-scale-example,classification,jovo_t7,cuml,cuML SPORF,n_features,100000,5,2,1280706876,100000,100,2,2,10,27,27,7,55,27,28,28,184,5.38587,2,7,922.168,2,55,55,110,120,120,120,1400,110,440
jovo-feature-scale-example,jovo-feature-scale-example,classification,jovo_t7,cuml,cuML SPORF,n_features,100000,5,2,1280706876,100000,100,2,2,10,28,28,11,69,34,35,35,184,6.21739,3,11,1317.22,2,69,69,138,149,149,149,1744,138,552
jovo-feature-scale-example,jovo-feature-scale-example,classification,jovo_t7,cuml,cuML SPORF,n_features,100000,5,2,1280706876,100000,100,2,2,10,29,29,8,61,30,31,31,184,5.48913,3,8,957.19,2,61,61,122,122,122,122,1464,122,488
jovo-feature-scale-example,jovo-feature-scale-example,classification,jovo_t7,cuml,cuML SPORF,n_features,100000,5,2,1280706876,100000,100,2,2,10,30,30,8,47,23,24,24,184,4.91304,3,8,911.035,2,47,47,94,112,112,112,1272,94,376
jovo-feature-scale-example,jovo-feature-scale-example,classification,jovo_t7,cuml,cuML SPORF,n_features,100000,5,2,1280706876,100000,100,2,2,10,31,31,9,65,32,33,33,184,5.77717,2,9,972.368,2,65,65,130,134,134,134,1592,130,520
jovo-feature-scale-example,jovo-feature-scale-example,classification,jovo_t7,cuml,cuML SPORF,n_features,100000,5,2,1280706876,100000,100,2,2,10,32,32,8,57,28,29,29,184,4.96196,3,8,823.03,2,57,57,114,111,111,111,1344,114,456
jovo-feature-scale-example,jovo-feature-scale-example,classification,jovo_t7,cuml,cuML SPORF,n_features,100000,5,2,1280706876,100000,100,2,2,10,33,33,10,59,29,30,30,184,5.32065,3,10,1211.15,2,59,59,118,145,145,145,1632,118,472
jovo-feature-scale-example,jovo-feature-scale-example,classification,jovo_t7,cuml,cuML SPORF,n_features,100000,5,2,1280706876,100000,100,2,2,10,34,34,9,49,24,25,25,184,5.03261,2,9,1003.33,2,49,49,98,123,123,123,1376,98,392
jovo-feature-scale-example,jovo-feature-scale-example,classification,jovo_t7,cuml,cuML SPORF,n_features,100000,5,2,1280706876,100000,100,2,2,10,35,35,8,65,32,33,33,184,5.55978,3,8,759.221,2,65,65,130,151,151,151,1728,130,520
jovo-feature-scale-example,jovo-feature-scale-example,classification,jovo_t7,cuml,cuML SPORF,n_features,100000,5,2,1280706876,100000,100,2,2,10,36,36,8,57,28,29,29,184,5.02717,3,8,617.282,2,57,57,114,137,137,137,1552,114,456
jovo-feature-scale-example,jovo-feature-scale-example,classification,jovo_t7,cuml,cuML SPORF,n_features,100000,5,2,1280706876,100000,100,2,2,10,37,37,11,49,24,25,25,184,5.13043,2,11,1367.21,2,49,49,98,117,117,117,1328,98,392
jovo-feature-scale-example,jovo-feature-scale-example,classification,jovo_t7,cuml,cuML SPORF,n_features,100000,5,2,1280706876,100000,100,2,2,10,38,38,8,53,26,27,27,184,5.04891,3,8,1052.5,2,53,53,106,120,120,120,1384,106,424
jovo-feature-scale-example,jovo-feature-scale-example,classification,jovo_t7,cuml,cuML SPORF,n_features,100000,5,2,1280706876,100000,100,2,2,10,39,39,9,67,33,34,34,184,5.97283,3,9,1046.84,2,67,67,134,154,154,154,1768,134,536
jovo-feature-scale-example,jovo-feature-scale-example,classification,jovo_t7,cuml,cuML SPORF,n_features,100000,5,2,1280706876,100000,100,2,2,10,40,40,8,57,28,29,29,184,4.95652,2,8,1036.39,2,57,57,114,126,126,126,1464,114,456
jovo-feature-scale-example,jovo-feature-scale-example,classification,jovo_t7,cuml,cuML SPORF,n_features,100000,5,2,1280706876,100000,100,2,2,10,41,41,7,63,31,32,32,184,5.04348,2,7,807.606,2,63,63,126,132,132,132,1560,126,504
jovo-feature-scale-example,jovo-feature-scale-example,classification,jovo_t7,cuml,cuML SPORF,n_features,100000,5,2,1280706876,100000,100,2,2,10,42,42,9,49,24,25,25,184,4.66848,3,9,1157.42,2,49,49,98,106,106,106,1240,98,392
jovo-feature-scale-example,jovo-feature-scale-example,classification,jovo_t7,cuml,cuML SPORF,n_features,100000,5,2,1280706876,100000,100,2,2,10,43,43,9,73,36,37,37,184,5.97826,3,9,1185.95,2,73,73,146,161,161,161,1872,146,584
jovo-feature-scale-example,jovo-feature-scale-example,classification,jovo_t7,cuml,cuML SPORF,n_features,100000,5,2,1280706876,100000,100,2,2,10,44,44,7,51,25,26,26,184,4.77174,3,7,825.485,2,51,51,102,109,109,109,1280,102,408
jovo-feature-scale-example,jovo-feature-scale-example,classification,jovo_t7,cuml,cuML SPORF,n_features,100000,5,2,1280706876,100000,100,2,2,10,45,45,9,63,31,32,32,184,5.21739,3,9,1036.07,2,63,63,126,122,122,122,1480,126,504
jovo-feature-scale-example,jovo-feature-scale-example,classification,jovo_t7,cuml,cuML SPORF,n_features,100000,5,2,1280706876,100000,100,2,2,10,46,46,8,57,28,29,29,184,5.36957,3,8,962.405,2,57,57,114,123,123,123,1440,114,456
jovo-feature-scale-example,jovo-feature-scale-example,classification,jovo_t7,cuml,cuML SPORF,n_features,100000,5,2,1280706876,100000,100,2,2,10,47,47,7,51,25,26,26,184,4.8587,3,7,835.376,2,51,51,102,107,107,107,1264,102,408
jovo-feature-scale-example,jovo-feature-scale-example,classification,jovo_t7,cuml,cuML SPORF,n_features,100000,5,2,1280706876,100000,100,2,2,10,48,48,8,65,32,33,33,184,5.46196,3,8,924.318,2,65,65,130,157,157,157,1776,130,520
jovo-feature-scale-example,jovo-feature-scale-example,classification,jovo_t7,cuml,cuML SPORF,n_features,100000,5,2,1280706876,100000,100,2,2,10,49,49,9,57,28,29,29,184,5.19565,3,9,965.01,2,57,57,114,123,123,123,1440,114,456
jovo-feature-scale-example,jovo-feature-scale-example,classification,jovo_t7,cuml,cuML SPORF,n_features,100000,5,2,1280706876,100000,100,2,2,10,50,50,9,53,26,27,27,184,5.01087,3,9,1075.64,2,53,53,106,120,120,120,1384,106,424
jovo-feature-scale-example,jovo-feature-scale-example,classification,jovo_t7,cuml,cuML SPORF,n_features,100000,5,2,1280706876,100000,100,2,2,10,51,51,7,49,24,25,25,184,5.05978,3,7,870.346,2,49,49,98,114,114,114,1304,98,392
jovo-feature-scale-example,jovo-feature-scale-example,classification,jovo_t7,cuml,cuML SPORF,n_features,100000,5,2,1280706876,100000,100,2,2,10,52,52,9,51,25,26,26,184,5.17935,3,9,1168.81,2,51,51,102,112,112,112,1304,102,408
jovo-feature-scale-example,jovo-feature-scale-example,classification,jovo_t7,cuml,cuML SPORF,n_features,100000,5,2,1280706876,100000,100,2,2,10,53,53,8,51,25,26,26,184,4.84783,3,8,995.228,2,51,51,102,106,106,106,1256,102,408
jovo-feature-scale-example,jovo-feature-scale-example,classification,jovo_t7,cuml,cuML SPORF,n_features,100000,5,2,1280706876,100000,100,2,2,10,54,54,7,55,27,28,28,184,4.96739,4,7,912.417,2,55,55,110,125,125,125,1440,110,440
jovo-feature-scale-example,jovo-feature-scale-example,classification,jovo_t7,cuml,cuML SPORF,n_features,100000,5,2,1280706876,100000,100,2,2,10,55,55,10,57,28,29,29,184,5.11957,3,10,1222.27,2,57,57,114,148,148,148,1640,114,456
jovo-feature-scale-example,jovo-feature-scale-example,classification,jovo_t7,cuml,cuML SPORF,n_features,100000,5,2,1280706876,100000,100,2,2,10,56,56,9,57,28,29,29,184,5.05435,2,9,1054.87,2,57,57,114,144,144,144,1608,114,456
jovo-feature-scale-example,jovo-feature-scale-example,classification,jovo_t7,cuml,cuML SPORF,n_features,100000,5,2,1280706876,100000,100,2,2,10,57,57,7,57,28,29,29,184,5.09783,4,7,798.923,2,57,57,114,123,123,123,1440,114,456
jovo-feature-scale-example,jovo-feature-scale-example,classification,jovo_t7,cuml,cuML SPORF,n_features,100000,5,2,1280706876,100000,100,2,2,10,58,58,10,67,33,34,34,184,6.10326,2,10,1215.09,2,67,67,134,151,151,151,1744,134,536
jovo-feature-scale-example,jovo-feature-scale-example,classification,jovo_t7,cuml,cuML SPORF,n_features,100000,5,2,1280706876,100000,100,2,2,10,59,59,9,63,31,32,32,184,5.7663,3,9,1144.52,2,63,63,126,150,150,150,1704,126,504
jovo-feature-scale-example,jovo-feature-scale-example,classification,jovo_t7,cuml,cuML SPORF,n_features,100000,5,2,1280706876,100000,100,2,2,10,60,60,10,63,31,32,32,184,5.61413,3,10,1279.48,2,63,63,126,137,137,137,1600,126,504
jovo-feature-scale-example,jovo-feature-scale-example,classification,jovo_t7,cuml,cuML SPORF,n_features,100000,5,2,1280706876,100000,100,2,2,10,61,61,10,57,28,29,29,184,5.3587,2,10,1230.67,2,57,57,114,129,129,129,1488,114,456
jovo-feature-scale-example,jovo-feature-scale-example,classification,jovo_t7,cuml,cuML SPORF,n_features,100000,5,2,1280706876,100000,100,2,2,10,62,62,9,65,32,33,33,184,5.59239,3,9,866.637,2,65,65,130,146,146,146,1688,130,520
jovo-feature-scale-example,jovo-feature-scale-example,classification,jovo_t7,cuml,cuML SPORF,n_features,100000,5,2,1280706876,100000,100,2,2,10,63,63,8,77,38,39,39,184,5.69022,3,8,511.642,2,77,77,154,186,186,186,2104,154,616
jovo-feature-scale-example,jovo-feature-scale-example,classification,jovo_t7,cuml,cuML SPORF,n_features,100000,5,2,1280706876,100000,100,2,2,10,64,64,10,57,28,29,29,184,5.68478,3,10,848.598,2,57,57,114,147,147,147,1632,114,456
jovo-feature-scale-example,jovo-feature-scale-example,classification,jovo_t7,cuml,cuML SPORF,n_features,100000,5,2,1280706876,100000,100,2,2,10,65,65,10,67,33,34,34,184,5.88043,2,10,1127.75,2,67,67,134,143,143,143,1680,134,536
jovo-feature-scale-example,jovo-feature-scale-example,classification,jovo_t7,cuml,cuML SPORF,n_features,100000,5,2,1280706876,100000,100,2,2,10,66,66,9,63,31,32,32,184,5.25543,2,9,1033.95,2,63,63,126,154,154,154,1736,126,504
jovo-feature-scale-example,jovo-feature-scale-example,classification,jovo_t7,cuml,cuML SPORF,n_features,100000,5,2,1280706876,100000,100,2,2,10,67,67,9,55,27,28,28,184,5.15761,3,9,953.288,2,55,55,110,147,147,147,1616,110,440
jovo-feature-scale-example,jovo-feature-scale-example,classification,jovo_t7,cuml,cuML SPORF,n_features,100000,5,2,1280706876,100000,100,2,2,10,68,68,9,63,31,32,32,184,5.32065,3,9,1046.45,2,63,63,126,152,152,152,1720,126,504
jovo-feature-scale-example,jovo-feature-scale-example,classification,jovo_t7,cuml,cuML SPORF,n_features,100000,5,2,1280706876,100000,100,2,2,10,69,69,8,65,32,33,33,184,5.7337,2,8,838.036,2,65,65,130,152,152,152,1736,130,520
jovo-feature-scale-example,jovo-feature-scale-example,classification,jovo_t7,cuml,cuML SPORF,n_features,100000,5,2,1280706876,100000,100,2,2,10,70,70,7,63,31,32,32,184,5.16848,3,7,920.573,2,63,63,126,131,131,131,1552,126,504
jovo-feature-scale-example,jovo-feature-scale-example,classification,jovo_t7,cuml,cuML SPORF,n_features,100000,5,2,1280706876,100000,100,2,2,10,71,71,10,69,34,35,35,184,5.91304,3,10,1290.55,2,69,69,138,162,162,162,1848,138,552
jovo-feature-scale-example,jovo-feature-scale-example,classification,jovo_t7,cuml,cuML SPORF,n_features,100000,5,2,1280706876,100000,100,2,2,10,72,72,8,53,26,27,27,184,5.15217,3,8,1045.99,2,53,53,106,131,131,131,1472,106,424
jovo-feature-scale-example,jovo-feature-scale-example,classification,jovo_t7,cuml,cuML SPORF,n_features,100000,5,2,1280706876,100000,100,2,2,10,73,73,10,55,27,28,28,184,5.07609,3,10,1192.07,2,55,55,110,123,123,123,1424,110,440
jovo-feature-scale-example,jovo-feature-scale-example,classification,jovo_t7,cuml,cuML SPORF,n_features,100000,5,2,1280706876,100000,100,2,2,10,74,74,8,63,31,32,32,184,5.2663,3,8,833.247,2,63,63,126,127,127,127,1520,126,504
jovo-feature-scale-example,jovo-feature-scale-example,classification,jovo_t7,cuml,cuML SPORF,n_features,100000,5,2,1280706876,100000,100,2,2,10,75,75,8,61,30,31,31,184,5.82609,3,8,1029.32,2,61,61,122,158,158,158,1752,122,488
jovo-feature-scale-example,jovo-feature-scale-example,classification,jovo_t7,cuml,cuML SPORF,n_features,100000,5,2,1280706876,100000,100,2,2,10,76,76,8,65,32,33,33,184,5.39674,3,8,1058.3,2,65,65,130,152,152,152,1736,130,520
jovo-feature-scale-example,jovo-feature-scale-example,classification,jovo_t7,cuml,cuML SPORF,n_features,100000,5,2,1280706876,100000,100,2,2,10,77,77,8,53,26,27,27,184,4.93478,2,8,951.418,2,53,53,106,124,124,124,1416,106,424
jovo-feature-scale-example,jovo-feature-scale-example,classification,jovo_t7,cuml,cuML SPORF,n_features,100000,5,2,1280706876,100000,100,2,2,10,78,78,8,55,27,28,28,184,5.16304,2,8,1080.93,2,55,55,110,124,124,124,1432,110,440
jovo-feature-scale-example,jovo-feature-scale-example,classification,jovo_t7,cuml,cuML SPORF,n_features,100000,5,2,1280706876,100000,100,2,2,10,79,79,8,71,35,36,36,184,5.68478,3,8,916.341,2,71,71,142,167,167,167,1904,142,568
jovo-feature-scale-example,jovo-feature-scale-example,classification,jovo_t7,cuml,cuML SPORF,n_features,100000,5,2,1280706876,100000,100,2,2,10,80,80,9,63,31,32,32,184,6.13043,3,9,924.85,2,63,63,126,164,164,164,1816,126,504
jovo-feature-scale-example,jovo-feature-scale-example,classification,jovo_t7,cuml,cuML SPORF,n_features,100000,5,2,1280706876,100000,100,2,2,10,81,81,9,63,31,32,32,184,5.2663,3,9,833.45,2,63,63,126,154,154,154,1736,126,504
jovo-feature-scale-example,jovo-feature-scale-example,classification,jovo_t7,cuml,cuML SPORF,n_features,100000,5,2,1280706876,100000,100,2,2,10,82,82,9,57,28,29,29,184,5.10326,3,9,848.441,2,57,57,114,149,149,149,1648,114,456
jovo-feature-scale-example,jovo-feature-scale-example,classification,jovo_t7,cuml,cuML SPORF,n_features,100000,5,2,1280706876,100000,100,2,2,10,83,83,8,69,34,35,35,184,5.30435,3,8,971.677,2,69,69,138,146,146,146,1720,138,552
jovo-feature-scale-example,jovo-feature-scale-example,classification,jovo_t7,cuml,cuML SPORF,n_features,100000,5,2,1280706876,100000,100,2,2,10,84,84,10,53,26,27,27,184,5.2663,3,10,1125.18,2,53,53,106,106,106,106,1272,106,424
jovo-feature-scale-example,jovo-feature-scale-example,classification,jovo_t7,cuml,cuML SPORF,n_features,100000,5,2,1280706876,100000,100,2,2,10,85,85,7,57,28,29,29,184,5.15217,3,7,637.277,2,57,57,114,137,137,137,1552,114,456
jovo-feature-scale-example,jovo-feature-scale-example,classification,jovo_t7,cuml,cuML SPORF,n_features,100000,5,2,1280706876,100000,100,2,2,10,86,86,8,59,29,30,30,184,5.79348,3,8,617.274,2,59,59,118,136,136,136,1560,118,472
jovo-feature-scale-example,jovo-feature-scale-example,classification,jovo_t7,cuml,cuML SPORF,n_features,100000,5,2,1280706876,100000,100,2,2,10,87,87,7,55,27,28,28,184,4.86957,3,7,875.448,2,55,55,110,124,124,124,1432,110,440
jovo-feature-scale-example,jovo-feature-scale-example,classification,jovo_t7,cuml,cuML SPORF,n_features,100000,5,2,1280706876,100000,100,2,2,10,88,88,9,49,24,25,25,184,4.84783,2,9,1207.06,2,49,49,98,101,101,101,1200,98,392
jovo-feature-scale-example,jovo-feature-scale-example,classification,jovo_t7,cuml,cuML SPORF,n_features,100000,5,2,1280706876,100000,100,2,2,10,89,89,9,53,26,27,27,184,4.94565,3,9,1033.62,2,53,53,106,128,128,128,1448,106,424
jovo-feature-scale-example,jovo-feature-scale-example,classification,jovo_t7,cuml,cuML SPORF,n_features,100000,5,2,1280706876,100000,100,2,2,10,90,90,8,61,30,31,31,184,4.96739,3,8,931.909,2,61,61,122,137,137,137,1584,122,488
jovo-feature-scale-example,jovo-feature-scale-example,classification,jovo_t7,cuml,cuML SPORF,n_features,100000,5,2,1280706876,100000,100,2,2,10,91,91,7,57,28,29,29,184,5.26087,3,7,922.562,2,57,57,114,132,132,132,1512,114,456
jovo-feature-scale-example,jovo-feature-scale-example,classification,jovo_t7,cuml,cuML SPORF,n_features,100000,5,2,1280706876,100000,100,2,2,10,92,92,7,47,23,24,24,184,4.69565,3,7,806.6,2,47,47,94,117,117,117,1312,94,376
jovo-feature-scale-example,jovo-feature-scale-example,classification,jovo_t7,cuml,cuML SPORF,n_features,100000,5,2,1280706876,100000,100,2,2,10,93,93,9,59,29,30,30,184,5.09783,3,9,1174.54,2,59,59,118,129,129,129,1504,118,472
jovo-feature-scale-example,jovo-feature-scale-example,classification,jovo_t7,cuml,cuML SPORF,n_features,100000,5,2,1280706876,100000,100,2,2,10,94,94,8,61,30,31,31,184,5.36413,3,8,919.027,2,61,61,122,127,127,127,1504,122,488
jovo-feature-scale-example,jovo-feature-scale-example,classification,jovo_t7,cuml,cuML SPORF,n_features,100000,5,2,1280706876,100000,100,2,2,10,95,95,9,59,29,30,30,184,4.99457,2,9,1068.23,2,59,59,118,123,123,123,1456,118,472
jovo-feature-scale-example,jovo-feature-scale-example,classification,jovo_t7,cuml,cuML SPORF,n_features,100000,5,2,1280706876,100000,100,2,2,10,96,96,9,65,32,33,33,184,5.55435,3,9,949.229,2,65,65,130,137,137,137,1616,130,520
jovo-feature-scale-example,jovo-feature-scale-example,classification,jovo_t7,cuml,cuML SPORF,n_features,100000,5,2,1280706876,100000,100,2,2,10,97,97,8,65,32,33,33,184,5.30978,3,8,806.126,2,65,65,130,132,132,132,1576,130,520
jovo-feature-scale-example,jovo-feature-scale-example,classification,jovo_t7,cuml,cuML SPORF,n_features,100000,5,2,1280706876,100000,100,2,2,10,98,98,8,59,29,30,30,184,5.63587,3,8,961.484,2,59,59,118,131,131,131,1520,118,472
jovo-feature-scale-example,jovo-feature-scale-example,classification,jovo_t7,cuml,cuML SPORF,n_features,100000,5,2,1280706876,100000,100,2,2,10,99,99,8,65,32,33,33,184,5.53804,3,8,1047.82,2,65,65,130,155,155,155,1760,130,520
jovo-feature-scale-example,jovo-feature-scale-example,classification,jovo_t7,cuml,cuML SPORF,n_features,100000,5,3,1470347820,100000,100,2,2,10,0,0,10,65,32,33,33,184,5.69022,4,10,1425.03,2,65,65,130,139,139,139,1632,130,520
jovo-feature-scale-example,jovo-feature-scale-example,classification,jovo_t7,cuml,cuML SPORF,n_features,100000,5,3,1470347820,100000,100,2,2,10,1,1,9,57,28,29,29,184,5.02717,2,9,1186.38,2,57,57,114,147,147,147,1632,114,456
jovo-feature-scale-example,jovo-feature-scale-example,classification,jovo_t7,cuml,cuML SPORF,n_features,100000,5,3,1470347820,100000,100,2,2,10,2,2,8,65,32,33,33,184,5.22826,3,8,1032.73,2,65,65,130,146,146,146,1688,130,520
jovo-feature-scale-example,jovo-feature-scale-example,classification,jovo_t7,cuml,cuML SPORF,n_features,100000,5,3,1470347820,100000,100,2,2,10,3,3,9,59,29,30,30,184,4.84239,2,9,1043.07,2,59,59,118,138,138,138,1576,118,472
jovo-feature-scale-example,jovo-feature-scale-example,classification,jovo_t7,cuml,cuML SPORF,n_features,100000,5,3,1470347820,100000,100,2,2,10,4,4,8,65,32,33,33,184,6.16304,3,8,708.843,2,65,65,130,147,147,147,1696,130,520
jovo-feature-scale-example,jovo-feature-scale-example,classification,jovo_t7,cuml,cuML SPORF,n_features,100000,5,3,1470347820,100000,100,2,2,10,5,5,10,65,32,33,33,184,6.29348,2,10,1013.49,2,65,65,130,141,141,141,1648,130,520
jovo-feature-scale-example,jovo-feature-scale-example,classification,jovo_t7,cuml,cuML SPORF,n_features,100000,5,3,1470347820,100000,100,2,2,10,6,6,8,67,33,34,34,184,5.56522,3,8,747.639,2,67,67,134,135,135,135,1616,134,536
jovo-feature-scale-example,jovo-feature-scale-example,classification,jovo_t7,cuml,cuML SPORF,n_features,100000,5,3,1470347820,100000,100,2,2,10,7,7,8,67,33,34,34,184,5.15761,3,8,619.175,2,67,67,134,133,133,133,1600,134,536
jovo-feature-scale-example,jovo-feature-scale-example,classification,jovo_t7,cuml,cuML SPORF,n_features,100000,5,3,1470347820,100000,100,2,2,10,8,8,8,67,33,34,34,184,5.6087,3,8,746.862,2,67,67,134,163,163,163,1840,134,536
jovo-feature-scale-example,jovo-feature-scale-example,classification,jovo_t7,cuml,cuML SPORF,n_features,100000,5,3,1470347820,100000,100,2,2,10,9,9,9,55,27,28,28,184,5.11413,3,9,988.763,2,55,55,110,126,126,126,1448,110,440
jovo-feature-scale-example,jovo-feature-scale-example,classification,jovo_t7,cuml,cuML SPORF,n_features,100000,5,3,1470347820,100000,100,2,2,10,10,10,8,57,28,29,29,184,5,3,8,738.242,2,57,57,114,141,141,141,1584,114,456
jovo-feature-scale-example,jovo-feature-scale-example,classification,jovo_t7,cuml,cuML SPORF,n_features,100000,5,3,1470347820,100000,100,2,2,10,11,11,8,55,27,28,28,184,4.85326,3,8,838.314,2,55,55,110,139,139,139,1552,110,440
jovo-feature-scale-example,jovo-feature-scale-example,classification,jovo_t7,cuml,cuML SPORF,n_features,100000,5,3,1470347820,100000,100,2,2,10,12,12,7,59,29,30,30,184,4.81522,3,7,853.543,2,59,59,118,131,131,131,1520,118,472
jovo-feature-scale-example,jovo-feature-scale-example,classification,jovo_t7,cuml,cuML SPORF,n_features,100000,5,3,1470347820,100000,100,2,2,10,13,13,8,61,30,31,31,184,5.35326,3,8,1068.8,2,61,61,122,143,143,143,1632,122,488
jovo-feature-scale-example,jovo-feature-scale-example,classification,jovo_t7,cuml,cuML SPORF,n_features,100000,5,3,1470347820,100000,100,2,2,10,14,14,8,63,31,32,32,184,4.95652,4,8,935.436,2,63,63,126,140,140,140,1624,126,504
jovo-feature-scale-example,jovo-feature-scale-example,classification,jovo_t7,cuml,cuML SPORF,n_features,100000,5,3,1470347820,100000,100,2,2,10,15,15,9,69,34,35,35,184,5.39674,3,9,1044.79,2,69,69,138,139,139,139,1664,138,552
jovo-feature-scale-example,jovo-feature-scale-example,classification,jovo_t7,cuml,cuML SPORF,n_features,100000,5,3,1470347820,100000,100,2,2,10,16,16,7,55,27,28,28,184,4.97826,3,7,965.936,2,55,55,110,154,154,154,1672,110,440
jovo-feature-scale-example,jovo-feature-scale-example,classification,jovo_t7,cuml,cuML SPORF,n_features,100000,5,3,1470347820,100000,100,2,2,10,17,17,9,61,30,31,31,184,5.28261,2,9,1051.57,2,61,61,122,161,161,161,1776,122,488
jovo-feature-scale-example,jovo-feature-scale-example,classification,jovo_t7,cuml,cuML SPORF,n_features,100000,5,3,1470347820,100000,100,2,2,10,18,18,7,59,29,30,30,184,5.10326,3,7,954.649,2,59,59,118,130,130,130,1512,118,472
jovo-feature-scale-example,jovo-feature-scale-example,classification,jovo_t7,cuml,cuML SPORF,n_features,100000,5,3,1470347820,100000,100,2,2,10,19,19,8,51,25,26,26,184,4.79348,3,8,1049.94,2,51,51,102,115,115,115,1328,102,408
jovo-feature-scale-example,jovo-feature-scale-example,classification,jovo_t7,cuml,cuML SPORF,n_features,100000,5,3,1470347820,100000,100,2,2,10,20,20,9,55,27,28,28,184,5.36413,3,9,1156,2,55,55,110,134,134,134,1512,110,440
jovo-feature-scale-example,jovo-feature-scale-example,classification,jovo_t7,cuml,cuML SPORF,n_features,100000,5,3,1470347820,100000,100,2,2,10,21,21,7,57,28,29,29,184,5.32065,3,7,910.608,2,57,57,114,121,121,121,1424,114,456
jovo-feature-scale-example,jovo-feature-scale-example,classification,jovo_t7,cuml,cuML SPORF,n_features,100000,5,3,1470347820,100000,100,2,2,10,22,22,10,57,28,29,29,184,5.38587,3,10,1265.03,2,57,57,114,112,112,112,1352,114,456
jovo-feature-scale-example,jovo-feature-scale-example,classification,jovo_t7,cuml,cuML SPORF,n_features,100000,5,3,1470347820,100000,100,2,2,10,23,23,9,69,34,35,35,184,5.42935,3,9,734,2,69,69,138,181,181,181,2000,138,552
jovo-feature-scale-example,jovo-feature-scale-example,classification,jovo_t7,cuml,cuML SPORF,n_features,100000,5,3,1470347820,100000,100,2,2,10,24,24,7,57,28,29,29,184,5.16304,3,7,828.171,2,57,57,114,131,131,131,1504,114,456
jovo-feature-scale-example,jovo-feature-scale-example,classification,jovo_t7,cuml,cuML SPORF,n_features,100000,5,3,1470347820,100000,100,2,2,10,25,25,8,63,31,32,32,184,5.3913,3,8,964.687,2,63,63,126,159,159,159,1776,126,504
jovo-feature-scale-example,jovo-feature-scale-example,classification,jovo_t7,cuml,cuML SPORF,n_features,100000,5,3,1470347820,100000,100,2,2,10,26,26,8,61,30,31,31,184,5.3587,2,8,744.526,2,61,61,122,149,149,149,1680,122,488
jovo-feature-scale-example,jovo-feature-scale-example,classification,jovo_t7,cuml,cuML SPORF,n_features,100000,5,3,1470347820,100000,100,2,2,10,27,27,8,69,34,35,35,184,5.72283,3,8,947.561,2,69,69,138,148,148,148,1736,138,552
jovo-feature-scale-example,jovo-feature-scale-example,classification,jovo_t7,cuml,cuML SPORF,n_features,100000,5,3,1470347820,100000,100,2,2,10,28,28,10,67,33,34,34,184,6.09783,3,10,1081.39,2,67,67,134,168,168,168,1880,134,536
jovo-feature-scale-example,jovo-feature-scale-example,classification,jovo_t7,cuml,cuML SPORF,n_features,100000,5,3,1470347820,100000,100,2,2,10,29,29,8,55,27,28,28,184,5.14674,2,8,746.391,2,55,55,110,120,120,120,1400,110,440
jovo-feature-scale-example,jovo-feature-scale-example,classification,jovo_t7,cuml,cuML SPORF,n_features,100000,5,3,1470347820,100000,100,2,2,10,30,30,7,51,25,26,26,184,4.77174,3,7,983.102,2,51,51,102,127,127,127,1424,102,408
jovo-feature-scale-example,jovo-feature-scale-example,classification,jovo_t7,cuml,cuML SPORF,n_features,100000,5,3,1470347820,100000,100,2,2,10,31,31,7,55,27,28,28,184,5.01087,3,7,943.905,2,55,55,110,137,137,137,1536,110,440
jovo-feature-scale-example,jovo-feature-scale-example,classification,jovo_t7,cuml,cuML SPORF,n_features,100000,5,3,1470347820,100000,100,2,2,10,32,32,7,55,27,28,28,184,4.76087,3,7,920.178,2,55,55,110,142,142,142,1576,110,440
jovo-feature-scale-example,jovo-feature-scale-example,classification,jovo_t7,cuml,cuML SPORF,n_features,100000,5,3,1470347820,100000,100,2,2,10,33,33,7,61,30,31,31,184,5.35326,3,7,825.381,2,61,61,122,138,138,138,1592,122,488
jovo-feature-scale-example,jovo-feature-scale-example,classification,jovo_t7,cuml,cuML SPORF,n_features,100000,5,3,1470347820,100000,100,2,2,10,34,34,9,63,31,32,32,184,5.17391,2,9,1107.01,2,63,63,126,156,156,156,1752,126,504
jovo-feature-scale-example,jovo-feature-scale-example,classification,jovo_t7,cuml,cuML SPORF,n_features,100000,5,3,1470347820,100000,100,2,2,10,35,35,7,57,28,29,29,184,4.74457,4,7,813.148,2,57,57,114,141,141,141,1584,114,456
jovo-feature-scale-example,jovo-feature-scale-example,classification,jovo_t7,cuml,cuML SPORF,n_features,100000,5,3,1470347820,100000,100,2,2,10,36,36,10,75,37,38,38,184,5.75543,3,10,1081.32,2,75,75,150,165,165,165,1920,150,600
jovo-feature-scale-example,jovo-feature-scale-example,classification,jovo_t7,cuml,cuML SPORF,n_features,100000,5,3,1470347820,100000,100,2,2,10,37,37,7,47,23,24,24,184,4.84239,3,7,919.332,2,47,47,94,102,102,102,1192,94,376
jovo-feature-scale-example,jovo-feature-scale-example,classification,jovo_t7,cuml,cuML SPORF,n_features,100000,5,3,1470347820,100000,100,2,2,10,38,38,8,69,34,35,35,184,5.27174,3,8,1045.76,2,69,69,138,160,160,160,1832,138,552
jovo-feature-scale-example,jovo-feature-scale-example,classification,jovo_t7,cuml,cuML SPORF,n_features,100000,5,3,1470347820,100000,100,2,2,10,39,39,8,65,32,33,33,184,5.53804,3,8,925.407,2,65,65,130,139,139,139,1632,130,520
jovo-feature-scale-example,jovo-feature-scale-example,classification,jovo_t7,cuml,cuML SPORF,n_features,100000,5,3,1470347820,100000,100,2,2,10,40,40,8,57,28,29,29,184,5.40761,3,8,1041.96,2,57,57,114,137,137,137,1552,114,456
jovo-feature-scale-example,jovo-feature-scale-example,classification,jovo_t7,cuml,cuML SPORF,n_features,100000,5,3,1470347820,100000,100,2,2,10,41,41,9,59,29,30,30,184,5.0163,3,9,1035.09,2,59,59,118,121,121,121,1440,118,472
jovo-feature-scale-example,jovo-feature-scale-example,classification,jovo_t7,cuml,cuML SPORF,n_features,100000,5,3,1470347820,100000,100,2,2,10,42,42,8,53,26,27,27,184,5.08696,3,8,881.276,2,53,53,106,125,125,125,1424,106,424
jovo-feature-scale-example,jovo-feature-scale-example,classification,jovo_t7,cuml,cuML SPORF,n_features,100000,5,3,1470347820,100000,100,2,2,10,43,43,9,55,27,28,28,184,5.07065,3,9,1224.42,2,55,55,110,117,117,117,1376,110,440
jovo-feature-scale-example,jovo-feature-scale-example,classification,jovo_t7,cuml,cuML SPORF,n_features,100000,5,3,1470347820,100000,100,2,2,10,44,44,8,53,26,27,27,184,5.04891,3,8,850.064,2,53,53,106,123,123,123,1408,106,424
jovo-feature-scale-example,jovo-feature-scale-example,classification,jovo_t7,cuml,cuML SPORF,n_features,100000,5,3,1470347820,100000,100,2,2,10,45,45,8,61,30,31,31,184,5.50543,2,8,745.179,2,61,61,122,144,144,144,1640,122,488
jovo-feature-scale-example,jovo-feature-scale-example,classification,jovo_t7,cuml,cuML SPORF,n_features,100000,5,3,1470347820,100000,100,2,2,10,46,46,9,65,32,33,33,184,5.80978,3,9,809.829,2,65,65,130,149,149,149,1712,130,520
jovo-feature-scale-example,jovo-feature-scale-example,classification,jovo_t7,cuml,cuML SPORF,n_features,100000,5,3,1470347820,100000,100,2,2,10,47,47,8,57,28,29,29,184,4.875,3,8,1044.58,2,57,57,114,113,113,113,1360,114,456
jovo-feature-scale-example,jovo-feature-scale-example,classification,jovo_t7,cuml,cuML SPORF,n_features,100000,5,3,1470347820,100000,100,2,2,10,48,48,8,57,28,29,29,184,5.00543,2,8,641.4,2,57,57,114,139,139,139,1568,114,456
jovo-feature-scale-example,jovo-feature-scale-example,classification,jovo_t7,cuml,cuML SPORF,n_features,100000,5,3,1470347820,100000,100,2,2,10,49,49,7,51,25,26,26,184,5.22283,3,7,487.608,2,51,51,102,118,118,118,1352,102,408
jovo-feature-scale-example,jovo-feature-scale-example,classification,jovo_t7,cuml,cuML SPORF,n_features,100000,5,3,1470347820,100000,100,2,2,10,50,50,8,59,29,30,30,184,4.80978,3,8,1058.88,2,59,59,118,119,119,119,1424,118,472
jovo-feature-scale-example,jovo-feature-scale-example,classification,jovo_t7,cuml,cuML SPORF,n_features,100000,5,3,1470347820,100000,100,2,2,10,51,51,9,59,29,30,30,184,5.40217,2,9,1099.78,2,59,59,118,147,147,147,1648,118,472
jovo-feature-scale-example,jovo-feature-scale-example,classification,jovo_t7,cuml,cuML SPORF,n_features,100000,5,3,1470347820,100000,100,2,2,10,52,52,9,65,32,33,33,184,5.44565,3,9,1031.72,2,65,65,130,144,144,144,1672,130,520
jovo-feature-scale-example,jovo-feature-scale-example,classification,jovo_t7,cuml,cuML SPORF,n_features,100000,5,3,1470347820,100000,100,2,2,10,53,53,8,63,31,32,32,184,5.31522,3,8,922.37,2,63,63,126,144,144,144,1656,126,504
jovo-feature-scale-example,jovo-feature-scale-example,classification,jovo_t7,cuml,cuML SPORF,n_features,100000,5,3,1470347820,100000,100,2,2,10,54,54,8,63,31,32,32,184,5.6413,3,8,792.527,2,63,63,126,139,139,139,1616,126,504
jovo-feature-scale-example,jovo-feature-scale-example,classification,jovo_t7,cuml,cuML SPORF,n_features,100000,5,3,1470347820,100000,100,2,2,10,55,55,9,57,28,29,29,184,5.66848,3,9,862.05,2,57,57,114,135,135,135,1536,114,456
jovo-feature-scale-example,jovo-feature-scale-example,classification,jovo_t7,cuml,cuML SPORF,n_features,100000,5,3,1470347820,100000,100,2,2,10,56,56,8,51,25,26,26,184,5.31522,3,8,763.877,2,51,51,102,111,111,111,1296,102,408
jovo-feature-scale-example,jovo-feature-scale-example,classification,jovo_t7,cuml,cuML SPORF,n_features,100000,5,3,1470347820,100000,100,2,2,10,57,57,8,63,31,32,32,184,5.52174,3,8,625.876,2,63,63,126,140,140,140,1624,126,504
jovo-feature-scale-example,jovo-feature-scale-example,classification,jovo_t7,cuml,cuML SPORF,n_features,100000,5,3,1470347820,100000,100,2,2,10,58,58,9,59,29,30,30,184,5.08696,3,9,733.723,2,59,59,118,127,127,127,1488,118,472
jovo-feature-scale-example,jovo-feature-scale-example,classification,jovo_t7,cuml,cuML SPORF,n_features,100000,5,3,1470347820,100000,100,2,2,10,59,59,8,65,32,33,33,184,5.3587,2,8,753.55,2,65,65,130,147,147,147,1696,130,520
jovo-feature-scale-example,jovo-feature-scale-example,classification,jovo_t7,cuml,cuML SPORF,n_features,100000,5,3,1470347820,100000,100,2,2,10,60,60,8,61,30,31,31,184,4.78261,3,8,753.137,2,61,61,122,129,129,129,1520,122,488
jovo-feature-scale-example,jovo-feature-scale-example,classification,jovo_t7,cuml,cuML SPORF,n_features,100000,5,3,1470347820,100000,100,2,2,10,61,61,8,63,31,32,32,184,5.36957,3,8,729.284,2,63,63,126,128,128,128,1528,126,504
jovo-feature-scale-example,jovo-feature-scale-example,classification,jovo_t7,cuml,cuML SPORF,n_features,100000,5,3,1470347820,100000,100,2,2,10,62,62,8,63,31,32,32,184,5.0163,3,8,618.958,2,63,63,126,139,139,139,1616,126,504
jovo-feature-scale-example,jovo-feature-scale-example,classification,jovo_t7,cuml,cuML SPORF,n_features,100000,5,3,1470347820,100000,100,2,2,10,63,63,8,75,37,38,38,184,5.93478,2,8,849.118,2,75,75,150,169,169,169,1952,150,600
jovo-feature-scale-example,jovo-feature-scale-example,classification,jovo_t7,cuml,cuML SPORF,n_features,100000,5,3,1470347820,100000,100,2,2,10,64,64,9,53,26,27,27,184,4.55978,2,9,1078.83,2,53,53,106,115,115,115,1344,106,424
jovo-feature-scale-example,jovo-feature-scale-example,classification,jovo_t7,cuml,cuML SPORF,n_features,100000,5,3,1470347820,100000,100,2,2,10,65,65,8,69,34,35,35,184,5.82065,3,8,922.862,2,69,69,138,161,161,161,1840,138,552
jovo-feature-scale-example,jovo-feature-scale-example,classification,jovo_t7,cuml,cuML SPORF,n_features,100000,5,3,1470347820,100000,100,2,2,10,66,66,8,67,33,34,34,184,5.90761,3,8,822.561,2,67,67,134,129,129,129,1568,134,536
jovo-feature-scale-example,jovo-feature-scale-example,classification,jovo_t7,cuml,cuML SPORF,n_features,100000,5,3,1470347820,100000,100,2,2,10,67,67,9,55,27,28,28,184,5.44565,3,9,1071.13,2,55,55,110,127,127,127,1456,110,440
jovo-feature-scale-example,jovo-feature-scale-example,classification,jovo_t7,cuml,cuML SPORF,n_features,100000,5,3,1470347820,100000,100,2,2,10,68,68,8,67,33,34,34,184,5.59783,2,8,938.714,2,67,67,134,154,154,154,1768,134,536
jovo-feature-scale-example,jovo-feature-scale-example,classification,jovo_t7,cuml,cuML SPORF,n_features,100000,5,3,1470347820,100000,100,2,2,10,69,69,9,57,28,29,29,184,5.27174,3,9,1066.26,2,57,57,114,115,115,115,1376,114,456
jovo-feature-scale-example,jovo-feature-scale-example,classification,jovo_t7,cuml,cuML SPORF,n_features,100000,5,3,1470347820,100000,100,2,2,10,70,70,8,59,29,30,30,184,5.31522,2,8,1040.82,2,59,59,118,136,136,136,1560,118,472
jovo-feature-scale-example,jovo-feature-scale-example,classification,jovo_t7,cuml,cuML SPORF,n_features,100000,5,3,1470347820,100000,100,2,2,10,71,71,9,59,29,30,30,184,5.73913,2,9,1048.12,2,59,59,118,141,141,141,1600,118,472
jovo-feature-scale-example,jovo-feature-scale-example,classification,jovo_t7,cuml,cuML SPORF,n_features,100000,5,3,1470347820,100000,100,2,2,10,72,72,8,55,27,28,28,184,5.18478,3,8,1041.78,2,55,55,110,126,126,126,1448,110,440
jovo-feature-scale-example,jovo-feature-scale-example,classification,jovo_t7,cuml,cuML SPORF,n_features,100000,5,3,1470347820,100000,100,2,2,10,73,73,8,63,31,32,32,184,5.03261,3,8,905.459,2,63,63,126,153,153,153,1728,126,504
jovo-feature-scale-example,jovo-feature-scale-example,classification,jovo_t7,cuml,cuML SPORF,n_features,100000,5,3,1470347820,100000,100,2,2,10,74,74,7,61,30,31,31,184,5.41848,2,7,814.973,2,61,61,122,124,124,124,1480,122,488
jovo-feature-scale-example,jovo-feature-scale-example,classification,jovo_t7,cuml,cuML SPORF,n_features,100000,5,3,1470347820,100000,100,2,2,10,75,75,7,53,26,27,27,184,4.92391,3,7,488.421,2,53,53,106,128,128,128,1448,106,424
jovo-feature-scale-example,jovo-feature-scale-example,classification,jovo_t7,cuml,cuML SPORF,n_features,100000,5,3,1470347820,100000,100,2,2,10,76,76,8,63,31,32,32,184,5.375,3,8,848.679,2,63,63,126,148,148,148,1688,126,504
jovo-feature-scale-example,jovo-feature-scale-example,classification,jovo_t7,cuml,cuML SPORF,n_features,100000,5,3,1470347820,100000,100,2,2,10,77,77,11,61,30,31,31,184,5.39674,3,11,1302.59,2,61,61,122,132,132,132,1544,122,488
jovo-feature-scale-example,jovo-feature-scale-example,classification,jovo_t7,cuml,cuML SPORF,n_features,100000,5,3,1470347820,100000,100,2,2,10,78,78,10,55,27,28,28,184,5.45652,3,10,990.97,2,55,55,110,108,108,108,1304,110,440
jovo-feature-scale-example,jovo-feature-scale-example,classification,jovo_t7,cuml,cuML SPORF,n_features,100000,5,3,1470347820,100000,100,2,2,10,79,79,9,57,28,29,29,184,4.92935,2,9,962.378,2,57,57,114,130,130,130,1496,114,456
jovo-feature-scale-example,jovo-feature-scale-example,classification,jovo_t7,cuml,cuML SPORF,n_features,100000,5,3,1470347820,100000,100,2,2,10,80,80,8,59,29,30,30,184,4.7337,3,8,820.205,2,59,59,118,125,125,125,1472,118,472
jovo-feature-scale-example,jovo-feature-scale-example,classification,jovo_t7,cuml,cuML SPORF,n_features,100000,5,3,1470347820,100000,100,2,2,10,81,81,9,63,31,32,32,184,5.70652,2,9,883.92,2,63,63,126,155,155,155,1744,126,504
jovo-feature-scale-example,jovo-feature-scale-example,classification,jovo_t7,cuml,cuML SPORF,n_features,100000,5,3,1470347820,100000,100,2,2,10,82,82,10,53,26,27,27,184,5.2663,2,10,1219.85,2,53,53,106,118,118,118,1368,106,424
jovo-feature-scale-example,jovo-feature-scale-example,classification,jovo_t7,cuml,cuML SPORF,n_features,100000,5,3,1470347820,100000,100,2,2,10,83,83,9,57,28,29,29,184,4.94565,3,9,1162.1,2,57,57,114,107,107,107,1312,114,456
jovo-feature-scale-example,jovo-feature-scale-example,classification,jovo_t7,cuml,cuML SPORF,n_features,100000,5,3,1470347820,100000,100,2,2,10,84,84,8,55,27,28,28,184,5.02174,3,8,824.936,2,55,55,110,129,129,129,1472,110,440
jovo-feature-scale-example,jovo-feature-scale-example,classification,jovo_t7,cuml,cuML SPORF,n_features,100000,5,3,1470347820,100000,100,2,2,10,85,85,8,53,26,27,27,184,4.86957,3,8,944.066,2,53,53,106,111,111,111,1312,106,424
jovo-feature-scale-example,jovo-feature-scale-example,classification,jovo_t7,cuml,cuML SPORF,n_features,100000,5,3,1470347820,100000,100,2,2,10,86,86,9,51,25,26,26,184,5.16848,3,9,1060.24,2,51,51,102,131,131,131,1456,102,408
jovo-feature-scale-example,jovo-feature-scale-example,classification,jovo_t7,cuml,cuML SPORF,n_features,100000,5,3,1470347820,100000,100,2,2,10,87,87,8,57,28,29,29,184,5.19022,3,8,739.313,2,57,57,114,135,135,135,1536,114,456
jovo-feature-scale-example,jovo-feature-scale-example,classification,jovo_t7,cuml,cuML SPORF,n_features,100000,5,3,1470347820,100000,100,2,2,10,88,88,7,51,25,26,26,184,5.15761,3,7,928.59,2,51,51,102,112,112,112,1304,102,408
jovo-feature-scale-example,jovo-feature-scale-example,classification,jovo_t7,cuml,cuML SPORF,n_features,100000,5,3,1470347820,100000,100,2,2,10,89,89,9,61,30,31,31,184,5.54348,3,9,1043.17,2,61,61,122,133,133,133,1552,122,488
jovo-feature-scale-example,jovo-feature-scale-example,classification,jovo_t7,cuml,cuML SPORF,n_features,100000,5,3,1470347820,100000,100,2,2,10,90,90,7,51,25,26,26,184,4.92935,2,7,923.347,2,51,51,102,99,99,99,1200,102,408
jovo-feature-scale-example,jovo-feature-scale-example,classification,jovo_t7,cuml,cuML SPORF,n_features,100000,5,3,1470347820,100000,100,2,2,10,91,91,8,63,31,32,32,184,5.42935,3,8,925.556,2,63,63,126,152,152,152,1720,126,504
jovo-feature-scale-example,jovo-feature-scale-example,classification,jovo_t7,cuml,cuML SPORF,n_features,100000,5,3,1470347820,100000,100,2,2,10,92,92,7,55,27,28,28,184,5.41848,3,7,922.78,2,55,55,110,133,133,133,1504,110,440
jovo-feature-scale-example,jovo-feature-scale-example,classification,jovo_t7,cuml,cuML SPORF,n_features,100000,5,3,1470347820,100000,100,2,2,10,93,93,8,57,28,29,29,184,5.15217,3,8,941.725,2,57,57,114,142,142,142,1592,114,456
jovo-feature-scale-example,jovo-feature-scale-example,classification,jovo_t7,cuml,cuML SPORF,n_features,100000,5,3,1470347820,100000,100,2,2,10,94,94,8,63,31,32,32,184,5.31522,3,8,878.814,2,63,63,126,136,136,136,1592,126,504
jovo-feature-scale-example,jovo-feature-scale-example,classification,jovo_t7,cuml,cuML SPORF,n_features,100000,5,3,1470347820,100000,100,2,2,10,95,95,9,61,30,31,31,184,5.25,2,9,1223.67,2,61,61,122,131,131,131,1536,122,488
jovo-feature-scale-example,jovo-feature-scale-example,classification,jovo_t7,cuml,cuML SPORF,n_features,100000,5,3,1470347820,100000,100,2,2,10,96,96,9,59,29,30,30,184,5.28804,3,9,975.576,2,59,59,118,132,132,132,1528,118,472
jovo-feature-scale-example,jovo-feature-scale-example,classification,jovo_t7,cuml,cuML SPORF,n_features,100000,5,3,1470347820,100000,100,2,2,10,97,97,8,55,27,28,28,184,5.10326,3,8,721.475,2,55,55,110,124,124,124,1432,110,440
jovo-feature-scale-example,jovo-feature-scale-example,classification,jovo_t7,cuml,cuML SPORF,n_features,100000,5,3,1470347820,100000,100,2,2,10,98,98,7,63,31,32,32,184,5.21739,3,7,802.443,2,63,63,126,153,153,153,1728,126,504
jovo-feature-scale-example,jovo-feature-scale-example,classification,jovo_t7,cuml,cuML SPORF,n_features,100000,5,3,1470347820,100000,100,2,2,10,99,99,9,57,28,29,29,184,5.30435,3,9,1084.46,2,57,57,114,142,142,142,1592,114,456
jovo-feature-scale-example,jovo-feature-scale-example,classification,jovo_t7,cuml,cuML SPORF,n_features,200000,6,1,1672937952,200000,100,1,2,10,0,0,9,65,32,33,33,184,5.70652,3,9,1456.78,2,65,65,130,145,145,145,1680,130,520
jovo-feature-scale-example,jovo-feature-scale-example,classification,jovo_t7,cuml,cuML SPORF,n_features,200000,6,1,1672937952,200000,100,1,2,10,1,1,8,63,31,32,32,184,5.29891,2,8,978.575,2,63,63,126,130,130,130,1544,126,504
jovo-feature-scale-example,jovo-feature-scale-example,classification,jovo_t7,cuml,cuML SPORF,n_features,200000,6,1,1672937952,200000,100,1,2,10,2,2,10,67,33,34,34,184,5.65217,3,10,1682.98,2,67,67,134,155,155,155,1776,134,536
jovo-feature-scale-example,jovo-feature-scale-example,classification,jovo_t7,cuml,cuML SPORF,n_features,200000,6,1,1672937952,200000,100,1,2,10,3,3,7,65,32,33,33,184,4.89674,2,7,974.043,2,65,65,130,166,166,166,1848,130,520
jovo-feature-scale-example,jovo-feature-scale-example,classification,jovo_t7,cuml,cuML SPORF,n_features,200000,6,1,1672937952,200000,100,1,2,10,4,4,8,61,30,31,31,184,5.15761,3,8,949.862,2,61,61,122,134,134,134,1560,122,488
jovo-feature-scale-example,jovo-feature-scale-example,classification,jovo_t7,cuml,cuML SPORF,n_features,200000,6,1,1672937952,200000,100,1,2,10,5,5,9,63,31,32,32,184,6.08152,2,9,1457.52,2,63,63,126,156,156,156,1752,126,504
jovo-feature-scale-example,jovo-feature-scale-example,classification,jovo_t7,cuml,cuML SPORF,n_features,200000,6,1,1672937952,200000,100,1,2,10,6,6,10,57,28,29,29,184,5.32065,3,10,1631.1,2,57,57,114,123,123,123,1440,114,456
jovo-feature-scale-example,jovo-feature-scale-example,classification,jovo_t7,cuml,cuML SPORF,n_features,200000,6,1,1672937952,200000,100,1,2,10,7,7,7,55,27,28,28,184,4.89674,3,7,946.759,2,55,55,110,129,129,129,1472,110,440
jovo-feature-scale-example,jovo-feature-scale-example,classification,jovo_t7,cuml,cuML SPORF,n_features,200000,6,1,1672937952,200000,100,1,2,10,8,8,7,57,28,29,29,184,4.99457,2,7,1218.38,2,57,57,114,141,141,141,1584,114,456
jovo-feature-scale-example,jovo-feature-scale-example,classification,jovo_t7,cuml,cuML SPORF,n_features,200000,6,1,1672937952,200000,100,1,2,10,9,9,6,53,26,27,27,184,4.85326,4,6,961.674,2,53,53,106,108,108,108,1288,106,424
jovo-feature-scale-example,jovo-feature-scale-example,classification,jovo_t7,cuml,cuML SPORF,n_features,200000,6,1,1672937952,200000,100,1,2,10,10,10,10,59,29,30,30,184,5.36957,2,10,1684.55,2,59,59,118,148,148,148,1656,118,472
jovo-feature-scale-example,jovo-feature-scale-example,classification,jovo_t7,cuml,cuML SPORF,n_features,200000,6,1,1672937952,200000,100,1,2,10,11,11,7,57,28,29,29,184,4.8913,3,7,944.489,2,57,57,114,125,125,125,1456,114,456
jovo-feature-scale-example,jovo-feature-scale-example,classification,jovo_t7,cuml,cuML SPORF,n_features,200000,6,1,1672937952,200000,100,1,2,10,12,12,7,53,26,27,27,184,4.92935,3,7,971.36,2,53,53,106,113,113,113,1328,106,424
jovo-feature-scale-example,jovo-feature-scale-example,classification,jovo_t7,cuml,cuML SPORF,n_features,200000,6,1,1672937952,200000,100,1,2,10,13,13,6,49,24,25,25,184,4.79348,4,6,966.191,2,49,49,98,126,126,126,1400,98,392
jovo-feature-scale-example,jovo-feature-scale-example,classification,jovo_t7,cuml,cuML SPORF,n_features,200000,6,1,1672937952,200000,100,1,2,10,14,14,8,51,25,26,26,184,4.88043,3,8,1189.96,2,51,51,102,122,122,122,1384,102,408
jovo-feature-scale-example,jovo-feature-scale-example,classification,jovo_t7,cuml,cuML SPORF,n_features,200000,6,1,1672937952,200000,100,1,2,10,15,15,9,67,33,34,34,184,5.47283,3,9,1193.39,2,67,67,134,168,168,168,1880,134,536
jovo-feature-scale-example,jovo-feature-scale-example,classification,jovo_t7,cuml,cuML SPORF,n_features,200000,6,1,1672937952,200000,100,1,2,10,16,16,7,51,25,26,26,184,5.04348,3,7,722.729,2,51,51,102,117,117,117,1344,102,408
jovo-feature-scale-example,jovo-feature-scale-example,classification,jovo_t7,cuml,cuML SPORF,n_features,200000,6,1,1672937952,200000,100,1,2,10,17,17,9,75,37,38,38,184,5.64674,3,9,1184.84,2,75,75,150,184,184,184,2072,150,600
jovo-feature-scale-example,jovo-feature-scale-example,classification,jovo_t7,cuml,cuML SPORF,n_features,200000,6,1,1672937952,200000,100,1,2,10,18,18,7,53,26,27,27,184,5.00543,3,7,947.035,2,53,53,106,127,127,127,1440,106,424
jovo-feature-scale-example,jovo-feature-scale-example,classification,jovo_t7,cuml,cuML SPORF,n_features,200000,6,1,1672937952,200000,100,1,2,10,19,19,9,59,29,30,30,184,5.40761,2,9,1677.24,2,59,59,118,131,131,131,1520,118,472
jovo-feature-scale-example,jovo-feature-scale-example,classification,jovo_t7,cuml,cuML SPORF,n_features,200000,6,1,1672937952,200000,100,1,2,10,20,20,9,53,26,27,27,184,5.73913,3,9,1965.14,2,53,53,106,110,110,110,1304,106,424
jovo-feature-scale-example,jovo-feature-scale-example,classification,jovo_t7,cuml,cuML SPORF,n_features,200000,6,1,1672937952,200000,100,1,2,10,21,21,9,53,26,27,27,184,4.80435,4,9,1651.43,2,53,53,106,129,129,129,1456,106,424
jovo-feature-scale-example,jovo-feature-scale-example,classification,jovo_t7,cuml,cuML SPORF,n_features,200000,6,1,1672937952,200000,100,1,2,10,22,22,8,65,32,33,33,184,5.26087,3,8,953.73,2,65,65,130,146,146,146,1688,130,520
jovo-feature-scale-example,jovo-feature-scale-example,classification,jovo_t7,cuml,cuML SPORF,n_features,200000,6,1,1672937952,200000,100,1,2,10,23,23,9,63,31,32,32,184,5.67935,3,9,1219.23,2,63,63,126,138,138,138,1608,126,504
jovo-feature-scale-example,jovo-feature-scale-example,classification,jovo_t7,cuml,cuML SPORF,n_features,200000,6,1,1672937952,200000,100,1,2,10,24,24,8,59,29,30,30,184,5.14674,3,8,1199.02,2,59,59,118,152,152,152,1688,118,472
jovo-feature-scale-example,jovo-feature-scale-example,classification,jovo_t7,cuml,cuML SPORF,n_features,200000,6,1,1672937952,200000,100,1,2,10,25,25,7,59,29,30,30,184,4.55978,3,7,960.064,2,59,59,118,133,133,133,1536,118,472
jovo-feature-scale-example,jovo-feature-scale-example,classification,jovo_t7,cuml,cuML SPORF,n_features,200000,6,1,1672937952,200000,100,1,2,10,26,26,8,63,31,32,32,184,5.19565,3,8,1218.16,2,63,63,126,161,161,161,1792,126,504
jovo-feature-scale-example,jovo-feature-scale-example,classification,jovo_t7,cuml,cuML SPORF,n_features,200000,6,1,1672937952,200000,100,1,2,10,27,27,9,57,28,29,29,184,5.21739,3,9,1452.72,2,57,57,114,136,136,136,1544,114,456
jovo-feature-scale-example,jovo-feature-scale-example,classification,jovo_t7,cuml,cuML SPORF,n_features,200000,6,1,1672937952,200000,100,1,2,10,28,28,7,59,29,30,30,184,5.27174,3,7,726.45,2,59,59,118,125,125,125,1472,118,472
jovo-feature-scale-example,jovo-feature-scale-example,classification,jovo_t7,cuml,cuML SPORF,n_features,200000,6,1,1672937952,200000,100,1,2,10,29,29,8,59,29,30,30,184,4.90761,4,8,1439.61,2,59,59,118,131,131,131,1520,118,472
jovo-feature-scale-example,jovo-feature-scale-example,classification,jovo_t7,cuml,cuML SPORF,n_features,200000,6,1,1672937952,200000,100,1,2,10,30,30,10,47,23,24,24,184,5.19022,2,10,2156.99,2,47,47,94,104,104,104,1208,94,376
jovo-feature-scale-example,jovo-feature-scale-example,classification,jovo_t7,cuml,cuML SPORF,n_features,200000,6,1,1672937952,200000,100,1,2,10,31,31,10,57,28,29,29,184,5.15761,3,10,1659.83,2,57,57,114,132,132,132,1512,114,456
jovo-feature-scale-example,jovo-feature-scale-example,classification,jovo_t7,cuml,cuML SPORF,n_features,200000,6,1,1672937952,200000,100,1,2,10,32,32,7,61,30,31,31,184,5.33152,3,7,722.634,2,61,61,122,154,154,154,1720,122,488
jovo-feature-scale-example,jovo-feature-scale-example,classification,jovo_t7,cuml,cuML SPORF,n_features,200000,6,1,1672937952,200000,100,1,2,10,33,33,11,61,30,31,31,184,5.58696,3,11,1660.79,2,61,61,122,139,139,139,1600,122,488
jovo-feature-scale-example,jovo-feature-scale-example,classification,jovo_t7,cuml,cuML SPORF,n_features,200000,6,1,1672937952,200000,100,1,2,10,34,34,7,59,29,30,30,184,5.0163,3,7,963.321,2,59,59,118,137,137,137,1568,118,472
jovo-feature-scale-example,jovo-feature-scale-example,classification,jovo_t7,cuml,cuML SPORF,n_features,200000,6,1,1672937952,200000,100,1,2,10,35,35,9,57,28,29,29,184,5.19565,3,9,1438.83,2,57,57,114,137,137,137,1552,114,456
jovo-feature-scale-example,jovo-feature-scale-example,classification,jovo_t7,cuml,cuML SPORF,n_features,200000,6,1,1672937952,200000,100,1,2,10,36,36,7,57,28,29,29,184,5.5,2,7,973.136,2,57,57,114,127,127,127,1472,114,456
jovo-feature-scale-example,jovo-feature-scale-example,classification,jovo_t7,cuml,cuML SPORF,n_features,200000,6,1,1672937952,200000,100,1,2,10,37,37,8,61,30,31,31,184,5.13043,3,8,1227.96,2,61,61,122,146,146,146,1656,122,488
jovo-feature-scale-example,jovo-feature-scale-example,classification,jovo_t7,cuml,cuML SPORF,n_features,200000,6,1,1672937952,200000,100,1,2,10,38,38,7,53,26,27,27,184,5.08152,3,7,973.408,2,53,53,106,128,128,128,1448,106,424
jovo-feature-scale-example,jovo-feature-scale-example,classification,jovo_t7,cuml,cuML SPORF,n_features,200000,6,1,1672937952,200000,100,1,2,10,39,39,10,61,30,31,31,184,6.16848,3,10,1929.57,2,61,61,122,133,133,133,1552,122,488
jovo-feature-scale-example,jovo-feature-scale-example,classification,jovo_t7,cuml,cuML SPORF,n_features,200000,6,1,1672937952,200000,100,1,2,10,40,40,9,63,31,32,32,184,5.38587,3,9,1176.71,2,63,63,126,148,148,148,1688,126,504
jovo-feature-scale-example,jovo-feature-scale-example,classification,jovo_t7,cuml,cuML SPORF,n_features,200000,6,1,1672937952,200000,100,1,2,10,41,41,8,69,34,35,35,184,5.5163,3,8,949.662,2,69,69,138,167,167,167,1888,138,552
jovo-feature-scale-example,jovo-feature-scale-example,classification,jovo_t7,cuml,cuML SPORF,n_features,200000,6,1,1672937952,200000,100,1,2,10,42,42,8,49,24,25,25,184,4.79891,3,8,1463.31,2,49,49,98,115,115,115,1312,98,392
jovo-feature-scale-example,jovo-feature-scale-example,classification,jovo_t7,cuml,cuML SPORF,n_features,200000,6,1,1672937952,200000,100,1,2,10,43,43,8,63,31,32,32,184,5.48913,2,8,1213.64,2,63,63,126,147,147,147,1680,126,504
jovo-feature-scale-example,jovo-feature-scale-example,classification,jovo_t7,cuml,cuML SPORF,n_features,200000,6,1,1672937952,200000,100,1,2,10,44,44,8,63,31,32,32,184,4.92935,3,8,1189.74,2,63,63,126,129,129,129,1536,126,504
jovo-feature-scale-example,jovo-feature-scale-example,classification,jovo_t7,cuml,cuML SPORF,n_features,200000,6,1,1672937952,200000,100,1,2,10,45,45,8,61,30,31,31,184,4.86957,3,8,1176.13,2,61,61,122,147,147,147,1664,122,488
jovo-feature-scale-example,jovo-feature-scale-example,classification,jovo_t7,cuml,cuML SPORF,n_features,200000,6,1,1672937952,200000,100,1,2,10,46,46,7,49,24,25,25,184,4.72283,3,7,1210.28,2,49,49,98,117,117,117,1328,98,392
jovo-feature-scale-example,jovo-feature-scale-example,classification,jovo_t7,cuml,cuML SPORF,n_features,200000,6,1,1672937952,200000,100,1,2,10,47,47,9,61,30,31,31,184,5.41848,2,9,1427.98,2,61,61,122,133,133,133,1552,122,488
jovo-feature-scale-example,jovo-feature-scale-example,classification,jovo_t7,cuml,cuML SPORF,n_features,200000,6,1,1672937952,200000,100,1,2,10,48,48,8,59,29,30,30,184,4.89674,3,8,1200.76,2,59,59,118,150,150,150,1672,118,472
jovo-feature-scale-example,jovo-feature-scale-example,classification,jovo_t7,cuml,cuML SPORF,n_features,200000,6,1,1672937952,200000,100,1,2,10,49,49,10,57,28,29,29,184,5.27174,3,10,1668.53,2,57,57,114,131,131,131,1504,114,456
jovo-feature-scale-example,jovo-feature-scale-example,classification,jovo_t7,cuml,cuML SPORF,n_features,200000,6,1,1672937952,200000,100,1,2,10,50,50,8,61,30,31,31,184,5.18478,2,8,1479.96,2,61,61,122,132,132,132,1544,122,488
jovo-feature-scale-example,jovo-feature-scale-example,classification,jovo_t7,cuml,cuML SPORF,n_features,200000,6,1,1672937952,200000,100,1,2,10,51,51,9,59,29,30,30,184,6.0163,3,9,1453.08,2,59,59,118,128,128,128,1496,118,472
jovo-feature-scale-example,jovo-feature-scale-example,classification,jovo_t7,cuml,cuML SPORF,n_features,200000,6,1,1672937952,200000,100,1,2,10,52,52,7,55,27,28,28,184,5,4,7,948.282,2,55,55,110,140,140,140,1560,110,440
jovo-feature-scale-example,jovo-feature-scale-example,classification,jovo_t7,cuml,cuML SPORF,n_features,200000,6,1,1672937952,200000,100,1,2,10,53,53,8,57,28,29,29,184,5.55435,3,8,950.328,2,57,57,114,130,130,130,1496,114,456
jovo-feature-scale-example,jovo-feature-scale-example,classification,jovo_t7,cuml,cuML SPORF,n_features,200000,6,1,1672937952,200000,100,1,2,10,54,54,8,63,31,32,32,184,4.79348,2,8,1453.19,2,63,63,126,136,136,136,1592,126,504
jovo-feature-scale-example,jovo-feature-scale-example,classification,jovo_t7,cuml,cuML SPORF,n_features,200000,6,1,1672937952,200000,100,1,2,10,55,55,10,67,33,34,34,184,5.61957,2,10,1935.45,2,67,67,134,158,158,158,1800,134,536
jovo-feature-scale-example,jovo-feature-scale-example,classification,jovo_t7,cuml,cuML SPORF,n_features,200000,6,1,1672937952,200000,100,1,2,10,56,56,10,57,28,29,29,184,5.17935,3,10,1644.21,2,57,57,114,129,129,129,1488,114,456
jovo-feature-scale-example,jovo-feature-scale-example,classification,jovo_t7,cuml,cuML SPORF,n_features,200000,6,1,1672937952,200000,100,1,2,10,57,57,7,57,28,29,29,184,5.16848,4,7,946.514,2,57,57,114,136,136,136,1544,114,456
jovo-feature-scale-example,jovo-feature-scale-example,classification,jovo_t7,cuml,cuML SPORF,n_features,200000,6,1,1672937952,200000,100,1,2,10,58,58,8,55,27,28,28,184,4.90761,2,8,1215.34,2,55,55,110,130,130,130,1480,110,440
jovo-feature-scale-example,jovo-feature-scale-example,classification,jovo_t7,cuml,cuML SPORF,n_features,200000,6,1,1672937952,200000,100,1,2,10,59,59,8,57,28,29,29,184,5.29348,3,8,1204.47,2,57,57,114,125,125,125,1456,114,456
jovo-feature-scale-example,jovo-feature-scale-example,classification,jovo_t7,cuml,cuML SPORF,n_features,200000,6,1,1672937952,200000,100,1,2,10,60,60,10,53,26,27,27,184,5.08152,3,10,1925.03,2,53,53,106,122,122,122,1400,106,424
jovo-feature-scale-example,jovo-feature-scale-example,classification,jovo_t7,cuml,cuML SPORF,n_features,200000,6,1,1672937952,200000,100,1,2,10,61,61,7,63,31,32,32,184,5.19022,3,7,948.862,2,63,63,126,133,133,133,1568,126,504
jovo-feature-scale-example,jovo-feature-scale-example,classification,jovo_t7,cuml,cuML SPORF,n_features,200000,6,1,1672937952,200000,100,1,2,10,62,62,7,59,29,30,30,184,4.70109,3,7,949.165,2,59,59,118,146,146,146,1640,118,472
jovo-feature-scale-example,jovo-feature-scale-example,classification,jovo_t7,cuml,cuML SPORF,n_features,200000,6,1,1672937952,200000,100,1,2,10,63,63,7,53,26,27,27,184,5.02174,3,7,971.939,2,53,53,106,125,125,125,1424,106,424
jovo-feature-scale-example,jovo-feature-scale-example,classification,jovo_t7,cuml,cuML SPORF,n_features,200000,6,1,1672937952,200000,100,1,2,10,64,64,8,61,30,31,31,184,5.20652,4,8,1203.87,2,61,61,122,154,154,154,1720,122,488
jovo-feature-scale-example,jovo-feature-scale-example,classification,jovo_t7,cuml,cuML SPORF,n_features,200000,6,1,1672937952,200000,100,1,2,10,65,65,8,57,28,29,29,184,5.1087,3,8,1189.04,2,57,57,114,138,138,138,1560,114,456
jovo-feature-scale-example,jovo-feature-scale-example,classification,jovo_t7,cuml,cuML SPORF,n_features,200000,6,1,1672937952,200000,100,1,2,10,66,66,8,49,24,25,25,184,4.94022,2,8,1463.84,2,49,49,98,106,106,106,1240,98,392
jovo-feature-scale-example,jovo-feature-scale-example,classification,jovo_t7,cuml,cuML SPORF,n_features,200000,6,1,1672937952,200000,100,1,2,10,67,67,8,53,26,27,27,184,4.80978,3,8,1201.87,2,53,53,106,113,113,113,1328,106,424
jovo-feature-scale-example,jovo-feature-scale-example,classification,jovo_t7,cuml,cuML SPORF,n_features,200000,6,1,1672937952,200000,100,1,2,10,68,68,8,61,30,31,31,184,5.375,3,8,1192.7,2,61,61,122,149,149,149,1680,122,488
jovo-feature-scale-example,jovo-feature-scale-example,classification,jovo_t7,cuml,cuML SPORF,n_features,200000,6,1,1672937952,200000,100,1,2,10,69,69,8,65,32,33,33,184,5.42935,3,8,1218.62,2,65,65,130,150,150,150,1720,130,520
jovo-feature-scale-example,jovo-feature-scale-example,classification,jovo_t7,cuml,cuML SPORF,n_features,200000,6,1,1672937952,200000,100,1,2,10,70,70,9,63,31,32,32,184,5.1087,3,9,1429.23,2,63,63,126,144,144,144,1656,126,504
jovo-feature-scale-example,jovo-feature-scale-example,classification,jovo_t7,cuml,cuML SPORF,n_features,200000,6,1,1672937952,200000,100,1,2,10,71,71,9,67,33,34,34,184,5.61957,3,9,1191.35,2,67,67,134,160,160,160,1816,134,536
jovo-feature-scale-example,jovo-feature-scale-example,classification,jovo_t7,cuml,cuML SPORF,n_features,200000,6,1,1672937952,200000,100,1,2,10,72,72,9,69,34,35,35,184,5.38587,3,9,1218.03,2,69,69,138,143,143,143,1696,138,552
jovo-feature-scale-example,jovo-feature-scale-example,classification,jovo_t7,cuml,cuML SPORF,n_features,200000,6,1,1672937952,200000,100,1,2,10,73,73,8,59,29,30,30,184,5.19022,3,8,973.075,2,59,59,118,136,136,136,1560,118,472
jovo-feature-scale-example,jovo-feature-scale-example,classification,jovo_t7,cuml,cuML SPORF,n_features,200000,6,1,1672937952,200000,100,1,2,10,74,74,7,53,26,27,27,184,4.375,3,7,946.793,2,53,53,106,112,112,112,1320,106,424
jovo-feature-scale-example,jovo-feature-scale-example,classification,jovo_t7,cuml,cuML SPORF,n_features,200000,6,1,1672937952,200000,100,1,2,10,75,75,9,59,29,30,30,184,5.20652,3,9,1431.87,2,59,59,118,130,130,130,1512,118,472
jovo-feature-scale-example,jovo-feature-scale-example,classification,jovo_t7,cuml,cuML SPORF,n_features,200000,6,1,1672937952,200000,100,1,2,10,76,76,9,59,29,30,30,184,5.69022,3,9,1473.3,2,59,59,118,130,130,130,1512,118,472
jovo-feature-scale-example,jovo-feature-scale-example,classification,jovo_t7,cuml,cuML SPORF,n_features,200000,6,1,1672937952,200000,100,1,2,10,77,77,7,53,26,27,27,184,4.47826,3,7,961.691,2,53,53,106,115,115,115,1344,106,424
jovo-feature-scale-example,jovo-feature-scale-example,classification,jovo_t7,cuml,cuML SPORF,n_features,200000,6,1,1672937952,200000,100,1,2,10,78,78,10,57,28,29,29,184,5.46739,3,10,1693.55,2,57,57,114,128,128,128,1480,114,456
jovo-feature-scale-example,jovo-feature-scale-example,classification,jovo_t7,cuml,cuML SPORF,n_features,200000,6,1,1672937952,200000,100,1,2,10,79,79,8,57,28,29,29,184,5.05978,3,8,1215.48,2,57,57,114,140,140,140,1576,114,456
jovo-feature-scale-example,jovo-feature-scale-example,classification,jovo_t7,cuml,cuML SPORF,n_features,200000,6,1,1672937952,200000,100,1,2,10,80,80,7,61,30,31,31,184,5.13587,3,7,955.804,2,61,61,122,151,151,151,1696,122,488
jovo-feature-scale-example,jovo-feature-scale-example,classification,jovo_t7,cuml,cuML SPORF,n_features,200000,6,1,1672937952,200000,100,1,2,10,81,81,8,51,25,26,26,184,5.78261,3,8,957.662,2,51,51,102,120,120,120,1368,102,408
jovo-feature-scale-example,jovo-feature-scale-example,classification,jovo_t7,cuml,cuML SPORF,n_features,200000,6,1,1672937952,200000,100,1,2,10,82,82,8,61,30,31,31,184,4.91848,2,8,1214.78,2,61,61,122,109,109,109,1360,122,488
jovo-feature-scale-example,jovo-feature-scale-example,classification,jovo_t7,cuml,cuML SPORF,n_features,200000,6,1,1672937952,200000,100,1,2,10,83,83,8,63,31,32,32,184,5.44565,3,8,966.481,2,63,63,126,121,121,121,1472,126,504
jovo-feature-scale-example,jovo-feature-scale-example,classification,jovo_t7,cuml,cuML SPORF,n_features,200000,6,1,1672937952,200000,100,1,2,10,84,84,8,59,29,30,30,184,5.04891,3,8,1202.74,2,59,59,118,133,133,133,1536,118,472
jovo-feature-scale-example,jovo-feature-scale-example,classification,jovo_t7,cuml,cuML SPORF,n_features,200000,6,1,1672937952,200000,100,1,2,10,85,85,9,59,29,30,30,184,5.42935,3,9,1447.42,2,59,59,118,139,139,139,1584,118,472
jovo-feature-scale-example,jovo-feature-scale-example,classification,jovo_t7,cuml,cuML SPORF,n_features,200000,6,1,1672937952,200000,100,1,2,10,86,86,8,51,25,26,26,184,4.97826,3,8,1174.38,2,51,51,102,104,104,104,1240,102,408
jovo-feature-scale-example,jovo-feature-scale-example,classification,jovo_t7,cuml,cuML SPORF,n_features,200000,6,1,1672937952,200000,100,1,2,10,87,87,7,61,30,31,31,184,5.02717,3,7,975.283,2,61,61,122,133,133,133,1552,122,488
jovo-feature-scale-example,jovo-feature-scale-example,classification,jovo_t7,cuml,cuML SPORF,n_features,200000,6,1,1672937952,200000,100,1,2,10,88,88,8,57,28,29,29,184,5.3587,2,8,1213.33,2,57,57,114,131,131,131,1504,114,456
jovo-feature-scale-example,jovo-feature-scale-example,classification,jovo_t7,cuml,cuML SPORF,n_features,200000,6,1,1672937952,200000,100,1,2,10,89,89,7,59,29,30,30,184,4.8913,3,7,962.243,2,59,59,118,153,153,153,1696,118,472
jovo-feature-scale-example,jovo-feature-scale-example,classification,jovo_t7,cuml,cuML SPORF,n_features,200000,6,1,1672937952,200000,100,1,2,10,90,90,9,55,27,28,28,184,5.95109,3,9,1456.4,2,55,55,110,133,133,133,1504,110,440
jovo-feature-scale-example,jovo-feature-scale-example,classification,jovo_t7,cuml,cuML SPORF,n_features,200000,6,1,1672937952,200000,100,1,2,10,91,91,10,61,30,31,31,184,5.2663,3,10,1964.12,2,61,61,122,123,123,123,1472,122,488
jovo-feature-scale-example,jovo-feature-scale-example,classification,jovo_t7,cuml,cuML SPORF,n_features,200000,6,1,1672937952,200000,100,1,2,10,92,92,7,57,28,29,29,184,5.04348,3,7,974.059,2,57,57,114,136,136,136,1544,114,456
jovo-feature-scale-example,jovo-feature-scale-example,classification,jovo_t7,cuml,cuML SPORF,n_features,200000,6,1,1672937952,200000,100,1,2,10,93,93,8,55,27,28,28,184,5.28261,3,8,972.233,2,55,55,110,118,118,118,1384,110,440
jovo-feature-scale-example,jovo-feature-scale-example,classification,jovo_t7,cuml,cuML SPORF,n_features,200000,6,1,1672937952,200000,100,1,2,10,94,94,7,57,28,29,29,184,5.34783,4,7,985.175,2,57,57,114,124,124,124,1448,114,456
jovo-feature-scale-example,jovo-feature-scale-example,classification,jovo_t7,cuml,cuML SPORF,n_features,200000,6,1,1672937952,200000,100,1,2,10,95,95,7,65,32,33,33,184,5.42935,3,7,727.273,2,65,65,130,170,170,170,1880,130,520
jovo-feature-scale-example,jovo-feature-scale-example,classification,jovo_t7,cuml,cuML SPORF,n_features,200000,6,1,1672937952,200000,100,1,2,10,96,96,7,63,31,32,32,184,5.03804,3,7,973.118,2,63,63,126,152,152,152,1720,126,504
jovo-feature-scale-example,jovo-feature-scale-example,classification,jovo_t7,cuml,cuML SPORF,n_features,200000,6,1,1672937952,200000,100,1,2,10,97,97,8,59,29,30,30,184,5.31522,3,8,962.079,2,59,59,118,150,150,150,1672,118,472
jovo-feature-scale-example,jovo-feature-scale-example,classification,jovo_t7,cuml,cuML SPORF,n_features,200000,6,1,1672937952,200000,100,1,2,10,98,98,7,61,30,31,31,184,5.17391,3,7,974.438,2,61,61,122,150,150,150,1688,122,488
jovo-feature-scale-example,jovo-feature-scale-example,classification,jovo_t7,cuml,cuML SPORF,n_features,200000,6,1,1672937952,200000,100,1,2,10,99,99,8,61,30,31,31,184,5.06522,3,8,1204.81,2,61,61,122,143,143,143,1632,122,488
jovo-feature-scale-example,jovo-feature-scale-example,classification,jovo_t7,cuml,cuML SPORF,n_features,200000,6,2,1280706876,200000,100,1,2,10,0,0,8,67,33,34,34,184,5.67935,3,8,993.065,2,67,67,134,156,156,156,1784,134,536
jovo-feature-scale-example,jovo-feature-scale-example,classification,jovo_t7,cuml,cuML SPORF,n_features,200000,6,2,1280706876,200000,100,1,2,10,1,1,8,65,32,33,33,184,5.61413,3,8,954.915,2,65,65,130,155,155,155,1760,130,520
jovo-feature-scale-example,jovo-feature-scale-example,classification,jovo_t7,cuml,cuML SPORF,n_features,200000,6,2,1280706876,200000,100,1,2,10,2,2,8,63,31,32,32,184,5.16848,3,8,950.295,2,63,63,126,156,156,156,1752,126,504
jovo-feature-scale-example,jovo-feature-scale-example,classification,jovo_t7,cuml,cuML SPORF,n_features,200000,6,2,1280706876,200000,100,1,2,10,3,3,8,51,25,26,26,184,4.72283,2,8,1438.37,2,51,51,102,116,116,116,1336,102,408
jovo-feature-scale-example,jovo-feature-scale-example,classification,jovo_t7,cuml,cuML SPORF,n_features,200000,6,2,1280706876,200000,100,1,2,10,4,4,9,57,28,29,29,184,5.5163,3,9,1471.76,2,57,57,114,122,122,122,1432,114,456
jovo-feature-scale-example,jovo-feature-scale-example,classification,jovo_t7,cuml,cuML SPORF,n_features,200000,6,2,1280706876,200000,100,1,2,10,5,5,7,61,30,31,31,184,5.26087,3,7,981.381,2,61,61,122,155,155,155,1728,122,488
jovo-feature-scale-example,jovo-feature-scale-example,classification,jovo_t7,cuml,cuML SPORF,n_features,200000,6,2,1280706876,200000,100,1,2,10,6,6,8,55,27,28,28,184,4.70109,3,8,1181.47,2,55,55,110,135,135,135,1520,110,440
jovo-feature-scale-example,jovo-feature-scale-example,classification,jovo_t7,cuml,cuML SPORF,n_features,200000,6,2,1280706876,200000,100,1,2,10,7,7,9,63,31,32,32,184,5.47826,3,9,1437.49,2,63,63,126,135,135,135,1584,126,504
jovo-feature-scale-example,jovo-feature-scale-example,classification,jovo_t7,cuml,cuML SPORF,n_features,200000,6,2,1280706876,200000,100,1,2,10,8,8,8,57,28,29,29,184,5.6413,3,8,968.417,2,57,57,114,133,133,133,1520,114,456
jovo-feature-scale-example,jovo-feature-scale-example,classification,jovo_t7,cuml,cuML SPORF,n_features,200000,6,2,1280706876,200000,100,1,2,10,9,9,9,63,31,32,32,184,5.63587,2,9,1466.73,2,63,63,126,141,141,141,1632,126,504
jovo-feature-scale-example,jovo-feature-scale-example,classification,jovo_t7,cuml,cuML SPORF,n_features,200000,6,2,1280706876,200000,100,1,2,10,10,10,9,65,32,33,33,184,5.36413,3,9,1209.82,2,65,65,130,152,152,152,1736,130,520
jovo-feature-scale-example,jovo-feature-scale-example,classification,jovo_t7,cuml,cuML SPORF,n_features,200000,6,2,1280706876,200000,100,1,2,10,11,11,9,49,24,25,25,184,4.67935,3,9,1410.73,2,49,49,98,119,119,119,1344,98,392
jovo-feature-scale-example,jovo-feature-scale-example,classification,jovo_t7,cuml,cuML SPORF,n_features,200000,6,2,1280706876,200000,100,1,2,10,12,12,9,65,32,33,33,184,5.47283,3,9,1192.91,2,65,65,130,135,135,135,1600,130,520
jovo-feature-scale-example,jovo-feature-scale-example,classification,jovo_t7,cuml,cuML SPORF,n_features,200000,6,2,1280706876,200000,100,1,2,10,13,13,8,65,32,33,33,184,5.56522,3,8,969.399,2,65,65,130,138,138,138,1624,130,520
jovo-feature-scale-example,jovo-feature-scale-example,classification,jovo_t7,cuml,cuML SPORF,n_features,200000,6,2,1280706876,200000,100,1,2,10,14,14,7,65,32,33,33,184,5.40217,3,7,970.068,2,65,65,130,152,152,152,1736,130,520
jovo-feature-scale-example,jovo-feature-scale-example,classification,jovo_t7,cuml,cuML SPORF,n_features,200000,6,2,1280706876,200000,100,1,2,10,15,15,8,69,34,35,35,184,5.15217,2,8,1200.8,2,69,69,138,151,151,151,1760,138,552
jovo-feature-scale-example,jovo-feature-scale-example,classification,jovo_t7,cuml,cuML SPORF,n_features,200000,6,2,1280706876,200000,100,1,2,10,16,16,7,53,26,27,27,184,5.19022,3,7,956.856,2,53,53,106,117,117,117,1360,106,424
jovo-feature-scale-example,jovo-feature-scale-example,classification,jovo_t7,cuml,cuML SPORF,n_features,200000,6,2,1280706876,200000,100,1,2,10,17,17,7,63,31,32,32,184,5.11957,3,7,962.749,2,63,63,126,134,134,134,1576,126,504
jovo-feature-scale-example,jovo-feature-scale-example,classification,jovo_t7,cuml,cuML SPORF,n_features,200000,6,2,1280706876,200000,100,1,2,10,18,18,8,69,34,35,35,184,6.17391,3,8,970.781,2,69,69,138,158,158,158,1816,138,552
jovo-feature-scale-example,jovo-feature-scale-example,classification,jovo_t7,cuml,cuML SPORF,n_features,200000,6,2,1280706876,200000,100,1,2,10,19,19,8,59,29,30,30,184,5.50543,3,8,966.467,2,59,59,118,146,146,146,1640,118,472
jovo-feature-scale-example,jovo-feature-scale-example,classification,jovo_t7,cuml,cuML SPORF,n_features,200000,6,2,1280706876,200000,100,1,2,10,20,20,9,53,26,27,27,184,4.90761,3,9,1426.47,2,53,53,106,116,116,116,1352,106,424
jovo-feature-scale-example,jovo-feature-scale-example,classification,jovo_t7,cuml,cuML SPORF,n_features,200000,6,2,1280706876,200000,100,1,2,10,21,21,9,65,32,33,33,184,5.35326,3,9,1218.49,2,65,65,130,148,148,148,1704,130,520
jovo-feature-scale-example,jovo-feature-scale-example,classification,jovo_t7,cuml,cuML SPORF,n_features,200000,6,2,1280706876,200000,100,1,2,10,22,22,7,61,30,31,31,184,4.83152,4,7,953.392,2,61,61,122,133,133,133,1552,122,488
jovo-feature-scale-example,jovo-feature-scale-example,classification,jovo_t7,cuml,cuML SPORF,n_features,200000,6,2,1280706876,200000,100,1,2,10,23,23,9,57,28,29,29,184,5.61957,2,9,1696.86,2,57,57,114,136,136,136,1544,114,456
jovo-feature-scale-example,jovo-feature-scale-example,classification,jovo_t7,cuml,cuML SPORF,n_features,200000,6,2,1280706876,200000,100,1,2,10,24,24,7,59,29,30,30,184,5.11413,3,7,719.934,2,59,59,118,141,141,141,1600,118,472
jovo-feature-scale-example,jovo-feature-scale-example,classification,jovo_t7,cuml,cuML SPORF,n_features,200000,6,2,1280706876,200000,100,1,2,10,25,25,7,61,30,31,31,184,5.06522,3,7,977.054,2,61,61,122,126,126,126,1496,122,488
jovo-feature-scale-example,jovo-feature-scale-example,classification,jovo_t7,cuml,cuML SPORF,n_features,200000,6,2,1280706876,200000,100,1,2,10,26,26,8,59,29,30,30,184,5.56522,3,8,1225.32,2,59,59,118,133,133,133,1536,118,472
jovo-feature-scale-example,jovo-feature-scale-example,classification,jovo_t7,cuml,cuML SPORF,n_features,200000,6,2,1280706876,200000,100,1,2,10,27,27,9,57,28,29,29,184,5.05978,3,9,1442.43,2,57,57,114,125,125,125,1456,114,456
jovo-feature-scale-example,jovo-feature-scale-example,classification,jovo_t7,cuml,cuML SPORF,n_features,200000,6,2,1280706876,200000,100,1,2,10,28,28,8,61,30,31,31,184,5.32609,4,8,1206.15,2,61,61,122,151,151,151,1696,122,488
jovo-feature-scale-example,jovo-feature-scale-example,classification,jovo_t7,cuml,cuML SPORF,n_features,200000,6,2,1280706876,200000,100,1,2,10,29,29,8,61,30,31,31,184,5.34783,3,8,952.382,2,61,61,122,137,137,137,1584,122,488
jovo-feature-scale-example,jovo-feature-scale-example,classification,jovo_t7,cuml,cuML SPORF,n_features,200000,6,2,1280706876,200000,100,1,2,10,30,30,8,61,30,31,31,184,5.15217,2,8,1470.14,2,61,61,122,149,149,149,1680,122,488
jovo-feature-scale-example,jovo-feature-scale-example,classification,jovo_t7,cuml,cuML SPORF,n_features,200000,6,2,1280706876,200000,100,1,2,10,31,31,8,55,27,28,28,184,5.17935,3,8,1215.14,2,55,55,110,134,134,134,1512,110,440
jovo-feature-scale-example,jovo-feature-scale-example,classification,jovo_t7,cuml,cuML SPORF,n_features,200000,6,2,1280706876,200000,100,1,2,10,32,32,11,61,30,31,31,184,5.2337,3,11,1898.91,2,61,61,122,122,122,122,1464,122,488
jovo-feature-scale-example,jovo-feature-scale-example,classification,jovo_t7,cuml,cuML SPORF,n_features,200000,6,2,1280706876,200000,100,1,2,10,33,33,8,65,32,33,33,184,5.42391,3,8,954.472,2,65,65,130,165,165,165,1840,130,520
jovo-feature-scale-example,jovo-feature-scale-example,classification,jovo_t7,cuml,cuML SPORF,n_features,200000,6,2,1280706876,200000,100,1,2,10,34,34,8,53,26,27,27,184,5.42391,3,8,1459.8,2,53,53,106,124,124,124,1416,106,424
jovo-feature-scale-example,jovo-feature-scale-example,classification,jovo_t7,cuml,cuML SPORF,n_features,200000,6,2,1280706876,200000,100,1,2,10,35,35,9,61,30,31,31,184,5.72826,3,9,1460.58,2,61,61,122,128,128,128,1512,122,488
jovo-feature-scale-example,jovo-feature-scale-example,classification,jovo_t7,cuml,cuML SPORF,n_features,200000,6,2,1280706876,200000,100,1,2,10,36,36,7,63,31,32,32,184,5.14674,3,7,977.187,2,63,63,126,133,133,133,1568,126,504
jovo-feature-scale-example,jovo-feature-scale-example,classification,jovo_t7,cuml,cuML SPORF,n_features,200000,6,2,1280706876,200000,100,1,2,10,37,37,8,49,24,25,25,184,5.03261,3,8,1441.62,2,49,49,98,113,113,113,1296,98,392
jovo-feature-scale-example,jovo-feature-scale-example,classification,jovo_t7,cuml,cuML SPORF,n_features,200000,6,2,1280706876,200000,100,1,2,10,38,38,11,59,29,30,30,184,5.91304,3,11,1900.89,2,59,59,118,124,124,124,1464,118,472
jovo-feature-scale-example,jovo-feature-scale-example,classification,jovo_t7,cuml,cuML SPORF,n_features,200000,6,2,1280706876,200000,100,1,2,10,39,39,8,57,28,29,29,184,4.97826,3,8,1188.52,2,57,57,114,123,123,123,1440,114,456
jovo-feature-scale-example,jovo-feature-scale-example,classification,jovo_t7,cuml,cuML SPORF,n_features,200000,6,2,1280706876,200000,100,1,2,10,40,40,7,47,23,24,24,184,4.625,4,7,1169.04,2,47,47,94,108,108,108,1240,94,376
jovo-feature-scale-example,jovo-feature-scale-example,classification,jovo_t7,cuml,cuML SPORF,n_features,200000,6,2,1280706876,200000,100,1,2,10,41,41,9,61,30,31,31,184,5.61957,3,9,1226.21,2,61,61,122,125,125,125,1488,122,488
jovo-feature-scale-example,jovo-feature-scale-example,classification,jovo_t7,cuml,cuML SPORF,n_features,200000,6,2,1280706876,200000,100,1,2,10,42,42,7,57,28,29,29,184,5.11957,3,7,723.805,2,57,57,114,132,132,132,1512,114,456
jovo-feature-scale-example,jovo-feature-scale-example,classification,jovo_t7,cuml,cuML SPORF,n_features,200000,6,2,1280706876,200000,100,1,2,10,43,43,7,59,29,30,30,184,5.20652,3,7,965.018,2,59,59,118,128,128,128,1496,118,472
jovo-feature-scale-example,jovo-feature-scale-example,classification,jovo_t7,cuml,cuML SPORF,n_features,200000,6,2,1280706876,200000,100,1,2,10,44,44,7,61,30,31,31,184,5.10326,3,7,975.867,2,61,61,122,124,124,124,1480,122,488
jovo-feature-scale-example,jovo-feature-scale-example,classification,jovo_t7,cuml,cuML SPORF,n_features,200000,6,2,1280706876,200000,100,1,2,10,45,45,7,59,29,30,30,184,5.58696,3,7,950.661,2,59,59,118,127,127,127,1488,118,472
jovo-feature-scale-example,jovo-feature-scale-example,classification,jovo_t7,cuml,cuML SPORF,n_features,200000,6,2,1280706876,200000,100,1,2,10,46,46,8,49,24,25,25,184,5.09783,3,8,1183.7,2,49,49,98,109,109,109,1264,98,392
jovo-feature-scale-example,jovo-feature-scale-example,classification,jovo_t7,cuml,cuML SPORF,n_features,200000,6,2,1280706876,200000,100,1,2,10,47,47,7,67,33,34,34,184,5.56522,3,7,728.274,2,67,67,134,151,151,151,1744,134,536
jovo-feature-scale-example,jovo-feature-scale-example,classification,jovo_t7,cuml,cuML SPORF,n_features,200000,6,2,1280706876,200000,100,1,2,10,48,48,8,59,29,30,30,184,4.92391,3,8,1228.16,2,59,59,118,130,130,130,1512,118,472
jovo-feature-scale-example,jovo-feature-scale-example,classification,jovo_t7,cuml,cuML SPORF,n_features,200000,6,2,1280706876,200000,100,1,2,10,49,49,10,59,29,30,30,184,5.68478,4,10,1902.23,2,59,59,118,148,148,148,1656,118,472
jovo-feature-scale-example,jovo-feature-scale-example,classification,jovo_t7,cuml,cuML SPORF,n_features,200000,6,2,1280706876,200000,100,1,2,10,50,50,10,53,26,27,27,184,5.36413,3,10,1924.83,2,53,53,106,147,147,147,1600,106,424
jovo-feature-scale-example,jovo-feature-scale-example,classification,jovo_t7,cuml,cuML SPORF,n_features,200000,6,2,1280706876,200000,100,1,2,10,51,51,8,59,29,30,30,184,5.16304,3,8,1216.15,2,59,59,118,154,154,154,1704,118,472
jovo-feature-scale-example,jovo-feature-scale-example,classification,jovo_t7,cuml,cuML SPORF,n_features,200000,6,2,1280706876,200000,100,1,2,10,52,52,7,55,27,28,28,184,5.09783,2,7,1216.88,2,55,55,110,129,129,129,1472,110,440
jovo-feature-scale-example,jovo-feature-scale-example,classification,jovo_t7,cuml,cuML SPORF,n_features,200000,6,2,1280706876,200000,100,1,2,10,53,53,8,59,29,30,30,184,5.69565,3,8,966.436,2,59,59,118,142,142,142,1608,118,472
jovo-feature-scale-example,jovo-feature-scale-example,classification,jovo_t7,cuml,cuML SPORF,n_features,200000,6,2,1280706876,200000,100,1,2,10,54,54,6,53,26,27,27,184,4.96196,4,6,721.203,2,53,53,106,104,104,104,1256,106,424
jovo-feature-scale-example,jovo-feature-scale-example,classification,jovo_t7,cuml,cuML SPORF,n_features,200000,6,2,1280706876,200000,100,1,2,10,55,55,9,49,24,25,25,184,5.125,2,9,1954.38,2,49,49,98,129,129,129,1424,98,392
jovo-feature-scale-example,jovo-feature-scale-example,classification,jovo_t7,cuml,cuML SPORF,n_features,200000,6,2,1280706876,200000,100,1,2,10,56,56,9,53,26,27,27,184,5.04891,3,9,1428.57,2,53,53,106,119,119,119,1376,106,424
jovo-feature-scale-example,jovo-feature-scale-example,classification,jovo_t7,cuml,cuML SPORF,n_features,200000,6,2,1280706876,200000,100,1,2,10,57,57,8,57,28,29,29,184,5.05978,3,8,1174.4,2,57,57,114,133,133,133,1520,114,456
jovo-feature-scale-example,jovo-feature-scale-example,classification,jovo_t7,cuml,cuML SPORF,n_features,200000,6,2,1280706876,200000,100,1,2,10,58,58,8,59,29,30,30,184,5.41304,3,8,952.588,2,59,59,118,139,139,139,1584,118,472
jovo-feature-scale-example,jovo-feature-scale-example,classification,jovo_t7,cuml,cuML SPORF,n_features,200000,6,2,1280706876,200000,100,1,2,10,59,59,8,61,30,31,31,184,5.58152,3,8,721.384,2,61,61,122,138,138,138,1592,122,488
jovo-feature-scale-example,jovo-feature-scale-example,classification,jovo_t7,cuml,cuML SPORF,n_features,200000,6,2,1280706876,200000,100,1,2,10,60,60,8,57,28,29,29,184,4.70652,3,8,962.469,2,57,57,114,140,140,140,1576,114,456
jovo-feature-scale-example,jovo-feature-scale-example,classification,jovo_t7,cuml,cuML SPORF,n_features,200000,6,2,1280706876,200000,100,1,2,10,61,61,8,55,27,28,28,184,5.20109,3,8,1458.86,2,55,55,110,107,107,107,1296,110,440
jovo-feature-scale-example,jovo-feature-scale-example,classification,jovo_t7,cuml,cuML SPORF,n_features,200000,6,2,1280706876,200000,100,1,2,10,62,62,9,53,26,27,27,184,5.30978,3,9,1709.58,2,53,53,106,123,123,123,1408,106,424
jovo-feature-scale-example,jovo-feature-scale-example,classification,jovo_t7,cuml,cuML SPORF,n_features,200000,6,2,1280706876,200000,100,1,2,10,63,63,9,61,30,31,31,184,5.33696,3,9,1453.38,2,61,61,122,144,144,144,1640,122,488
jovo-feature-scale-example,jovo-feature-scale-example,classification,jovo_t7,cuml,cuML SPORF,n_features,200000,6,2,1280706876,200000,100,1,2,10,64,64,10,59,29,30,30,184,5.38043,3,10,1660.46,2,59,59,118,137,137,137,1568,118,472
jovo-feature-scale-example,jovo-feature-scale-example,classification,jovo_t7,cuml,cuML SPORF,n_features,200000,6,2,1280706876,200000,100,1,2,10,65,65,8,65,32,33,33,184,5.81522,3,8,981.704,2,65,65,130,152,152,152,1736,130,520
jovo-feature-scale-example,jovo-feature-scale-example,classification,jovo_t7,cuml,cuML SPORF,n_features,200000,6,2,1280706876,200000,100,1,2,10,66,66,8,51,25,26,26,184,5.07065,3,8,1184.63,2,51,51,102,126,126,126,1416,102,408
jovo-feature-scale-example,jovo-feature-scale-example,classification,jovo_t7,cuml,cuML SPORF,n_features,200000,6,2,1280706876,200000,100,1,2,10,67,67,10,57,28,29,29,184,5.57609,4,10,1886.92,2,57,57,114,124,124,124,1448,114,456
jovo-feature-scale-example,jovo-feature-scale-example,classification,jovo_t7,cuml,cuML SPORF,n_features,200000,6,2,1280706876,200000,100,1,2,10,68,68,8,55,27,28,28,184,4.84783,3,8,1478.4,2,55,55,110,132,132,132,1496,110,440
jovo-feature-scale-example,jovo-feature-scale-example,classification,jovo_t7,cuml,cuML SPORF,n_features,200000,6,2,1280706876,200000,100,1,2,10,69,69,7,67,33,34,34,184,5.67935,3,7,966.596,2,67,67,134,140,140,140,1656,134,536
jovo-feature-scale-example,jovo-feature-scale-example,classification,jovo_t7,cuml,cuML SPORF,n_features,200000,6,2,1280706876,200000,100,1,2,10,70,70,8,65,32,33,33,184,5.57065,3,8,978.196,2,65,65,130,152,152,152,1736,130,520
jovo-feature-scale-example,jovo-feature-scale-example,classification,jovo_t7,cuml,cuML SPORF,n_features,200000,6,2,1280706876,200000,100,1,2,10,71,71,9,59,29,30,30,184,5.375,3,9,1187.79,2,59,59,118,136,136,136,1560,118,472
jovo-feature-scale-example,jovo-feature-scale-example,classification,jovo_t7,cuml,cuML SPORF,n_features,200000,6,2,1280706876,200000,100,1,2,10,72,72,9,59,29,30,30,184,5.10326,4,9,1656.35,2,59,59,118,127,127,127,1488,118,472
jovo-feature-scale-example,jovo-feature-scale-example,classification,jovo_t7,cuml,cuML SPORF,n_features,200000,6,2,1280706876,200000,100,1,2,10,73,73,8,59,29,30,30,184,4.91304,3,8,1190.94,2,59,59,118,151,151,151,1680,118,472
jovo-feature-scale-example,jovo-feature-scale-example,classification,jovo_t7,cuml,cuML SPORF,n_features,200000,6,2,1280706876,200000,100,1,2,10,74,74,9,59,29,30,30,184,5.48913,3,9,1421.55,2,59,59,118,131,131,131,1520,118,472
jovo-feature-scale-example,jovo-feature-scale-example,classification,jovo_t7,cuml,cuML SPORF,n_features,200000,6,2,1280706876,200000,100,1,2,10,75,75,9,67,33,34,34,184,5.77717,3,9,971.104,2,67,67,134,165,165,165,1856,134,536
jovo-feature-scale-example,jovo-feature-scale-example,classification,jovo_t7,cuml,cuML SPORF,n_features,200000,6,2,1280706876,200000,100,1,2,10,76,76,7,67,33,34,34,184,5.29891,3,7,725.395,2,67,67,134,152,152,152,1752,134,536
jovo-feature-scale-example,jovo-feature-scale-example,classification,jovo_t7,cuml,cuML SPORF,n_features,200000,6,2,1280706876,200000,100,1,2,10,77,77,8,59,29,30,30,184,5.42391,3,8,1194.78,2,59,59,118,126,126,126,1480,118,472
jovo-feature-scale-example,jovo-feature-scale-example,classification,jovo_t7,cuml,cuML SPORF,n_features,200000,6,2,1280706876,200000,100,1,2,10,78,78,6,57,28,29,29,184,5.19022,3,6,722.202,2,57,57,114,154,154,154,1688,114,456
jovo-feature-scale-example,jovo-feature-scale-example,classification,jovo_t7,cuml,cuML SPORF,n_features,200000,6,2,1280706876,200000,100,1,2,10,79,79,9,61,30,31,31,184,5.05978,3,9,1414.95,2,61,61,122,140,140,140,1608,122,488
jovo-feature-scale-example,jovo-feature-scale-example,classification,jovo_t7,cuml,cuML SPORF,n_features,200000,6,2,1280706876,200000,100,1,2,10,80,80,9,59,29,30,30,184,5.61957,3,9,1446.57,2,59,59,118,138,138,138,1576,118,472
jovo-feature-scale-example,jovo-feature-scale-example,classification,jovo_t7,cuml,cuML SPORF,n_features,200000,6,2,1280706876,200000,100,1,2,10,81,81,8,65,32,33,33,184,4.95109,3,8,1227.17,2,65,65,130,155,155,155,1760,130,520
jovo-feature-scale-example,jovo-feature-scale-example,classification,jovo_t7,cuml,cuML SPORF,n_features,200000,6,2,1280706876,200000,100,1,2,10,82,82,8,59,29,30,30,184,5.22283,3,8,1193.68,2,59,59,118,136,136,136,1560,118,472
jovo-feature-scale-example,jovo-feature-scale-example,classification,jovo_t7,cuml,cuML SPORF,n_features,200000,6,2,1280706876,200000,100,1,2,10,83,83,7,61,30,31,31,184,4.8587,3,7,960.854,2,61,61,122,128,128,128,1512,122,488
jovo-feature-scale-example,jovo-feature-scale-example,classification,jovo_t7,cuml,cuML SPORF,n_features,200000,6,2,1280706876,200000,100,1,2,10,84,84,8,57,28,29,29,184,4.93478,3,8,960.433,2,57,57,114,152,152,152,1672,114,456
jovo-feature-scale-example,jovo-feature-scale-example,classification,jovo_t7,cuml,cuML SPORF,n_features,200000,6,2,1280706876,200000,100,1,2,10,85,85,8,63,31,32,32,184,5.27174,3,8,949.773,2,63,63,126,137,137,137,1600,126,504
jovo-feature-scale-example,jovo-feature-scale-example,classification,jovo_t7,cuml,cuML SPORF,n_features,200000,6,2,1280706876,200000,100,1,2,10,86,86,8,63,31,32,32,184,5.54891,3,8,950.652,2,63,63,126,159,159,159,1776,126,504
jovo-feature-scale-example,jovo-feature-scale-example,classification,jovo_t7,cuml,cuML SPORF,n_features,200000,6,2,1280706876,200000,100,1,2,10,87,87,8,57,28,29,29,184,4.98913,3,8,1443.34,2,57,57,114,133,133,133,1520,114,456
jovo-feature-scale-example,jovo-feature-scale-example,classification,jovo_t7,cuml,cuML SPORF,n_features,200000,6,2,1280706876,200000,100,1,2,10,88,88,9,59,29,30,30,184,5.09239,3,9,1418.17,2,59,59,118,139,139,139,1584,118,472
jovo-feature-scale-example,jovo-feature-scale-example,classification,jovo_t7,cuml,cuML SPORF,n_features,200000,6,2,1280706876,200000,100,1,2,10,89,89,10,57,28,29,29,184,5.58696,2,10,1932.63,2,57,57,114,133,133,133,1520,114,456
jovo-feature-scale-example,jovo-feature-scale-example,classification,jovo_t7,cuml,cuML SPORF,n_features,200000,6,2,1280706876,200000,100,1,2,10,90,90,8,59,29,30,30,184,5.11957,3,8,1207.14,2,59,59,118,112,112,112,1368,118,472
jovo-feature-scale-example,jovo-feature-scale-example,classification,jovo_t7,cuml,cuML SPORF,n_features,200000,6,2,1280706876,200000,100,1,2,10,91,91,8,71,35,36,36,184,5.53804,4,8,977.578,2,71,71,142,147,147,147,1744,142,568
jovo-feature-scale-example,jovo-feature-scale-example,classification,jovo_t7,cuml,cuML SPORF,n_features,200000,6,2,1280706876,200000,100,1,2,10,92,92,6,51,25,26,26,184,4.65217,3,6,718.083,2,51,51,102,112,112,112,1304,102,408
jovo-feature-scale-example,jovo-feature-scale-example,classification,jovo_t7,cuml,cuML SPORF,n_features,200000,6,2,1280706876,200000,100,1,2,10,93,93,9,63,31,32,32,184,5.28804,3,9,1192.07,2,63,63,126,136,136,136,1592,126,504
jovo-feature-scale-example,jovo-feature-scale-example,classification,jovo_t7,cuml,cuML SPORF,n_features,200000,6,2,1280706876,200000,100,1,2,10,94,94,7,61,30,31,31,184,5.08152,3,7,722.659,2,61,61,122,136,136,136,1576,122,488
jovo-feature-scale-example,jovo-feature-scale-example,classification,jovo_t7,cuml,cuML SPORF,n_features,200000,6,2,1280706876,200000,100,1,2,10,95,95,7,55,27,28,28,184,5,2,7,1213.15,2,55,55,110,113,113,113,1344,110,440
jovo-feature-scale-example,jovo-feature-scale-example,classification,jovo_t7,cuml,cuML SPORF,n_features,200000,6,2,1280706876,200000,100,1,2,10,96,96,9,55,27,28,28,184,5.22826,3,9,1438,2,55,55,110,124,124,124,1432,110,440
jovo-feature-scale-example,jovo-feature-scale-example,classification,jovo_t7,cuml,cuML SPORF,n_features,200000,6,2,1280706876,200000,100,1,2,10,97,97,8,51,25,26,26,184,4.56522,3,8,1188.28,2,51,51,102,120,120,120,1368,102,408
jovo-feature-scale-example,jovo-feature-scale-example,classification,jovo_t7,cuml,cuML SPORF,n_features,200000,6,2,1280706876,200000,100,1,2,10,98,98,8,57,28,29,29,184,4.94022,4,8,1176.04,2,57,57,114,136,136,136,1544,114,456
jovo-feature-scale-example,jovo-feature-scale-example,classification,jovo_t7,cuml,cuML SPORF,n_features,200000,6,2,1280706876,200000,100,1,2,10,99,99,7,53,26,27,27,184,5.03261,2,7,1226.44,2,53,53,106,124,124,124,1416,106,424
jovo-feature-scale-example,jovo-feature-scale-example,classification,jovo_t7,cuml,cuML SPORF,n_features,200000,6,3,1470347820,200000,100,1,2,10,0,0,9,57,28,29,29,184,5.11957,3,9,1194.94,2,57,57,114,128,128,128,1480,114,456
jovo-feature-scale-example,jovo-feature-scale-example,classification,jovo_t7,cuml,cuML SPORF,n_features,200000,6,3,1470347820,200000,100,1,2,10,1,1,10,55,27,28,28,184,5.19565,3,10,1919.88,2,55,55,110,122,122,122,1416,110,440
jovo-feature-scale-example,jovo-feature-scale-example,classification,jovo_t7,cuml,cuML SPORF,n_features,200000,6,3,1470347820,200000,100,1,2,10,2,2,8,53,26,27,27,184,5.53804,2,8,1209.35,2,53,53,106,130,130,130,1464,106,424
jovo-feature-scale-example,jovo-feature-scale-example,classification,jovo_t7,cuml,cuML SPORF,n_features,200000,6,3,1470347820,200000,100,1,2,10,3,3,9,57,28,29,29,184,4.84783,3,9,1446.08,2,57,57,114,133,133,133,1520,114,456
jovo-feature-scale-example,jovo-feature-scale-example,classification,jovo_t7,cuml,cuML SPORF,n_features,200000,6,3,1470347820,200000,100,1,2,10,4,4,7,61,30,31,31,184,5.15761,3,7,726.939,2,61,61,122,143,143,143,1632,122,488
jovo-feature-scale-example,jovo-feature-scale-example,classification,jovo_t7,cuml,cuML SPORF,n_features,200000,6,3,1470347820,200000,100,1,2,10,5,5,8,61,30,31,31,184,4.78261,3,8,1192.25,2,61,61,122,137,137,137,1584,122,488
jovo-feature-scale-example,jovo-feature-scale-example,classification,jovo_t7,cuml,cuML SPORF,n_features,200000,6,3,1470347820,200000,100,1,2,10,6,6,8,59,29,30,30,184,5.00543,3,8,1199.82,2,59,59,118,133,133,133,1536,118,472
jovo-feature-scale-example,jovo-feature-scale-example,classification,jovo_t7,cuml,cuML SPORF,n_features,200000,6,3,1470347820,200000,100,1,2,10,7,7,8,55,27,28,28,184,4.91848,3,8,1199.9,2,55,55,110,119,119,119,1392,110,440
jovo-feature-scale-example,jovo-feature-scale-example,classification,jovo_t7,cuml,cuML SPORF,n_features,200000,6,3,1470347820,200000,100,1,2,10,8,8,9,61,30,31,31,184,5.61957,3,9,1430.33,2,61,61,122,126,126,126,1496,122,488
jovo-feature-scale-example,jovo-feature-scale-example,classification,jovo_t7,cuml,cuML SPORF,n_features,200000,6,3,1470347820,200000,100,1,2,10,9,9,8,71,35,36,36,184,5.34239,3,8,1207.04,2,71,71,142,151,151,151,1776,142,568
jovo-feature-scale-example,jovo-feature-scale-example,classification,jovo_t7,cuml,cuML SPORF,n_features,200000,6,3,1470347820,200000,100,1,2,10,10,10,7,59,29,30,30,184,5.17935,3,7,964.421,2,59,59,118,127,127,127,1488,118,472
jovo-feature-scale-example,jovo-feature-scale-example,classification,jovo_t7,cuml,cuML SPORF,n_features,200000,6,3,1470347820,200000,100,1,2,10,11,11,7,55,27,28,28,184,5.5,3,7,974.126,2,55,55,110,110,110,110,1320,110,440
jovo-feature-scale-example,jovo-feature-scale-example,classification,jovo_t7,cuml,cuML SPORF,n_features,200000,6,3,1470347820,200000,100,1,2,10,12,12,8,57,28,29,29,184,5.05978,3,8,1189.13,2,57,57,114,119,119,119,1408,114,456
jovo-feature-scale-example,jovo-feature-scale-example,classification,jovo_t7,cuml,cuML SPORF,n_features,200000,6,3,1470347820,200000,100,1,2,10,13,13,9,59,29,30,30,184,5.36957,2,9,1680.72,2,59,59,118,142,142,142,1608,118,472
jovo-feature-scale-example,jovo-feature-scale-example,classification,jovo_t7,cuml,cuML SPORF,n_features,200000,6,3,1470347820,200000,100,1,2,10,14,14,7,59,29,30,30,184,5.21739,2,7,1218.68,2,59,59,118,137,137,137,1568,118,472
jovo-feature-scale-example,jovo-feature-scale-example,classification,jovo_t7,cuml,cuML SPORF,n_features,200000,6,3,1470347820,200000,100,1,2,10,15,15,7,55,27,28,28,184,5.29348,3,7,723.796,2,55,55,110,119,119,119,1392,110,440
jovo-feature-scale-example,jovo-feature-scale-example,classification,jovo_t7,cuml,cuML SPORF,n_features,200000,6,3,1470347820,200000,100,1,2,10,16,16,10,51,25,26,26,184,5.05978,2,10,2434.26,2,51,51,102,123,123,123,1392,102,408
jovo-feature-scale-example,jovo-feature-scale-example,classification,jovo_t7,cuml,cuML SPORF,n_features,200000,6,3,1470347820,200000,100,1,2,10,17,17,9,61,30,31,31,184,4.99457,2,9,1693.83,2,61,61,122,128,128,128,1512,122,488
jovo-feature-scale-example,jovo-feature-scale-example,classification,jovo_t7,cuml,cuML SPORF,n_features,200000,6,3,1470347820,200000,100,1,2,10,18,18,8,57,28,29,29,184,4.86957,3,8,1199.74,2,57,57,114,129,129,129,1488,114,456
jovo-feature-scale-example,jovo-feature-scale-example,classification,jovo_t7,cuml,cuML SPORF,n_features,200000,6,3,1470347820,200000,100,1,2,10,19,19,7,49,24,25,25,184,4.83696,2,7,1199.16,2,49,49,98,123,123,123,1376,98,392
jovo-feature-scale-example,jovo-feature-scale-example,classification,jovo_t7,cuml,cuML SPORF,n_features,200000,6,3,1470347820,200000,100,1,2,10,20,20,8,65,32,33,33,184,5.3913,2,8,1214.42,2,65,65,130,142,142,142,1656,130,520
jovo-feature-scale-example,jovo-feature-scale-example,classification,jovo_t7,cuml,cuML SPORF,n_features,200000,6,3,1470347820,200000,100,1,2,10,21,21,8,59,29,30,30,184,5.04891,2,8,1439.61,2,59,59,118,127,127,127,1488,118,472
jovo-feature-scale-example,jovo-feature-scale-example,classification,jovo_t7,cuml,cuML SPORF,n_features,200000,6,3,1470347820,200000,100,1,2,10,22,22,9,67,33,34,34,184,5.63587,3,9,963.931,2,67,67,134,137,137,137,1632,134,536
jovo-feature-scale-example,jovo-feature-scale-example,classification,jovo_t7,cuml,cuML SPORF,n_features,200000,6,3,1470347820,200000,100,1,2,10,23,23,10,61,30,31,31,184,5.27174,3,10,1420.8,2,61,61,122,144,144,144,1640,122,488
jovo-feature-scale-example,jovo-feature-scale-example,classification,jovo_t7,cuml,cuML SPORF,n_features,200000,6,3,1470347820,200000,100,1,2,10,24,24,9,55,27,28,28,184,5.79348,3,9,1196.84,2,55,55,110,125,125,125,1440,110,440
jovo-feature-scale-example,jovo-feature-scale-example,classification,jovo_t7,cuml,cuML SPORF,n_features,200000,6,3,1470347820,200000,100,1,2,10,25,25,8,53,26,27,27,184,4.83696,2,8,1451.33,2,53,53,106,127,127,127,1440,106,424
jovo-feature-scale-example,jovo-feature-scale-example,classification,jovo_t7,cuml,cuML SPORF,n_features,200000,6,3,1470347820,200000,100,1,2,10,26,26,7,49,24,25,25,184,4.82609,2,7,1211.31,2,49,49,98,95,95,95,1152,98,392
jovo-feature-scale-example,jovo-feature-scale-example,classification,jovo_t7,cuml,cuML SPORF,n_features,200000,6,3,1470347820,200000,100,1,2,10,27,27,8,57,28,29,29,184,5.59783,3,8,1189.87,2,57,57,114,158,158,158,1720,114,456
jovo-feature-scale-example,jovo-feature-scale-example,classification,jovo_t7,cuml,cuML SPORF,n_features,200000,6,3,1470347820,200000,100,1,2,10,28,28,8,65,32,33,33,184,5.29348,2,8,1201.6,2,65,65,130,141,141,141,1648,130,520
jovo-feature-scale-example,jovo-feature-scale-example,classification,jovo_t7,cuml,cuML SPORF,n_features,200000,6,3,1470347820,200000,100,1,2,10,29,29,10,65,32,33,33,184,5.375,3,10,1671.13,2,65,65,130,153,153,153,1744,130,520
jovo-feature-scale-example,jovo-feature-scale-example,classification,jovo_t7,cuml,cuML SPORF,n_features,200000,6,3,1470347820,200000,100,1,2,10,30,30,7,49,24,25,25,184,4.92391,3,7,1198.84,2,49,49,98,118,118,118,1336,98,392
jovo-feature-scale-example,jovo-feature-scale-example,classification,jovo_t7,cuml,cuML SPORF,n_features,200000,6,3,1470347820,200000,100,1,2,10,31,31,8,53,26,27,27,184,5.05435,2,8,1202.55,2,53,53,106,134,134,134,1496,106,424
jovo-feature-scale-example,jovo-feature-scale-example,classification,jovo_t7,cuml,cuML SPORF,n_features,200000,6,3,1470347820,200000,100,1,2,10,32,32,8,57,28,29,29,184,5.15761,2,8,1198,2,57,57,114,132,132,132,1512,114,456
jovo-feature-scale-example,jovo-feature-scale-example,classification,jovo_t7,cuml,cuML SPORF,n_features,200000,6,3,1470347820,200000,100,1,2,10,33,33,7,55,27,28,28,184,4.71196,3,7,948.005,2,55,55,110,134,134,134,1512,110,440
jovo-feature-scale-example,jovo-feature-scale-example,classification,jovo_t7,cuml,cuML SPORF,n_features,200000,6,3,1470347820,200000,100,1,2,10,34,34,9,53,26,27,27,184,4.97826,3,9,1440.07,2,53,53,106,128,128,128,1448,106,424
jovo-feature-scale-example,jovo-feature-scale-example,classification,jovo_t7,cuml,cuML SPORF,n_features,200000,6,3,1470347820,200000,100,1,2,10,35,35,9,51,25,26,26,184,5.03261,2,9,1676.49,2,51,51,102,113,113,113,1312,102,408
jovo-feature-scale-example,jovo-feature-scale-example,classification,jovo_t7,cuml,cuML SPORF,n_features,200000,6,3,1470347820,200000,100,1,2,10,36,36,11,69,34,35,35,184,5.70109,3,11,1648.42,2,69,69,138,149,149,149,1744,138,552
jovo-feature-scale-example,jovo-feature-scale-example,classification,jovo_t7,cuml,cuML SPORF,n_features,200000,6,3,1470347820,200000,100,1,2,10,37,37,7,53,26,27,27,184,4.875,2,7,1223.75,2,53,53,106,124,124,124,1416,106,424
jovo-feature-scale-example,jovo-feature-scale-example,classification,jovo_t7,cuml,cuML SPORF,n_features,200000,6,3,1470347820,200000,100,1,2,10,38,38,10,59,29,30,30,184,5.48913,2,10,1933.28,2,59,59,118,142,142,142,1608,118,472
jovo-feature-scale-example,jovo-feature-scale-example,classification,jovo_t7,cuml,cuML SPORF,n_features,200000,6,3,1470347820,200000,100,1,2,10,39,39,10,61,30,31,31,184,5.84783,2,10,2192.06,2,61,61,122,147,147,147,1664,122,488
jovo-feature-scale-example,jovo-feature-scale-example,classification,jovo_t7,cuml,cuML SPORF,n_features,200000,6,3,1470347820,200000,100,1,2,10,40,40,8,47,23,24,24,184,5.16304,3,8,1417.45,2,47,47,94,121,121,121,1344,94,376
jovo-feature-scale-example,jovo-feature-scale-example,classification,jovo_t7,cuml,cuML SPORF,n_features,200000,6,3,1470347820,200000,100,1,2,10,41,41,8,55,27,28,28,184,5.17391,3,8,961.235,2,55,55,110,135,135,135,1520,110,440
jovo-feature-scale-example,jovo-feature-scale-example,classification,jovo_t7,cuml,cuML SPORF,n_features,200000,6,3,1470347820,200000,100,1,2,10,42,42,8,55,27,28,28,184,4.86413,3,8,1216.84,2,55,55,110,119,119,119,1392,110,440
jovo-feature-scale-example,jovo-feature-scale-example,classification,jovo_t7,cuml,cuML SPORF,n_features,200000,6,3,1470347820,200000,100,1,2,10,43,43,10,53,26,27,27,184,5.04348,3,10,2161.6,2,53,53,106,106,106,106,1272,106,424
jovo-feature-scale-example,jovo-feature-scale-example,classification,jovo_t7,cuml,cuML SPORF,n_features,200000,6,3,1470347820,200000,100,1,2,10,44,44,10,61,30,31,31,184,5.91848,3,10,1436.48,2,61,61,122,154,154,154,1720,122,488
jovo-feature-scale-example,jovo-feature-scale-example,classification,jovo_t7,cuml,cuML SPORF,n_features,200000,6,3,1470347820,200000,100,1,2,10,45,45,10,59,29,30,30,184,5.53804,2,10,1962.74,2,59,59,118,133,133,133,1536,118,472
jovo-feature-scale-example,jovo-feature-scale-example,classification,jovo_t7,cuml,cuML SPORF,n_features,200000,6,3,1470347820,200000,100,1,2,10,46,46,7,63,31,32,32,184,5.20109,3,7,963.098,2,63,63,126,131,131,131,1552,126,504
jovo-feature-scale-example,jovo-feature-scale-example,classification,jovo_t7,cuml,cuML SPORF,n_features,200000,6,3,1470347820,200000,100,1,2,10,47,47,8,49,24,25,25,184,4.44022,3,8,1182.93,2,49,49,98,107,107,107,1248,98,392
jovo-feature-scale-example,jovo-feature-scale-example,classification,jovo_t7,cuml,cuML SPORF,n_features,200000,6,3,1470347820,200000,100,1,2,10,48,48,9,67,33,34,34,184,5.13587,3,9,1457.6,2,67,67,134,155,155,155,1776,134,536
jovo-feature-scale-example,jovo-feature-scale-example,classification,jovo_t7,cuml,cuML SPORF,n_features,200000,6,3,1470347820,200000,100,1,2,10,49,49,8,59,29,30,30,184,5.75543,3,8,1207.48,2,59,59,118,148,148,148,1656,118,472
jovo-feature-scale-example,jovo-feature-scale-example,classification,jovo_t7,cuml,cuML SPORF,n_features,200000,6,3,1470347820,200000,100,1,2,10,50,50,11,57,28,29,29,184,5.36957,3,11,1883.64,2,57,57,114,135,135,135,1536,114,456
jovo-feature-scale-example,jovo-feature-scale-example,classification,jovo_t7,cuml,cuML SPORF,n_features,200000,6,3,1470347820,200000,100,1,2,10,51,51,9,65,32,33,33,184,5.41848,3,9,1202.54,2,65,65,130,154,154,154,1752,130,520
jovo-feature-scale-example,jovo-feature-scale-example,classification,jovo_t7,cuml,cuML SPORF,n_features,200000,6,3,1470347820,200000,100,1,2,10,52,52,10,61,30,31,31,184,5.73913,2,10,1938.23,2,61,61,122,140,140,140,1608,122,488
jovo-feature-scale-example,jovo-feature-scale-example,classification,jovo_t7,cuml,cuML SPORF,n_features,200000,6,3,1470347820,200000,100,1,2,10,53,53,8,49,24,25,25,184,5.25,2,8,1196.44,2,49,49,98,112,112,112,1288,98,392
jovo-feature-scale-example,jovo-feature-scale-example,classification,jovo_t7,cuml,cuML SPORF,n_features,200000,6,3,1470347820,200000,100,1,2,10,54,54,8,59,29,30,30,184,5.27174,3,8,1202.64,2,59,59,118,142,142,142,1608,118,472
jovo-feature-scale-example,jovo-feature-scale-example,classification,jovo_t7,cuml,cuML SPORF,n_features,200000,6,3,1470347820,200000,100,1,2,10,55,55,7,65,32,33,33,184,5.15761,3,7,976.789,2,65,65,130,165,165,165,1840,130,520
jovo-feature-scale-example,jovo-feature-scale-example,classification,jovo_t7,cuml,cuML SPORF,n_features,200000,6,3,1470347820,200000,100,1,2,10,56,56,9,57,28,29,29,184,5.44565,2,9,1465.3,2,57,57,114,129,129,129,1488,114,456
jovo-feature-scale-example,jovo-feature-scale-example,classification,jovo_t7,cuml,cuML SPORF,n_features,200000,6,3,1470347820,200000,100,1,2,10,57,57,13,61,30,31,31,184,6.14674,2,13,2606.45,2,61,61,122,119,119,119,1440,122,488
jovo-feature-scale-example,jovo-feature-scale-example,classification,jovo_t7,cuml,cuML SPORF,n_features,200000,6,3,1470347820,200000,100,1,2,10,58,58,10,49,24,25,25,184,5.16848,2,10,1892.01,2,49,49,98,101,101,101,1200,98,392
jovo-feature-scale-example,jovo-feature-scale-example,classification,jovo_t7,cuml,cuML SPORF,n_features,200000,6,3,1470347820,200000,100,1,2,10,59,59,6,55,27,28,28,184,5.07065,3,6,722.48,2,55,55,110,112,112,112,1336,110,440
jovo-feature-scale-example,jovo-feature-scale-example,classification,jovo_t7,cuml,cuML SPORF,n_features,200000,6,3,1470347820,200000,100,1,2,10,60,60,9,63,31,32,32,184,5.7337,3,9,1218.41,2,63,63,126,144,144,144,1656,126,504
jovo-feature-scale-example,jovo-feature-scale-example,classification,jovo_t7,cuml,cuML SPORF,n_features,200000,6,3,1470347820,200000,100,1,2,10,61,61,8,55,27,28,28,184,5.00543,2,8,1439.46,2,55,55,110,133,133,133,1504,110,440
jovo-feature-scale-example,jovo-feature-scale-example,classification,jovo_t7,cuml,cuML SPORF,n_features,200000,6,3,1470347820,200000,100,1,2,10,62,62,8,63,31,32,32,184,5.57609,3,8,1203.53,2,63,63,126,127,127,127,1520,126,504
jovo-feature-scale-example,jovo-feature-scale-example,classification,jovo_t7,cuml,cuML SPORF,n_features,200000,6,3,1470347820,200000,100,1,2,10,63,63,9,63,31,32,32,184,5.58696,3,9,1478.59,2,63,63,126,149,149,149,1696,126,504
jovo-feature-scale-example,jovo-feature-scale-example,classification,jovo_t7,cuml,cuML SPORF,n_features,200000,6,3,1470347820,200000,100,1,2,10,64,64,8,63,31,32,32,184,5.32609,3,8,951.43,2,63,63,126,135,135,135,1584,126,504
jovo-feature-scale-example,jovo-feature-scale-example,classification,jovo_t7,cuml,cuML SPORF,n_features,200000,6,3,1470347820,200000,100,1,2,10,65,65,7,51,25,26,26,184,4.69022,4,7,1200.58,2,51,51,102,125,125,125,1408,102,408
jovo-feature-scale-example,jovo-feature-scale-example,classification,jovo_t7,cuml,cuML SPORF,n_features,200000,6,3,1470347820,200000,100,1,2,10,66,66,8,67,33,34,34,184,5.52174,3,8,976.581,2,67,67,134,149,149,149,1728,134,536
jovo-feature-scale-example,jovo-feature-scale-example,classification,jovo_t7,cuml,cuML SPORF,n_features,200000,6,3,1470347820,200000,100,1,2,10,67,67,8,55,27,28,28,184,5.17935,3,8,1465.87,2,55,55,110,129,129,129,1472,110,440
jovo-feature-scale-example,jovo-feature-scale-example,classification,jovo_t7,cuml,cuML SPORF,n_features,200000,6,3,1470347820,200000,100,1,2,10,68,68,8,71,35,36,36,184,5.66304,3,8,1219.96,2,71,71,142,153,153,153,1792,142,568
jovo-feature-scale-example,jovo-feature-scale-example,classification,jovo_t7,cuml,cuML SPORF,n_features,200000,6,3,1470347820,200000,100,1,2,10,69,69,10,59,29,30,30,184,5.26087,3,10,1695.9,2,59,59,118,148,148,148,1656,118,472
jovo-feature-scale-example,jovo-feature-scale-example,classification,jovo_t7,cuml,cuML SPORF,n_features,200000,6,3,1470347820,200000,100,1,2,10,70,70,8,63,31,32,32,184,5.20109,2,8,1200.24,2,63,63,126,153,153,153,1728,126,504
jovo-feature-scale-example,jovo-feature-scale-example,classification,jovo_t7,cuml,cuML SPORF,n_features,200000,6,3,1470347820,200000,100,1,2,10,71,71,8,63,31,32,32,184,5.49457,3,8,1206.45,2,63,63,126,125,125,125,1504,126,504
jovo-feature-scale-example,jovo-feature-scale-example,classification,jovo_t7,cuml,cuML SPORF,n_features,200000,6,3,1470347820,200000,100,1,2,10,72,72,7,59,29,30,30,184,5.19565,3,7,723.838,2,59,59,118,126,126,126,1480,118,472
jovo-feature-scale-example,jovo-feature-scale-example,classification,jovo_t7,cuml,cuML SPORF,n_features,200000,6,3,1470347820,200000,100,1,2,10,73,73,9,57,28,29,29,184,4.83152,2,9,1930.08,2,57,57,114,136,136,136,1544,114,456
jovo-feature-scale-example,jovo-feature-scale-example,classification,jovo_t7,cuml,cuML SPORF,n_features,200000,6,3,1470347820,200000,100,1,2,10,74,74,8,57,28,29,29,184,5.27174,3,8,1201.46,2,57,57,114,115,115,115,1376,114,456
jovo-feature-scale-example,jovo-feature-scale-example,classification,jovo_t7,cuml,cuML SPORF,n_features,200000,6,3,1470347820,200000,100,1,2,10,75,75,9,69,34,35,35,184,5.18478,3,9,1432.96,2,69,69,138,159,159,159,1824,138,552
jovo-feature-scale-example,jovo-feature-scale-example,classification,jovo_t7,cuml,cuML SPORF,n_features,200000,6,3,1470347820,200000,100,1,2,10,76,76,9,53,26,27,27,184,4.99457,3,9,1172.06,2,53,53,106,144,144,144,1576,106,424
jovo-feature-scale-example,jovo-feature-scale-example,classification,jovo_t7,cuml,cuML SPORF,n_features,200000,6,3,1470347820,200000,100,1,2,10,77,77,9,67,33,34,34,184,5.2663,3,9,1208.51,2,67,67,134,151,151,151,1744,134,536
jovo-feature-scale-example,jovo-feature-scale-example,classification,jovo_t7,cuml,cuML SPORF,n_features,200000,6,3,1470347820,200000,100,1,2,10,78,78,7,57,28,29,29,184,5.125,3,7,963.856,2,57,57,114,142,142,142,1592,114,456
jovo-feature-scale-example,jovo-feature-scale-example,classification,jovo_t7,cuml,cuML SPORF,n_features,200000,6,3,1470347820,200000,100,1,2,10,79,79,9,55,27,28,28,184,5.03261,3,9,1428.46,2,55,55,110,144,144,144,1592,110,440
jovo-feature-scale-example,jovo-feature-scale-example,classification,jovo_t7,cuml,cuML SPORF,n_features,200000,6,3,1470347820,200000,100,1,2,10,80,80,7,49,24,25,25,184,4.67391,4,7,1201.67,2,49,49,98,101,101,101,1200,98,392
jovo-feature-scale-example,jovo-feature-scale-example,classification,jovo_t7,cuml,cuML SPORF,n_features,200000,6,3,1470347820,200000,100,1,2,10,81,81,8,65,32,33,33,184,5.22826,3,8,1215.28,2,65,65,130,135,135,135,1600,130,520
jovo-feature-scale-example,jovo-feature-scale-example,classification,jovo_t7,cuml,cuML SPORF,n_features,200000,6,3,1470347820,200000,100,1,2,10,82,82,8,61,30,31,31,184,5.17935,3,8,1207.04,2,61,61,122,162,162,162,1784,122,488
jovo-feature-scale-example,jovo-feature-scale-example,classification,jovo_t7,cuml,cuML SPORF,n_features,200000,6,3,1470347820,200000,100,1,2,10,83,83,10,61,30,31,31,184,5.66304,3,10,1641.32,2,61,61,122,128,128,128,1512,122,488
jovo-feature-scale-example,jovo-feature-scale-example,classification,jovo_t7,cuml,cuML SPORF,n_features,200000,6,3,1470347820,200000,100,1,2,10,84,84,9,57,28,29,29,184,4.9837,3,9,1697.02,2,57,57,114,128,128,128,1480,114,456
jovo-feature-scale-example,jovo-feature-scale-example,classification,jovo_t7,cuml,cuML SPORF,n_features,200000,6,3,1470347820,200000,100,1,2,10,85,85,8,57,28,29,29,184,5.54891,3,8,1219.93,2,57,57,114,122,122,122,1432,114,456
jovo-feature-scale-example,jovo-feature-scale-example,classification,jovo_t7,cuml,cuML SPORF,n_features,200000,6,3,1470347820,200000,100,1,2,10,86,86,7,61,30,31,31,184,5.05978,4,7,947.609,2,61,61,122,141,141,141,1616,122,488
jovo-feature-scale-example,jovo-feature-scale-example,classification,jovo_t7,cuml,cuML SPORF,n_features,200000,6,3,1470347820,200000,100,1,2,10,87,87,7,53,26,27,27,184,5.15761,2,7,1229.15,2,53,53,106,115,115,115,1344,106,424
jovo-feature-scale-example,jovo-feature-scale-example,classification,jovo_t7,cuml,cuML SPORF,n_features,200000,6,3,1470347820,200000,100,1,2,10,88,88,8,55,27,28,28,184,5.34239,3,8,1205.06,2,55,55,110,110,110,110,1320,110,440
jovo-feature-scale-example,jovo-feature-scale-example,classification,jovo_t7,cuml,cuML SPORF,n_features,200000,6,3,1470347820,200000,100,1,2,10,89,89,8,57,28,29,29,184,5.08696,3,8,974.335,2,57,57,114,128,128,128,1480,114,456
jovo-feature-scale-example,jovo-feature-scale-example,classification,jovo_t7,cuml,cuML SPORF,n_features,200000,6,3,1470347820,200000,100,1,2,10,90,90,8,53,26,27,27,184,4.96196,3,8,1211.24,2,53,53,106,124,124,124,1416,106,424
jovo-feature-scale-example,jovo-feature-scale-example,classification,jovo_t7,cuml,cuML SPORF,n_features,200000,6,3,1470347820,200000,100,1,2,10,91,91,10,59,29,30,30,184,5.61957,2,10,1912.39,2,59,59,118,144,144,144,1624,118,472
jovo-feature-scale-example,jovo-feature-scale-example,classification,jovo_t7,cuml,cuML SPORF,n_features,200000,6,3,1470347820,200000,100,1,2,10,92,92,8,59,29,30,30,184,5.1087,2,8,1203.92,2,59,59,118,133,133,133,1536,118,472
jovo-feature-scale-example,jovo-feature-scale-example,classification,jovo_t7,cuml,cuML SPORF,n_features,200000,6,3,1470347820,200000,100,1,2,10,93,93,8,57,28,29,29,184,5.54348,3,8,975.13,2,57,57,114,138,138,138,1560,114,456
jovo-feature-scale-example,jovo-feature-scale-example,classification,jovo_t7,cuml,cuML SPORF,n_features,200000,6,3,1470347820,200000,100,1,2,10,94,94,7,61,30,31,31,184,5.21739,3,7,975.386,2,61,61,122,151,151,151,1696,122,488
jovo-feature-scale-example,jovo-feature-scale-example,classification,jovo_t7,cuml,cuML SPORF,n_features,200000,6,3,1470347820,200000,100,1,2,10,95,95,7,59,29,30,30,184,5.59783,3,7,980.375,2,59,59,118,130,130,130,1512,118,472
jovo-feature-scale-example,jovo-feature-scale-example,classification,jovo_t7,cuml,cuML SPORF,n_features,200000,6,3,1470347820,200000,100,1,2,10,96,96,8,55,27,28,28,184,5.30978,3,8,1189.03,2,55,55,110,119,119,119,1392,110,440
jovo-feature-scale-example,jovo-feature-scale-example,classification,jovo_t7,cuml,cuML SPORF,n_features,200000,6,3,1470347820,200000,100,1,2,10,97,97,7,61,30,31,31,184,5.25,3,7,962.831,2,61,61,122,134,134,134,1560,122,488
jovo-feature-scale-example,jovo-feature-scale-example,classification,jovo_t7,cuml,cuML SPORF,n_features,200000,6,3,1470347820,200000,100,1,2,10,98,98,8,55,27,28,28,184,5.20652,3,8,1188.63,2,55,55,110,116,116,116,1368,110,440
jovo-feature-scale-example,jovo-feature-scale-example,classification,jovo_t7,cuml,cuML SPORF,n_features,200000,6,3,1470347820,200000,100,1,2,10,99,99,9,63,31,32,32,184,5.49457,3,9,1433.81,2,63,63,126,160,160,160,1784,126,504
jovo-feature-scale-example,jovo-feature-scale-example,classification,jovo_t7,cuml,cuML SPORF,n_features,300000,7,1,1672937952,300000,100,1,2,10,0,0,8,65,32,33,33,184,5.38587,3,8,1444.92,2,65,65,130,165,165,165,1840,130,520
jovo-feature-scale-example,jovo-feature-scale-example,classification,jovo_t7,cuml,cuML SPORF,n_features,300000,7,1,1672937952,300000,100,1,2,10,1,1,10,73,36,37,37,184,6.22826,2,10,1444.6,2,73,73,146,168,168,168,1928,146,584
jovo-feature-scale-example,jovo-feature-scale-example,classification,jovo_t7,cuml,cuML SPORF,n_features,300000,7,1,1672937952,300000,100,1,2,10,2,2,7,63,31,32,32,184,5.03261,3,7,1446.73,2,63,63,126,136,136,136,1592,126,504
jovo-feature-scale-example,jovo-feature-scale-example,classification,jovo_t7,cuml,cuML SPORF,n_features,300000,7,1,1672937952,300000,100,1,2,10,3,3,8,61,30,31,31,184,5.6413,2,8,1428.83,2,61,61,122,152,152,152,1704,122,488
jovo-feature-scale-example,jovo-feature-scale-example,classification,jovo_t7,cuml,cuML SPORF,n_features,300000,7,1,1672937952,300000,100,1,2,10,4,4,8,63,31,32,32,184,5.73913,3,8,1423.07,2,63,63,126,146,146,146,1672,126,504
jovo-feature-scale-example,jovo-feature-scale-example,classification,jovo_t7,cuml,cuML SPORF,n_features,300000,7,1,1672937952,300000,100,1,2,10,5,5,7,57,28,29,29,184,5.05435,3,7,1076.67,2,57,57,114,108,108,108,1320,114,456
jovo-feature-scale-example,jovo-feature-scale-example,classification,jovo_t7,cuml,cuML SPORF,n_features,300000,7,1,1672937952,300000,100,1,2,10,6,6,8,63,31,32,32,184,5.72283,2,8,1081.18,2,63,63,126,154,154,154,1736,126,504
jovo-feature-scale-example,jovo-feature-scale-example,classification,jovo_t7,cuml,cuML SPORF,n_features,300000,7,1,1672937952,300000,100,1,2,10,7,7,8,59,29,30,30,184,4.94565,3,8,1418.23,2,59,59,118,135,135,135,1552,118,472
jovo-feature-scale-example,jovo-feature-scale-example,classification,jovo_t7,cuml,cuML SPORF,n_features,300000,7,1,1672937952,300000,100,1,2,10,8,8,8,51,25,26,26,184,4.96196,2,8,1435.67,2,51,51,102,123,123,123,1392,102,408
jovo-feature-scale-example,jovo-feature-scale-example,classification,jovo_t7,cuml,cuML SPORF,n_features,300000,7,1,1672937952,300000,100,1,2,10,9,9,7,61,30,31,31,184,5.23913,4,7,1080.25,2,61,61,122,120,120,120,1448,122,488
jovo-feature-scale-example,jovo-feature-scale-example,classification,jovo_t7,cuml,cuML SPORF,n_features,300000,7,1,1672937952,300000,100,1,2,10,10,10,9,67,33,34,34,184,5.49457,3,9,1424.38,2,67,67,134,163,163,163,1840,134,536
jovo-feature-scale-example,jovo-feature-scale-example,classification,jovo_t7,cuml,cuML SPORF,n_features,300000,7,1,1672937952,300000,100,1,2,10,11,11,10,57,28,29,29,184,5.22283,2,10,2135.91,2,57,57,114,134,134,134,1528,114,456
jovo-feature-scale-example,jovo-feature-scale-example,classification,jovo_t7,cuml,cuML SPORF,n_features,300000,7,1,1672937952,300000,100,1,2,10,12,12,8,61,30,31,31,184,5.24457,2,8,1415.84,2,61,61,122,137,137,137,1584,122,488
jovo-feature-scale-example,jovo-feature-scale-example,classification,jovo_t7,cuml,cuML SPORF,n_features,300000,7,1,1672937952,300000,100,1,2,10,13,13,9,57,28,29,29,184,5.86957,2,9,1792.12,2,57,57,114,117,117,117,1392,114,456
jovo-feature-scale-example,jovo-feature-scale-example,classification,jovo_t7,cuml,cuML SPORF,n_features,300000,7,1,1672937952,300000,100,1,2,10,14,14,8,53,26,27,27,184,5.77717,3,8,1802.34,2,53,53,106,131,131,131,1472,106,424
jovo-feature-scale-example,jovo-feature-scale-example,classification,jovo_t7,cuml,cuML SPORF,n_features,300000,7,1,1672937952,300000,100,1,2,10,15,15,8,61,30,31,31,184,5.31522,3,8,1424.83,2,61,61,122,148,148,148,1672,122,488
jovo-feature-scale-example,jovo-feature-scale-example,classification,jovo_t7,cuml,cuML SPORF,n_features,300000,7,1,1672937952,300000,100,1,2,10,16,16,10,55,27,28,28,184,4.9837,3,10,2453.98,2,55,55,110,133,133,133,1504,110,440
jovo-feature-scale-example,jovo-feature-scale-example,classification,jovo_t7,cuml,cuML SPORF,n_features,300000,7,1,1672937952,300000,100,1,2,10,17,17,8,49,24,25,25,184,5.29348,3,8,1753.46,2,49,49,98,116,116,116,1320,98,392
jovo-feature-scale-example,jovo-feature-scale-example,classification,jovo_t7,cuml,cuML SPORF,n_features,300000,7,1,1672937952,300000,100,1,2,10,18,18,10,69,34,35,35,184,6.03261,3,10,2130.57,2,69,69,138,153,153,153,1776,138,552
jovo-feature-scale-example,jovo-feature-scale-example,classification,jovo_t7,cuml,cuML SPORF,n_features,300000,7,1,1672937952,300000,100,1,2,10,19,19,8,57,28,29,29,184,4.78261,2,8,1776.96,2,57,57,114,131,131,131,1504,114,456
jovo-feature-scale-example,jovo-feature-scale-example,classification,jovo_t7,cuml,cuML SPORF,n_features,300000,7,1,1672937952,300000,100,1,2,10,20,20,7,51,25,26,26,184,4.63043,3,7,1415.82,2,51,51,102,122,122,122,1384,102,408
jovo-feature-scale-example,jovo-feature-scale-example,classification,jovo_t7,cuml,cuML SPORF,n_features,300000,7,1,1672937952,300000,100,1,2,10,21,21,8,63,31,32,32,184,5.36413,3,8,1784.56,2,63,63,126,138,138,138,1608,126,504
jovo-feature-scale-example,jovo-feature-scale-example,classification,jovo_t7,cuml,cuML SPORF,n_features,300000,7,1,1672937952,300000,100,1,2,10,22,22,7,59,29,30,30,184,4.86957,3,7,1079.15,2,59,59,118,119,119,119,1424,118,472
jovo-feature-scale-example,jovo-feature-scale-example,classification,jovo_t7,cuml,cuML SPORF,n_features,300000,7,1,1672937952,300000,100,1,2,10,23,23,10,65,32,33,33,184,5.98913,3,10,2120.51,2,65,65,130,142,142,142,1656,130,520
jovo-feature-scale-example,jovo-feature-scale-example,classification,jovo_t7,cuml,cuML SPORF,n_features,300000,7,1,1672937952,300000,100,1,2,10,24,24,8,65,32,33,33,184,5.00543,3,8,1441.85,2,65,65,130,141,141,141,1648,130,520
jovo-feature-scale-example,jovo-feature-scale-example,classification,jovo_t7,cuml,cuML SPORF,n_features,300000,7,1,1672937952,300000,100,1,2,10,25,25,8,59,29,30,30,184,5.47826,3,8,1782.22,2,59,59,118,137,137,137,1568,118,472
jovo-feature-scale-example,jovo-feature-scale-example,classification,jovo_t7,cuml,cuML SPORF,n_features,300000,7,1,1672937952,300000,100,1,2,10,26,26,8,55,27,28,28,184,4.97283,3,8,1435.37,2,55,55,110,134,134,134,1512,110,440
jovo-feature-scale-example,jovo-feature-scale-example,classification,jovo_t7,cuml,cuML SPORF,n_features,300000,7,1,1672937952,300000,100,1,2,10,27,27,10,63,31,32,32,184,5.39674,2,10,2527.36,2,63,63,126,148,148,148,1688,126,504
jovo-feature-scale-example,jovo-feature-scale-example,classification,jovo_t7,cuml,cuML SPORF,n_features,300000,7,1,1672937952,300000,100,1,2,10,28,28,8,49,24,25,25,184,4.72826,3,8,1408,2,49,49,98,107,107,107,1248,98,392
jovo-feature-scale-example,jovo-feature-scale-example,classification,jovo_t7,cuml,cuML SPORF,n_features,300000,7,1,1672937952,300000,100,1,2,10,29,29,8,59,29,30,30,184,5.47283,3,8,1445.45,2,59,59,118,133,133,133,1536,118,472
jovo-feature-scale-example,jovo-feature-scale-example,classification,jovo_t7,cuml,cuML SPORF,n_features,300000,7,1,1672937952,300000,100,1,2,10,30,30,10,61,30,31,31,184,5.42935,2,10,2487.24,2,61,61,122,151,151,151,1696,122,488
jovo-feature-scale-example,jovo-feature-scale-example,classification,jovo_t7,cuml,cuML SPORF,n_features,300000,7,1,1672937952,300000,100,1,2,10,31,31,7,63,31,32,32,184,5.17935,3,7,1099.66,2,63,63,126,143,143,143,1648,126,504
jovo-feature-scale-example,jovo-feature-scale-example,classification,jovo_t7,cuml,cuML SPORF,n_features,300000,7,1,1672937952,300000,100,1,2,10,32,32,8,63,31,32,32,184,5.40761,3,8,1804.84,2,63,63,126,153,153,153,1728,126,504
jovo-feature-scale-example,jovo-feature-scale-example,classification,jovo_t7,cuml,cuML SPORF,n_features,300000,7,1,1672937952,300000,100,1,2,10,33,33,8,55,27,28,28,184,5.55435,3,8,1073.65,2,55,55,110,155,155,155,1680,110,440
jovo-feature-scale-example,jovo-feature-scale-example,classification,jovo_t7,cuml,cuML SPORF,n_features,300000,7,1,1672937952,300000,100,1,2,10,34,34,9,59,29,30,30,184,5.30435,3,9,1757.33,2,59,59,118,139,139,139,1584,118,472
jovo-feature-scale-example,jovo-feature-scale-example,classification,jovo_t7,cuml,cuML SPORF,n_features,300000,7,1,1672937952,300000,100,1,2,10,35,35,8,59,29,30,30,184,4.9837,3,8,1419.76,2,59,59,118,143,143,143,1616,118,472
jovo-feature-scale-example,jovo-feature-scale-example,classification,jovo_t7,cuml,cuML SPORF,n_features,300000,7,1,1672937952,300000,100,1,2,10,36,36,10,57,28,29,29,184,5.09239,3,10,2460.75,2,57,57,114,139,139,139,1568,114,456
jovo-feature-scale-example,jovo-feature-scale-example,classification,jovo_t7,cuml,cuML SPORF,n_features,300000,7,1,1672937952,300000,100,1,2,10,37,37,9,55,27,28,28,184,5.08152,3,9,1773.6,2,55,55,110,134,134,134,1512,110,440
jovo-feature-scale-example,jovo-feature-scale-example,classification,jovo_t7,cuml,cuML SPORF,n_features,300000,7,1,1672937952,300000,100,1,2,10,38,38,9,47,23,24,24,184,4.92391,3,9,2496.34,2,47,47,94,104,104,104,1208,94,376
jovo-feature-scale-example,jovo-feature-scale-example,classification,jovo_t7,cuml,cuML SPORF,n_features,300000,7,1,1672937952,300000,100,1,2,10,39,39,8,61,30,31,31,184,5.15217,4,8,1761.64,2,61,61,122,139,139,139,1600,122,488
jovo-feature-scale-example,jovo-feature-scale-example,classification,jovo_t7,cuml,cuML SPORF,n_features,300000,7,1,1672937952,300000,100,1,2,10,40,40,8,63,31,32,32,184,5.39674,2,8,1419.43,2,63,63,126,138,138,138,1608,126,504
jovo-feature-scale-example,jovo-feature-scale-example,classification,jovo_t7,cuml,cuML SPORF,n_features,300000,7,1,1672937952,300000,100,1,2,10,41,41,8,63,31,32,32,184,5.15761,3,8,1441.49,2,63,63,126,130,130,130,1544,126,504
jovo-feature-scale-example,jovo-feature-scale-example,classification,jovo_t7,cuml,cuML SPORF,n_features,300000,7,1,1672937952,300000,100,1,2,10,42,42,8,59,29,30,30,184,4.97826,2,8,1424.34,2,59,59,118,151,151,151,1680,118,472
jovo-feature-scale-example,jovo-feature-scale-example,classification,jovo_t7,cuml,cuML SPORF,n_features,300000,7,1,1672937952,300000,100,1,2,10,43,43,9,61,30,31,31,184,5.84239,3,9,1786.25,2,61,61,122,156,156,156,1736,122,488
jovo-feature-scale-example,jovo-feature-scale-example,classification,jovo_t7,cuml,cuML SPORF,n_features,300000,7,1,1672937952,300000,100,1,2,10,44,44,8,65,32,33,33,184,5.09783,3,8,1442.12,2,65,65,130,144,144,144,1672,130,520
jovo-feature-scale-example,jovo-feature-scale-example,classification,jovo_t7,cuml,cuML SPORF,n_features,300000,7,1,1672937952,300000,100,1,2,10,45,45,7,63,31,32,32,184,5.43478,3,7,1083.38,2,63,63,126,132,132,132,1560,126,504
jovo-feature-scale-example,jovo-feature-scale-example,classification,jovo_t7,cuml,cuML SPORF,n_features,300000,7,1,1672937952,300000,100,1,2,10,46,46,9,59,29,30,30,184,5.04348,3,9,2139.81,2,59,59,118,131,131,131,1520,118,472
jovo-feature-scale-example,jovo-feature-scale-example,classification,jovo_t7,cuml,cuML SPORF,n_features,300000,7,1,1672937952,300000,100,1,2,10,47,47,8,67,33,34,34,184,5.42935,3,8,1443.7,2,67,67,134,154,154,154,1768,134,536
jovo-feature-scale-example,jovo-feature-scale-example,classification,jovo_t7,cuml,cuML SPORF,n_features,300000,7,1,1672937952,300000,100,1,2,10,48,48,8,63,31,32,32,184,5.25543,3,8,1442.27,2,63,63,126,155,155,155,1744,126,504
jovo-feature-scale-example,jovo-feature-scale-example,classification,jovo_t7,cuml,cuML SPORF,n_features,300000,7,1,1672937952,300000,100,1,2,10,49,49,9,57,28,29,29,184,5.4837,3,9,1760.88,2,57,57,114,120,120,120,1416,114,456
jovo-feature-scale-example,jovo-feature-scale-example,classification,jovo_t7,cuml,cuML SPORF,n_features,300000,7,1,1672937952,300000,100,1,2,10,50,50,7,49,24,25,25,184,4.83152,3,7,1430.34,2,49,49,98,109,109,109,1264,98,392
jovo-feature-scale-example,jovo-feature-scale-example,classification,jovo_t7,cuml,cuML SPORF,n_features,300000,7,1,1672937952,300000,100,1,2,10,51,51,8,63,31,32,32,184,5.24457,2,8,1423.71,2,63,63,126,154,154,154,1736,126,504
jovo-feature-scale-example,jovo-feature-scale-example,classification,jovo_t7,cuml,cuML SPORF,n_features,300000,7,1,1672937952,300000,100,1,2,10,52,52,9,69,34,35,35,184,6.09239,3,9,1815.2,2,69,69,138,144,144,144,1704,138,552
jovo-feature-scale-example,jovo-feature-scale-example,classification,jovo_t7,cuml,cuML SPORF,n_features,300000,7,1,1672937952,300000,100,1,2,10,53,53,7,55,27,28,28,184,5.07609,3,7,1079.59,2,55,55,110,124,124,124,1432,110,440
jovo-feature-scale-example,jovo-feature-scale-example,classification,jovo_t7,cuml,cuML SPORF,n_features,300000,7,1,1672937952,300000,100,1,2,10,54,54,6,51,25,26,26,184,5.04348,3,6,1079.69,2,51,51,102,130,130,130,1448,102,408
jovo-feature-scale-example,jovo-feature-scale-example,classification,jovo_t7,cuml,cuML SPORF,n_features,300000,7,1,1672937952,300000,100,1,2,10,55,55,9,63,31,32,32,184,5.41304,3,9,1760.52,2,63,63,126,144,144,144,1656,126,504
jovo-feature-scale-example,jovo-feature-scale-example,classification,jovo_t7,cuml,cuML SPORF,n_features,300000,7,1,1672937952,300000,100,1,2,10,56,56,7,53,26,27,27,184,4.71739,3,7,1070.19,2,53,53,106,124,124,124,1416,106,424
jovo-feature-scale-example,jovo-feature-scale-example,classification,jovo_t7,cuml,cuML SPORF,n_features,300000,7,1,1672937952,300000,100,1,2,10,57,57,9,69,34,35,35,184,5.70652,2,9,1084.49,2,69,69,138,155,155,155,1792,138,552
jovo-feature-scale-example,jovo-feature-scale-example,classification,jovo_t7,cuml,cuML SPORF,n_features,300000,7,1,1672937952,300000,100,1,2,10,58,58,9,55,27,28,28,184,5.14674,3,9,2134.96,2,55,55,110,117,117,117,1376,110,440
jovo-feature-scale-example,jovo-feature-scale-example,classification,jovo_t7,cuml,cuML SPORF,n_features,300000,7,1,1672937952,300000,100,1,2,10,59,59,9,39,19,20,20,184,4.42935,3,9,2447.98,2,39,39,78,93,93,93,1056,78,312
jovo-feature-scale-example,jovo-feature-scale-example,classification,jovo_t7,cuml,cuML SPORF,n_features,300000,7,1,1672937952,300000,100,1,2,10,60,60,8,51,25,26,26,184,5.0163,3,8,1417.21,2,51,51,102,101,101,101,1216,102,408
jovo-feature-scale-example,jovo-feature-scale-example,classification,jovo_t7,cuml,cuML SPORF,n_features,300000,7,1,1672937952,300000,100,1,2,10,61,61,7,59,29,30,30,184,4.81522,3,7,1436.38,2,59,59,118,117,117,117,1408,118,472
jovo-feature-scale-example,jovo-feature-scale-example,classification,jovo_t7,cuml,cuML SPORF,n_features,300000,7,1,1672937952,300000,100,1,2,10,62,62,7,65,32,33,33,184,4.88587,3,7,1083.9,2,65,65,130,136,136,136,1608,130,520
jovo-feature-scale-example,jovo-feature-scale-example,classification,jovo_t7,cuml,cuML SPORF,n_features,300000,7,1,1672937952,300000,100,1,2,10,63,63,8,49,24,25,25,184,4.84239,3,8,1432.24,2,49,49,98,98,98,98,1176,98,392
jovo-feature-scale-example,jovo-feature-scale-example,classification,jovo_t7,cuml,cuML SPORF,n_features,300000,7,1,1672937952,300000,100,1,2,10,64,64,8,59,29,30,30,184,5.81522,3,8,1439.13,2,59,59,118,148,148,148,1656,118,472
jovo-feature-scale-example,jovo-feature-scale-example,classification,jovo_t7,cuml,cuML SPORF,n_features,300000,7,1,1672937952,300000,100,1,2,10,65,65,7,65,32,33,33,184,5.14674,3,7,1441.02,2,65,65,130,163,163,163,1824,130,520
jovo-feature-scale-example,jovo-feature-scale-example,classification,jovo_t7,cuml,cuML SPORF,n_features,300000,7,1,1672937952,300000,100,1,2,10,66,66,11,59,29,30,30,184,5.52717,3,11,2481.1,2,59,59,118,124,124,124,1464,118,472
jovo-feature-scale-example,jovo-feature-scale-example,classification,jovo_t7,cuml,cuML SPORF,n_features,300000,7,1,1672937952,300000,100,1,2,10,67,67,10,55,27,28,28,184,5.58152,3,10,2843.27,2,55,55,110,118,118,118,1384,110,440
jovo-feature-scale-example,jovo-feature-scale-example,classification,jovo_t7,cuml,cuML SPORF,n_features,300000,7,1,1672937952,300000,100,1,2,10,68,68,8,61,30,31,31,184,5.41848,3,8,1074.86,2,61,61,122,145,145,145,1648,122,488
jovo-feature-scale-example,jovo-feature-scale-example,classification,jovo_t7,cuml,cuML SPORF,n_features,300000,7,1,1672937952,300000,100,1,2,10,69,69,8,57,28,29,29,184,5,3,8,1780.09,2,57,57,114,143,143,143,1600,114,456
jovo-feature-scale-example,jovo-feature-scale-example,classification,jovo_t7,cuml,cuML SPORF,n_features,300000,7,1,1672937952,300000,100,1,2,10,70,70,9,57,28,29,29,184,5.14674,3,9,1752.26,2,57,57,114,125,125,125,1456,114,456
jovo-feature-scale-example,jovo-feature-scale-example,classification,jovo_t7,cuml,cuML SPORF,n_features,300000,7,1,1672937952,300000,100,1,2,10,71,71,11,69,34,35,35,184,5.74457,3,11,2109.01,2,69,69,138,163,163,163,1856,138,552
jovo-feature-scale-example,jovo-feature-scale-example,classification,jovo_t7,cuml,cuML SPORF,n_features,300000,7,1,1672937952,300000,100,1,2,10,72,72,9,61,30,31,31,184,5.71739,3,9,1425.85,2,61,61,122,136,136,136,1576,122,488
jovo-feature-scale-example,jovo-feature-scale-example,classification,jovo_t7,cuml,cuML SPORF,n_features,300000,7,1,1672937952,300000,100,1,2,10,73,73,10,67,33,34,34,184,5.34783,3,10,2107.63,2,67,67,134,147,147,147,1712,134,536
jovo-feature-scale-example,jovo-feature-scale-example,classification,jovo_t7,cuml,cuML SPORF,n_features,300000,7,1,1672937952,300000,100,1,2,10,74,74,9,55,27,28,28,184,4.92935,3,9,2112.73,2,55,55,110,126,126,126,1448,110,440
jovo-feature-scale-example,jovo-feature-scale-example,classification,jovo_t7,cuml,cuML SPORF,n_features,300000,7,1,1672937952,300000,100,1,2,10,75,75,8,65,32,33,33,184,5.38587,4,8,1446.1,2,65,65,130,156,156,156,1768,130,520
jovo-feature-scale-example,jovo-feature-scale-example,classification,jovo_t7,cuml,cuML SPORF,n_features,300000,7,1,1672937952,300000,100,1,2,10,76,76,8,61,30,31,31,184,5.11957,3,8,1444.05,2,61,61,122,151,151,151,1696,122,488
jovo-feature-scale-example,jovo-feature-scale-example,classification,jovo_t7,cuml,cuML SPORF,n_features,300000,7,1,1672937952,300000,100,1,2,10,77,77,10,69,34,35,35,184,5.47826,3,10,2126.26,2,69,69,138,152,152,152,1768,138,552
jovo-feature-scale-example,jovo-feature-scale-example,classification,jovo_t7,cuml,cuML SPORF,n_features,300000,7,1,1672937952,300000,100,1,2,10,78,78,7,49,24,25,25,184,4.69022,2,7,1430.47,2,49,49,98,105,105,105,1232,98,392
jovo-feature-scale-example,jovo-feature-scale-example,classification,jovo_t7,cuml,cuML SPORF,n_features,300000,7,1,1672937952,300000,100,1,2,10,79,79,8,63,31,32,32,184,5.68478,2,8,1077.88,2,63,63,126,152,152,152,1720,126,504
jovo-feature-scale-example,jovo-feature-scale-example,classification,jovo_t7,cuml,cuML SPORF,n_features,300000,7,1,1672937952,300000,100,1,2,10,80,80,10,55,27,28,28,184,5.01087,3,10,2457.51,2,55,55,110,113,113,113,1344,110,440
jovo-feature-scale-example,jovo-feature-scale-example,classification,jovo_t7,cuml,cuML SPORF,n_features,300000,7,1,1672937952,300000,100,1,2,10,81,81,6,47,23,24,24,184,4.64674,3,6,1076.25,2,47,47,94,118,118,118,1320,94,376
jovo-feature-scale-example,jovo-feature-scale-example,classification,jovo_t7,cuml,cuML SPORF,n_features,300000,7,1,1672937952,300000,100,1,2,10,82,82,8,53,26,27,27,184,4.5,3,8,1408.69,2,53,53,106,120,120,120,1384,106,424
jovo-feature-scale-example,jovo-feature-scale-example,classification,jovo_t7,cuml,cuML SPORF,n_features,300000,7,1,1672937952,300000,100,1,2,10,83,83,9,63,31,32,32,184,5.38043,3,9,2124.01,2,63,63,126,135,135,135,1584,126,504
jovo-feature-scale-example,jovo-feature-scale-example,classification,jovo_t7,cuml,cuML SPORF,n_features,300000,7,1,1672937952,300000,100,1,2,10,84,84,7,63,31,32,32,184,4.875,3,7,1443.22,2,63,63,126,141,141,141,1632,126,504
jovo-feature-scale-example,jovo-feature-scale-example,classification,jovo_t7,cuml,cuML SPORF,n_features,300000,7,1,1672937952,300000,100,1,2,10,85,85,9,61,30,31,31,184,6.05978,3,9,2154.79,2,61,61,122,138,138,138,1592,122,488
jovo-feature-scale-example,jovo-feature-scale-example,classification,jovo_t7,cuml,cuML SPORF,n_features,300000,7,1,1672937952,300000,100,1,2,10,86,86,8,59,29,30,30,184,5.03261,3,8,1419.28,2,59,59,118,131,131,131,1520,118,472
jovo-feature-scale-example,jovo-feature-scale-example,classification,jovo_t7,cuml,cuML SPORF,n_features,300000,7,1,1672937952,300000,100,1,2,10,87,87,8,63,31,32,32,184,5.30435,3,8,1421.71,2,63,63,126,141,141,141,1632,126,504
jovo-feature-scale-example,jovo-feature-scale-example,classification,jovo_t7,cuml,cuML SPORF,n_features,300000,7,1,1672937952,300000,100,1,2,10,88,88,8,55,27,28,28,184,5.81522,2,8,1448.04,2,55,55,110,122,122,122,1416,110,440
jovo-feature-scale-example,jovo-feature-scale-example,classification,jovo_t7,cuml,cuML SPORF,n_features,300000,7,1,1672937952,300000,100,1,2,10,89,89,8,63,31,32,32,184,4.97283,4,8,1419.62,2,63,63,126,138,138,138,1608,126,504
jovo-feature-scale-example,jovo-feature-scale-example,classification,jovo_t7,cuml,cuML SPORF,n_features,300000,7,1,1672937952,300000,100,1,2,10,90,90,7,55,27,28,28,184,5.00543,3,7,1438.69,2,55,55,110,135,135,135,1520,110,440
jovo-feature-scale-example,jovo-feature-scale-example,classification,jovo_t7,cuml,cuML SPORF,n_features,300000,7,1,1672937952,300000,100,1,2,10,91,91,9,63,31,32,32,184,5.31522,3,9,1755.67,2,63,63,126,143,143,143,1648,126,504
jovo-feature-scale-example,jovo-feature-scale-example,classification,jovo_t7,cuml,cuML SPORF,n_features,300000,7,1,1672937952,300000,100,1,2,10,92,92,9,59,29,30,30,184,5.59239,3,9,1417.74,2,59,59,118,117,117,117,1408,118,472
jovo-feature-scale-example,jovo-feature-scale-example,classification,jovo_t7,cuml,cuML SPORF,n_features,300000,7,1,1672937952,300000,100,1,2,10,93,93,10,61,30,31,31,184,5.48913,3,10,2487.12,2,61,61,122,128,128,128,1512,122,488
jovo-feature-scale-example,jovo-feature-scale-example,classification,jovo_t7,cuml,cuML SPORF,n_features,300000,7,1,1672937952,300000,100,1,2,10,94,94,8,59,29,30,30,184,5.29891,3,8,1784.28,2,59,59,118,133,133,133,1536,118,472
jovo-feature-scale-example,jovo-feature-scale-example,classification,jovo_t7,cuml,cuML SPORF,n_features,300000,7,1,1672937952,300000,100,1,2,10,95,95,8,55,27,28,28,184,4.6087,3,8,1411.29,2,55,55,110,116,116,116,1368,110,440
jovo-feature-scale-example,jovo-feature-scale-example,classification,jovo_t7,cuml,cuML SPORF,n_features,300000,7,1,1672937952,300000,100,1,2,10,96,96,7,63,31,32,32,184,5.21196,4,7,1080.6,2,63,63,126,153,153,153,1728,126,504
jovo-feature-scale-example,jovo-feature-scale-example,classification,jovo_t7,cuml,cuML SPORF,n_features,300000,7,1,1672937952,300000,100,1,2,10,97,97,7,61,30,31,31,184,4.99457,3,7,1438.41,2,61,61,122,144,144,144,1640,122,488
jovo-feature-scale-example,jovo-feature-scale-example,classification,jovo_t7,cuml,cuML SPORF,n_features,300000,7,1,1672937952,300000,100,1,2,10,98,98,7,67,33,34,34,184,5.23913,3,7,1446.38,2,67,67,134,139,139,139,1648,134,536
jovo-feature-scale-example,jovo-feature-scale-example,classification,jovo_t7,cuml,cuML SPORF,n_features,300000,7,1,1672937952,300000,100,1,2,10,99,99,9,63,31,32,32,184,5.29891,2,9,1780.87,2,63,63,126,135,135,135,1584,126,504
jovo-feature-scale-example,jovo-feature-scale-example,classification,jovo_t7,cuml,cuML SPORF,n_features,300000,7,2,1280706876,300000,100,1,2,10,0,0,7,55,27,28,28,184,5.09239,2,7,1101.95,2,55,55,110,114,114,114,1352,110,440
jovo-feature-scale-example,jovo-feature-scale-example,classification,jovo_t7,cuml,cuML SPORF,n_features,300000,7,2,1280706876,300000,100,1,2,10,1,1,8,55,27,28,28,184,4.85326,3,8,1760.1,2,55,55,110,136,136,136,1528,110,440
jovo-feature-scale-example,jovo-feature-scale-example,classification,jovo_t7,cuml,cuML SPORF,n_features,300000,7,2,1280706876,300000,100,1,2,10,2,2,8,51,25,26,26,184,5.15217,3,8,1430.26,2,51,51,102,116,116,116,1336,102,408
jovo-feature-scale-example,jovo-feature-scale-example,classification,jovo_t7,cuml,cuML SPORF,n_features,300000,7,2,1280706876,300000,100,1,2,10,3,3,8,61,30,31,31,184,5.31522,3,8,1423.86,2,61,61,122,142,142,142,1624,122,488
jovo-feature-scale-example,jovo-feature-scale-example,classification,jovo_t7,cuml,cuML SPORF,n_features,300000,7,2,1280706876,300000,100,1,2,10,4,4,8,67,33,34,34,184,5.15761,3,8,1451.46,2,67,67,134,162,162,162,1832,134,536
jovo-feature-scale-example,jovo-feature-scale-example,classification,jovo_t7,cuml,cuML SPORF,n_features,300000,7,2,1280706876,300000,100,1,2,10,5,5,7,59,29,30,30,184,4.94565,3,7,1079.38,2,59,59,118,141,141,141,1600,118,472
jovo-feature-scale-example,jovo-feature-scale-example,classification,jovo_t7,cuml,cuML SPORF,n_features,300000,7,2,1280706876,300000,100,1,2,10,6,6,7,55,27,28,28,184,4.73913,3,7,1417.02,2,55,55,110,139,139,139,1552,110,440
jovo-feature-scale-example,jovo-feature-scale-example,classification,jovo_t7,cuml,cuML SPORF,n_features,300000,7,2,1280706876,300000,100,1,2,10,7,7,7,57,28,29,29,184,5.08696,3,7,1079.46,2,57,57,114,124,124,124,1448,114,456
jovo-feature-scale-example,jovo-feature-scale-example,classification,jovo_t7,cuml,cuML SPORF,n_features,300000,7,2,1280706876,300000,100,1,2,10,8,8,7,65,32,33,33,184,5.26087,3,7,1080.88,2,65,65,130,152,152,152,1736,130,520
jovo-feature-scale-example,jovo-feature-scale-example,classification,jovo_t7,cuml,cuML SPORF,n_features,300000,7,2,1280706876,300000,100,1,2,10,9,9,8,65,32,33,33,184,5.29891,3,8,1441.44,2,65,65,130,149,149,149,1712,130,520
jovo-feature-scale-example,jovo-feature-scale-example,classification,jovo_t7,cuml,cuML SPORF,n_features,300000,7,2,1280706876,300000,100,1,2,10,10,10,9,65,32,33,33,184,5.54348,3,9,1788.34,2,65,65,130,163,163,163,1824,130,520
jovo-feature-scale-example,jovo-feature-scale-example,classification,jovo_t7,cuml,cuML SPORF,n_features,300000,7,2,1280706876,300000,100,1,2,10,11,11,7,51,25,26,26,184,5.07065,3,7,1072.43,2,51,51,102,111,111,111,1296,102,408
jovo-feature-scale-example,jovo-feature-scale-example,classification,jovo_t7,cuml,cuML SPORF,n_features,300000,7,2,1280706876,300000,100,1,2,10,12,12,8,65,32,33,33,184,5.40217,2,8,1432.03,2,65,65,130,146,146,146,1688,130,520
jovo-feature-scale-example,jovo-feature-scale-example,classification,jovo_t7,cuml,cuML SPORF,n_features,300000,7,2,1280706876,300000,100,1,2,10,13,13,10,69,34,35,35,184,6.14674,3,10,1420.78,2,69,69,138,148,148,148,1736,138,552
jovo-feature-scale-example,jovo-feature-scale-example,classification,jovo_t7,cuml,cuML SPORF,n_features,300000,7,2,1280706876,300000,100,1,2,10,14,14,8,63,31,32,32,184,5.20652,3,8,1076.26,2,63,63,126,156,156,156,1752,126,504
jovo-feature-scale-example,jovo-feature-scale-example,classification,jovo_t7,cuml,cuML SPORF,n_features,300000,7,2,1280706876,300000,100,1,2,10,15,15,8,57,28,29,29,184,5.15217,2,8,1075.34,2,57,57,114,132,132,132,1512,114,456
jovo-feature-scale-example,jovo-feature-scale-example,classification,jovo_t7,cuml,cuML SPORF,n_features,300000,7,2,1280706876,300000,100,1,2,10,16,16,6,49,24,25,25,184,5.22826,3,6,1079.45,2,49,49,98,124,124,124,1384,98,392
jovo-feature-scale-example,jovo-feature-scale-example,classification,jovo_t7,cuml,cuML SPORF,n_features,300000,7,2,1280706876,300000,100,1,2,10,17,17,8,57,28,29,29,184,5.21196,2,8,1417.12,2,57,57,114,130,130,130,1496,114,456
jovo-feature-scale-example,jovo-feature-scale-example,classification,jovo_t7,cuml,cuML SPORF,n_features,300000,7,2,1280706876,300000,100,1,2,10,18,18,8,53,26,27,27,184,5.16304,3,8,1771.19,2,53,53,106,137,137,137,1520,106,424
jovo-feature-scale-example,jovo-feature-scale-example,classification,jovo_t7,cuml,cuML SPORF,n_features,300000,7,2,1280706876,300000,100,1,2,10,19,19,9,59,29,30,30,184,5.04348,3,9,1761.08,2,59,59,118,148,148,148,1656,118,472
jovo-feature-scale-example,jovo-feature-scale-example,classification,jovo_t7,cuml,cuML SPORF,n_features,300000,7,2,1280706876,300000,100,1,2,10,20,20,8,49,24,25,25,184,5.2337,3,8,1433.67,2,49,49,98,107,107,107,1248,98,392
jovo-feature-scale-example,jovo-feature-scale-example,classification,jovo_t7,cuml,cuML SPORF,n_features,300000,7,2,1280706876,300000,100,1,2,10,21,21,9,63,31,32,32,184,5.81522,3,9,1800.92,2,63,63,126,119,119,119,1456,126,504
jovo-feature-scale-example,jovo-feature-scale-example,classification,jovo_t7,cuml,cuML SPORF,n_features,300000,7,2,1280706876,300000,100,1,2,10,22,22,7,51,25,26,26,184,4.70652,3,7,1071.3,2,51,51,102,107,107,107,1264,102,408
jovo-feature-scale-example,jovo-feature-scale-example,classification,jovo_t7,cuml,cuML SPORF,n_features,300000,7,2,1280706876,300000,100,1,2,10,23,23,8,51,25,26,26,184,4.7663,2,8,1411.99,2,51,51,102,120,120,120,1368,102,408
jovo-feature-scale-example,jovo-feature-scale-example,classification,jovo_t7,cuml,cuML SPORF,n_features,300000,7,2,1280706876,300000,100,1,2,10,24,24,11,65,32,33,33,184,5.70652,3,11,2820.99,2,65,65,130,140,140,140,1640,130,520
jovo-feature-scale-example,jovo-feature-scale-example,classification,jovo_t7,cuml,cuML SPORF,n_features,300000,7,2,1280706876,300000,100,1,2,10,25,25,7,49,24,25,25,184,4.40217,3,7,1416.92,2,49,49,98,114,114,114,1304,98,392
jovo-feature-scale-example,jovo-feature-scale-example,classification,jovo_t7,cuml,cuML SPORF,n_features,300000,7,2,1280706876,300000,100,1,2,10,26,26,7,53,26,27,27,184,5.13587,3,7,1444.34,2,53,53,106,109,109,109,1296,106,424
jovo-feature-scale-example,jovo-feature-scale-example,classification,jovo_t7,cuml,cuML SPORF,n_features,300000,7,2,1280706876,300000,100,1,2,10,27,27,8,67,33,34,34,184,5.26087,4,8,1813.37,2,67,67,134,170,170,170,1896,134,536
jovo-feature-scale-example,jovo-feature-scale-example,classification,jovo_t7,cuml,cuML SPORF,n_features,300000,7,2,1280706876,300000,100,1,2,10,28,28,8,67,33,34,34,184,5.55435,4,8,1421.9,2,67,67,134,138,138,138,1640,134,536
jovo-feature-scale-example,jovo-feature-scale-example,classification,jovo_t7,cuml,cuML SPORF,n_features,300000,7,2,1280706876,300000,100,1,2,10,29,29,10,59,29,30,30,184,5.63587,3,10,2118.06,2,59,59,118,136,136,136,1560,118,472
jovo-feature-scale-example,jovo-feature-scale-example,classification,jovo_t7,cuml,cuML SPORF,n_features,300000,7,2,1280706876,300000,100,1,2,10,30,30,10,53,26,27,27,184,5.13043,3,10,2434.82,2,53,53,106,114,114,114,1336,106,424
jovo-feature-scale-example,jovo-feature-scale-example,classification,jovo_t7,cuml,cuML SPORF,n_features,300000,7,2,1280706876,300000,100,1,2,10,31,31,9,61,30,31,31,184,5.23913,2,9,2123.91,2,61,61,122,139,139,139,1600,122,488
jovo-feature-scale-example,jovo-feature-scale-example,classification,jovo_t7,cuml,cuML SPORF,n_features,300000,7,2,1280706876,300000,100,1,2,10,32,32,9,65,32,33,33,184,5.45109,3,9,1763.87,2,65,65,130,130,130,130,1560,130,520
jovo-feature-scale-example,jovo-feature-scale-example,classification,jovo_t7,cuml,cuML SPORF,n_features,300000,7,2,1280706876,300000,100,1,2,10,33,33,8,63,31,32,32,184,5.35326,3,8,1436.97,2,63,63,126,141,141,141,1632,126,504
jovo-feature-scale-example,jovo-feature-scale-example,classification,jovo_t7,cuml,cuML SPORF,n_features,300000,7,2,1280706876,300000,100,1,2,10,34,34,7,49,24,25,25,184,4.59783,2,7,1435.81,2,49,49,98,122,122,122,1368,98,392
jovo-feature-scale-example,jovo-feature-scale-example,classification,jovo_t7,cuml,cuML SPORF,n_features,300000,7,2,1280706876,300000,100,1,2,10,35,35,9,53,26,27,27,184,5.38043,3,9,1775.08,2,53,53,106,117,117,117,1360,106,424
jovo-feature-scale-example,jovo-feature-scale-example,classification,jovo_t7,cuml,cuML SPORF,n_features,300000,7,2,1280706876,300000,100,1,2,10,36,36,8,59,29,30,30,184,5.36413,3,8,1421.15,2,59,59,118,113,113,113,1376,118,472
jovo-feature-scale-example,jovo-feature-scale-example,classification,jovo_t7,cuml,cuML SPORF,n_features,300000,7,2,1280706876,300000,100,1,2,10,37,37,8,49,24,25,25,184,5.52717,3,8,1777.65,2,49,49,98,100,100,100,1192,98,392
jovo-feature-scale-example,jovo-feature-scale-example,classification,jovo_t7,cuml,cuML SPORF,n_features,300000,7,2,1280706876,300000,100,1,2,10,38,38,9,57,28,29,29,184,5.49457,2,9,1075.57,2,57,57,114,118,118,118,1400,114,456
jovo-feature-scale-example,jovo-feature-scale-example,classification,jovo_t7,cuml,cuML SPORF,n_features,300000,7,2,1280706876,300000,100,1,2,10,39,39,7,69,34,35,35,184,5.47826,3,7,1434.26,2,69,69,138,143,143,143,1696,138,552
jovo-feature-scale-example,jovo-feature-scale-example,classification,jovo_t7,cuml,cuML SPORF,n_features,300000,7,2,1280706876,300000,100,1,2,10,40,40,8,63,31,32,32,184,5.19565,3,8,1780.7,2,63,63,126,154,154,154,1736,126,504
jovo-feature-scale-example,jovo-feature-scale-example,classification,jovo_t7,cuml,cuML SPORF,n_features,300000,7,2,1280706876,300000,100,1,2,10,41,41,8,57,28,29,29,184,5.2337,3,8,1072.64,2,57,57,114,121,121,121,1424,114,456
jovo-feature-scale-example,jovo-feature-scale-example,classification,jovo_t7,cuml,cuML SPORF,n_features,300000,7,2,1280706876,300000,100,1,2,10,42,42,10,57,28,29,29,184,5.13587,3,10,2455.46,2,57,57,114,119,119,119,1408,114,456
jovo-feature-scale-example,jovo-feature-scale-example,classification,jovo_t7,cuml,cuML SPORF,n_features,300000,7,2,1280706876,300000,100,1,2,10,43,43,8,65,32,33,33,184,5.38043,3,8,1806.04,2,65,65,130,127,127,127,1536,130,520
jovo-feature-scale-example,jovo-feature-scale-example,classification,jovo_t7,cuml,cuML SPORF,n_features,300000,7,2,1280706876,300000,100,1,2,10,44,44,7,65,32,33,33,184,5.32065,3,7,1082.73,2,65,65,130,149,149,149,1712,130,520
jovo-feature-scale-example,jovo-feature-scale-example,classification,jovo_t7,cuml,cuML SPORF,n_features,300000,7,2,1280706876,300000,100,1,2,10,45,45,8,65,32,33,33,184,5.6413,3,8,1081.67,2,65,65,130,154,154,154,1752,130,520
jovo-feature-scale-example,jovo-feature-scale-example,classification,jovo_t7,cuml,cuML SPORF,n_features,300000,7,2,1280706876,300000,100,1,2,10,46,46,7,47,23,24,24,184,4.53261,2,7,1427.9,2,47,47,94,107,107,107,1232,94,376
jovo-feature-scale-example,jovo-feature-scale-example,classification,jovo_t7,cuml,cuML SPORF,n_features,300000,7,2,1280706876,300000,100,1,2,10,47,47,8,57,28,29,29,184,5.34783,3,8,1420.93,2,57,57,114,130,130,130,1496,114,456
jovo-feature-scale-example,jovo-feature-scale-example,classification,jovo_t7,cuml,cuML SPORF,n_features,300000,7,2,1280706876,300000,100,1,2,10,48,48,10,71,35,36,36,184,5.70109,3,10,2509.86,2,71,71,142,146,146,146,1736,142,568
jovo-feature-scale-example,jovo-feature-scale-example,classification,jovo_t7,cuml,cuML SPORF,n_features,300000,7,2,1280706876,300000,100,1,2,10,49,49,8,61,30,31,31,184,4.92935,4,8,1440.95,2,61,61,122,132,132,132,1544,122,488
jovo-feature-scale-example,jovo-feature-scale-example,classification,jovo_t7,cuml,cuML SPORF,n_features,300000,7,2,1280706876,300000,100,1,2,10,50,50,8,55,27,28,28,184,5.09239,3,8,1420.08,2,55,55,110,130,130,130,1480,110,440
jovo-feature-scale-example,jovo-feature-scale-example,classification,jovo_t7,cuml,cuML SPORF,n_features,300000,7,2,1280706876,300000,100,1,2,10,51,51,9,59,29,30,30,184,6.15761,2,9,1817.06,2,59,59,118,136,136,136,1560,118,472
jovo-feature-scale-example,jovo-feature-scale-example,classification,jovo_t7,cuml,cuML SPORF,n_features,300000,7,2,1280706876,300000,100,1,2,10,52,52,8,61,30,31,31,184,5.15761,3,8,1415.09,2,61,61,122,133,133,133,1552,122,488
jovo-feature-scale-example,jovo-feature-scale-example,classification,jovo_t7,cuml,cuML SPORF,n_features,300000,7,2,1280706876,300000,100,1,2,10,53,53,9,59,29,30,30,184,5.125,3,9,1783.68,2,59,59,118,132,132,132,1528,118,472
jovo-feature-scale-example,jovo-feature-scale-example,classification,jovo_t7,cuml,cuML SPORF,n_features,300000,7,2,1280706876,300000,100,1,2,10,54,54,8,53,26,27,27,184,4.81522,3,8,1758.41,2,53,53,106,115,115,115,1344,106,424
jovo-feature-scale-example,jovo-feature-scale-example,classification,jovo_t7,cuml,cuML SPORF,n_features,300000,7,2,1280706876,300000,100,1,2,10,55,55,9,55,27,28,28,184,4.64674,3,9,1758.28,2,55,55,110,140,140,140,1560,110,440
jovo-feature-scale-example,jovo-feature-scale-example,classification,jovo_t7,cuml,cuML SPORF,n_features,300000,7,2,1280706876,300000,100,1,2,10,56,56,8,45,22,23,23,184,4.7337,3,8,1409.87,2,45,45,90,98,98,98,1144,90,360
jovo-feature-scale-example,jovo-feature-scale-example,classification,jovo_t7,cuml,cuML SPORF,n_features,300000,7,2,1280706876,300000,100,1,2,10,57,57,7,55,27,28,28,184,5.03261,2,7,1085.14,2,55,55,110,122,122,122,1416,110,440
jovo-feature-scale-example,jovo-feature-scale-example,classification,jovo_t7,cuml,cuML SPORF,n_features,300000,7,2,1280706876,300000,100,1,2,10,58,58,9,63,31,32,32,184,5.64674,3,9,2150.68,2,63,63,126,142,142,142,1640,126,504
jovo-feature-scale-example,jovo-feature-scale-example,classification,jovo_t7,cuml,cuML SPORF,n_features,300000,7,2,1280706876,300000,100,1,2,10,59,59,8,59,29,30,30,184,6.22283,3,8,1420.7,2,59,59,118,134,134,134,1544,118,472
jovo-feature-scale-example,jovo-feature-scale-example,classification,jovo_t7,cuml,cuML SPORF,n_features,300000,7,2,1280706876,300000,100,1,2,10,60,60,9,63,31,32,32,184,5.52174,3,9,1784.17,2,63,63,126,153,153,153,1728,126,504
jovo-feature-scale-example,jovo-feature-scale-example,classification,jovo_t7,cuml,cuML SPORF,n_features,300000,7,2,1280706876,300000,100,1,2,10,61,61,8,63,31,32,32,184,5.19565,3,8,1442.01,2,63,63,126,148,148,148,1688,126,504
jovo-feature-scale-example,jovo-feature-scale-example,classification,jovo_t7,cuml,cuML SPORF,n_features,300000,7,2,1280706876,300000,100,1,2,10,62,62,8,55,27,28,28,184,5.33152,3,8,1444.52,2,55,55,110,126,126,126,1448,110,440
jovo-feature-scale-example,jovo-feature-scale-example,classification,jovo_t7,cuml,cuML SPORF,n_features,300000,7,2,1280706876,300000,100,1,2,10,63,63,7,69,34,35,35,184,5.47826,3,7,1081.72,2,69,69,138,158,158,158,1816,138,552
jovo-feature-scale-example,jovo-feature-scale-example,classification,jovo_t7,cuml,cuML SPORF,n_features,300000,7,2,1280706876,300000,100,1,2,10,64,64,9,57,28,29,29,184,5.84239,2,9,2135.28,2,57,57,114,133,133,133,1520,114,456
jovo-feature-scale-example,jovo-feature-scale-example,classification,jovo_t7,cuml,cuML SPORF,n_features,300000,7,2,1280706876,300000,100,1,2,10,65,65,8,59,29,30,30,184,5.23913,3,8,1426.09,2,59,59,118,126,126,126,1480,118,472
jovo-feature-scale-example,jovo-feature-scale-example,classification,jovo_t7,cuml,cuML SPORF,n_features,300000,7,2,1280706876,300000,100,1,2,10,66,66,11,53,26,27,27,184,5.16304,2,11,2435.32,2,53,53,106,125,125,125,1424,106,424
jovo-feature-scale-example,jovo-feature-scale-example,classification,jovo_t7,cuml,cuML SPORF,n_features,300000,7,2,1280706876,300000,100,1,2,10,67,67,8,71,35,36,36,184,5.46739,2,8,1444.18,2,71,71,142,164,164,164,1880,142,568
jovo-feature-scale-example,jovo-feature-scale-example,classification,jovo_t7,cuml,cuML SPORF,n_features,300000,7,2,1280706876,300000,100,1,2,10,68,68,9,57,28,29,29,184,4.92391,2,9,1412.99,2,57,57,114,134,134,134,1528,114,456
jovo-feature-scale-example,jovo-feature-scale-example,classification,jovo_t7,cuml,cuML SPORF,n_features,300000,7,2,1280706876,300000,100,1,2,10,69,69,8,61,30,31,31,184,5.57065,3,8,1420.91,2,61,61,122,140,140,140,1608,122,488
jovo-feature-scale-example,jovo-feature-scale-example,classification,jovo_t7,cuml,cuML SPORF,n_features,300000,7,2,1280706876,300000,100,1,2,10,70,70,8,57,28,29,29,184,5.34783,3,8,1411.4,2,57,57,114,119,119,119,1408,114,456
jovo-feature-scale-example,jovo-feature-scale-example,classification,jovo_t7,cuml,cuML SPORF,n_features,300000,7,2,1280706876,300000,100,1,2,10,71,71,8,69,34,35,35,184,5.21739,3,8,1421.02,2,69,69,138,145,145,145,1712,138,552
jovo-feature-scale-example,jovo-feature-scale-example,classification,jovo_t7,cuml,cuML SPORF,n_features,300000,7,2,1280706876,300000,100,1,2,10,72,72,8,59,29,30,30,184,5.36413,2,8,1441.17,2,59,59,118,130,130,130,1512,118,472
jovo-feature-scale-example,jovo-feature-scale-example,classification,jovo_t7,cuml,cuML SPORF,n_features,300000,7,2,1280706876,300000,100,1,2,10,73,73,8,59,29,30,30,184,5.04348,2,8,1782.47,2,59,59,118,122,122,122,1448,118,472
jovo-feature-scale-example,jovo-feature-scale-example,classification,jovo_t7,cuml,cuML SPORF,n_features,300000,7,2,1280706876,300000,100,1,2,10,74,74,8,69,34,35,35,184,5.82065,3,8,1444.9,2,69,69,138,150,150,150,1752,138,552
jovo-feature-scale-example,jovo-feature-scale-example,classification,jovo_t7,cuml,cuML SPORF,n_features,300000,7,2,1280706876,300000,100,1,2,10,75,75,8,55,27,28,28,184,5.47283,2,8,1763.1,2,55,55,110,124,124,124,1432,110,440
jovo-feature-scale-example,jovo-feature-scale-example,classification,jovo_t7,cuml,cuML SPORF,n_features,300000,7,2,1280706876,300000,100,1,2,10,76,76,8,53,26,27,27,184,5.02717,3,8,1431.85,2,53,53,106,115,115,115,1344,106,424
jovo-feature-scale-example,jovo-feature-scale-example,classification,jovo_t7,cuml,cuML SPORF,n_features,300000,7,2,1280706876,300000,100,1,2,10,77,77,8,53,26,27,27,184,5.34239,2,8,1775.64,2,53,53,106,123,123,123,1408,106,424
jovo-feature-scale-example,jovo-feature-scale-example,classification,jovo_t7,cuml,cuML SPORF,n_features,300000,7,2,1280706876,300000,100,1,2,10,78,78,9,55,27,28,28,184,5,3,9,2114.8,2,55,55,110,147,147,147,1616,110,440
jovo-feature-scale-example,jovo-feature-scale-example,classification,jovo_t7,cuml,cuML SPORF,n_features,300000,7,2,1280706876,300000,100,1,2,10,79,79,10,69,34,35,35,184,5.71196,3,10,1769.17,2,69,69,138,153,153,153,1776,138,552
jovo-feature-scale-example,jovo-feature-scale-example,classification,jovo_t7,cuml,cuML SPORF,n_features,300000,7,2,1280706876,300000,100,1,2,10,80,80,9,59,29,30,30,184,5.5,3,9,2147.3,2,59,59,118,133,133,133,1536,118,472
jovo-feature-scale-example,jovo-feature-scale-example,classification,jovo_t7,cuml,cuML SPORF,n_features,300000,7,2,1280706876,300000,100,1,2,10,81,81,10,63,31,32,32,184,5.64674,3,10,2442.83,2,63,63,126,133,133,133,1568,126,504
jovo-feature-scale-example,jovo-feature-scale-example,classification,jovo_t7,cuml,cuML SPORF,n_features,300000,7,2,1280706876,300000,100,1,2,10,82,82,7,49,24,25,25,184,4.77717,3,7,1435.15,2,49,49,98,102,102,102,1208,98,392
jovo-feature-scale-example,jovo-feature-scale-example,classification,jovo_t7,cuml,cuML SPORF,n_features,300000,7,2,1280706876,300000,100,1,2,10,83,83,8,61,30,31,31,184,4.81522,3,8,1418.57,2,61,61,122,130,130,130,1528,122,488
jovo-feature-scale-example,jovo-feature-scale-example,classification,jovo_t7,cuml,cuML SPORF,n_features,300000,7,2,1280706876,300000,100,1,2,10,84,84,7,55,27,28,28,184,4.91848,3,7,1436.77,2,55,55,110,134,134,134,1512,110,440
jovo-feature-scale-example,jovo-feature-scale-example,classification,jovo_t7,cuml,cuML SPORF,n_features,300000,7,2,1280706876,300000,100,1,2,10,85,85,8,65,32,33,33,184,5.09239,3,8,1444.34,2,65,65,130,155,155,155,1760,130,520
jovo-feature-scale-example,jovo-feature-scale-example,classification,jovo_t7,cuml,cuML SPORF,n_features,300000,7,2,1280706876,300000,100,1,2,10,86,86,9,57,28,29,29,184,6.07609,2,9,1806.12,2,57,57,114,132,132,132,1512,114,456
jovo-feature-scale-example,jovo-feature-scale-example,classification,jovo_t7,cuml,cuML SPORF,n_features,300000,7,2,1280706876,300000,100,1,2,10,87,87,7,45,22,23,23,184,4.44565,3,7,1428,2,45,45,90,100,100,100,1160,90,360
jovo-feature-scale-example,jovo-feature-scale-example,classification,jovo_t7,cuml,cuML SPORF,n_features,300000,7,2,1280706876,300000,100,1,2,10,88,88,8,63,31,32,32,184,6.46739,3,8,1087.6,2,63,63,126,141,141,141,1632,126,504
jovo-feature-scale-example,jovo-feature-scale-example,classification,jovo_t7,cuml,cuML SPORF,n_features,300000,7,2,1280706876,300000,100,1,2,10,89,89,7,55,27,28,28,184,4.89674,3,7,1079.9,2,55,55,110,130,130,130,1480,110,440
jovo-feature-scale-example,jovo-feature-scale-example,classification,jovo_t7,cuml,cuML SPORF,n_features,300000,7,2,1280706876,300000,100,1,2,10,90,90,8,55,27,28,28,184,5.47283,3,8,2144.26,2,55,55,110,127,127,127,1456,110,440
jovo-feature-scale-example,jovo-feature-scale-example,classification,jovo_t7,cuml,cuML SPORF,n_features,300000,7,2,1280706876,300000,100,1,2,10,91,91,8,61,30,31,31,184,5.50543,2,8,1439.18,2,61,61,122,138,138,138,1592,122,488
jovo-feature-scale-example,jovo-feature-scale-example,classification,jovo_t7,cuml,cuML SPORF,n_features,300000,7,2,1280706876,300000,100,1,2,10,92,92,10,55,27,28,28,184,5.45109,3,10,2481.78,2,55,55,110,124,124,124,1432,110,440
jovo-feature-scale-example,jovo-feature-scale-example,classification,jovo_t7,cuml,cuML SPORF,n_features,300000,7,2,1280706876,300000,100,1,2,10,93,93,10,59,29,30,30,184,5.28261,3,10,2121.93,2,59,59,118,138,138,138,1576,118,472
jovo-feature-scale-example,jovo-feature-scale-example,classification,jovo_t7,cuml,cuML SPORF,n_features,300000,7,2,1280706876,300000,100,1,2,10,94,94,8,59,29,30,30,184,5.19565,2,8,1442.47,2,59,59,118,137,137,137,1568,118,472
jovo-feature-scale-example,jovo-feature-scale-example,classification,jovo_t7,cuml,cuML SPORF,n_features,300000,7,2,1280706876,300000,100,1,2,10,95,95,7,63,31,32,32,184,5.00543,4,7,1420.02,2,63,63,126,158,158,158,1768,126,504
jovo-feature-scale-example,jovo-feature-scale-example,classification,jovo_t7,cuml,cuML SPORF,n_features,300000,7,2,1280706876,300000,100,1,2,10,96,96,8,63,31,32,32,184,5.08152,3,8,1783.42,2,63,63,126,155,155,155,1744,126,504
jovo-feature-scale-example,jovo-feature-scale-example,classification,jovo_t7,cuml,cuML SPORF,n_features,300000,7,2,1280706876,300000,100,1,2,10,97,97,9,61,30,31,31,184,5.52717,3,9,1441.75,2,61,61,122,158,158,158,1752,122,488
jovo-feature-scale-example,jovo-feature-scale-example,classification,jovo_t7,cuml,cuML SPORF,n_features,300000,7,2,1280706876,300000,100,1,2,10,98,98,9,53,26,27,27,184,5.08152,3,9,2143.06,2,53,53,106,118,118,118,1368,106,424
jovo-feature-scale-example,jovo-feature-scale-example,classification,jovo_t7,cuml,cuML SPORF,n_features,300000,7,2,1280706876,300000,100,1,2,10,99,99,9,63,31,32,32,184,5.04891,3,9,1763.54,2,63,63,126,144,144,144,1656,126,504
jovo-feature-scale-example,jovo-feature-scale-example,classification,jovo_t7,cuml,cuML SPORF,n_features,300000,7,3,1470347820,300000,100,1,2,10,0,0,8,67,33,34,34,184,5.51087,3,8,1101.43,2,67,67,134,152,152,152,1752,134,536
jovo-feature-scale-example,jovo-feature-scale-example,classification,jovo_t7,cuml,cuML SPORF,n_features,300000,7,3,1470347820,300000,100,1,2,10,1,1,9,53,26,27,27,184,5.36957,2,9,1437.23,2,53,53,106,117,117,117,1360,106,424
jovo-feature-scale-example,jovo-feature-scale-example,classification,jovo_t7,cuml,cuML SPORF,n_features,300000,7,3,1470347820,300000,100,1,2,10,2,2,9,59,29,30,30,184,5.48913,3,9,2124.37,2,59,59,118,142,142,142,1608,118,472
jovo-feature-scale-example,jovo-feature-scale-example,classification,jovo_t7,cuml,cuML SPORF,n_features,300000,7,3,1470347820,300000,100,1,2,10,3,3,9,55,27,28,28,184,6.21739,3,9,1789.29,2,55,55,110,143,143,143,1584,110,440
jovo-feature-scale-example,jovo-feature-scale-example,classification,jovo_t7,cuml,cuML SPORF,n_features,300000,7,3,1470347820,300000,100,1,2,10,4,4,7,51,25,26,26,184,4.69565,3,7,1068.08,2,51,51,102,120,120,120,1368,102,408
jovo-feature-scale-example,jovo-feature-scale-example,classification,jovo_t7,cuml,cuML SPORF,n_features,300000,7,3,1470347820,300000,100,1,2,10,5,5,10,63,31,32,32,184,5.44565,2,10,1777.94,2,63,63,126,133,133,133,1568,126,504
jovo-feature-scale-example,jovo-feature-scale-example,classification,jovo_t7,cuml,cuML SPORF,n_features,300000,7,3,1470347820,300000,100,1,2,10,6,6,7,53,26,27,27,184,5.31522,3,7,1077.42,2,53,53,106,123,123,123,1408,106,424
jovo-feature-scale-example,jovo-feature-scale-example,classification,jovo_t7,cuml,cuML SPORF,n_features,300000,7,3,1470347820,300000,100,1,2,10,7,7,8,71,35,36,36,184,5.59239,3,8,1437.61,2,71,71,142,136,136,136,1656,142,568
jovo-feature-scale-example,jovo-feature-scale-example,classification,jovo_t7,cuml,cuML SPORF,n_features,300000,7,3,1470347820,300000,100,1,2,10,8,8,8,61,30,31,31,184,5.41848,3,8,1418.91,2,61,61,122,129,129,129,1520,122,488
jovo-feature-scale-example,jovo-feature-scale-example,classification,jovo_t7,cuml,cuML SPORF,n_features,300000,7,3,1470347820,300000,100,1,2,10,9,9,9,63,31,32,32,184,5.42391,2,9,1414.83,2,63,63,126,145,145,145,1664,126,504
jovo-feature-scale-example,jovo-feature-scale-example,classification,jovo_t7,cuml,cuML SPORF,n_features,300000,7,3,1470347820,300000,100,1,2,10,10,10,8,55,27,28,28,184,5.22283,3,8,1412.15,2,55,55,110,127,127,127,1456,110,440
jovo-feature-scale-example,jovo-feature-scale-example,classification,jovo_t7,cuml,cuML SPORF,n_features,300000,7,3,1470347820,300000,100,1,2,10,11,11,8,61,30,31,31,184,5.40761,3,8,1452.61,2,61,61,122,137,137,137,1584,122,488
jovo-feature-scale-example,jovo-feature-scale-example,classification,jovo_t7,cuml,cuML SPORF,n_features,300000,7,3,1470347820,300000,100,1,2,10,12,12,9,65,32,33,33,184,5.22283,2,9,2145.08,2,65,65,130,158,158,158,1784,130,520
jovo-feature-scale-example,jovo-feature-scale-example,classification,jovo_t7,cuml,cuML SPORF,n_features,300000,7,3,1470347820,300000,100,1,2,10,13,13,9,55,27,28,28,184,5.21196,2,9,1796.92,2,55,55,110,124,124,124,1432,110,440
jovo-feature-scale-example,jovo-feature-scale-example,classification,jovo_t7,cuml,cuML SPORF,n_features,300000,7,3,1470347820,300000,100,1,2,10,14,14,7,51,25,26,26,184,5.40761,2,7,1423.87,2,51,51,102,116,116,116,1336,102,408
jovo-feature-scale-example,jovo-feature-scale-example,classification,jovo_t7,cuml,cuML SPORF,n_features,300000,7,3,1470347820,300000,100,1,2,10,15,15,8,55,27,28,28,184,4.91848,3,8,1411.89,2,55,55,110,122,122,122,1416,110,440
jovo-feature-scale-example,jovo-feature-scale-example,classification,jovo_t7,cuml,cuML SPORF,n_features,300000,7,3,1470347820,300000,100,1,2,10,16,16,8,59,29,30,30,184,5.15761,3,8,1418.65,2,59,59,118,141,141,141,1600,118,472
jovo-feature-scale-example,jovo-feature-scale-example,classification,jovo_t7,cuml,cuML SPORF,n_features,300000,7,3,1470347820,300000,100,1,2,10,17,17,8,69,34,35,35,184,5.75,2,8,1443.78,2,69,69,138,150,150,150,1752,138,552
jovo-feature-scale-example,jovo-feature-scale-example,classification,jovo_t7,cuml,cuML SPORF,n_features,300000,7,3,1470347820,300000,100,1,2,10,18,18,8,55,27,28,28,184,5.30978,3,8,1420.14,2,55,55,110,126,126,126,1448,110,440
jovo-feature-scale-example,jovo-feature-scale-example,classification,jovo_t7,cuml,cuML SPORF,n_features,300000,7,3,1470347820,300000,100,1,2,10,19,19,8,59,29,30,30,184,5.41304,3,8,1785.13,2,59,59,118,136,136,136,1560,118,472
jovo-feature-scale-example,jovo-feature-scale-example,classification,jovo_t7,cuml,cuML SPORF,n_features,300000,7,3,1470347820,300000,100,1,2,10,20,20,8,53,26,27,27,184,4.96739,2,8,1431.07,2,53,53,106,117,117,117,1360,106,424
jovo-feature-scale-example,jovo-feature-scale-example,classification,jovo_t7,cuml,cuML SPORF,n_features,300000,7,3,1470347820,300000,100,1,2,10,21,21,8,63,31,32,32,184,5.05435,3,8,1783.72,2,63,63,126,142,142,142,1640,126,504
jovo-feature-scale-example,jovo-feature-scale-example,classification,jovo_t7,cuml,cuML SPORF,n_features,300000,7,3,1470347820,300000,100,1,2,10,22,22,7,59,29,30,30,184,5.40217,2,7,1077.36,2,59,59,118,130,130,130,1512,118,472
jovo-feature-scale-example,jovo-feature-scale-example,classification,jovo_t7,cuml,cuML SPORF,n_features,300000,7,3,1470347820,300000,100,1,2,10,23,23,8,65,32,33,33,184,5.30435,3,8,1436.37,2,65,65,130,157,157,157,1776,130,520
jovo-feature-scale-example,jovo-feature-scale-example,classification,jovo_t7,cuml,cuML SPORF,n_features,300000,7,3,1470347820,300000,100,1,2,10,24,24,8,61,30,31,31,184,4.95109,3,8,1422.57,2,61,61,122,144,144,144,1640,122,488
jovo-feature-scale-example,jovo-feature-scale-example,classification,jovo_t7,cuml,cuML SPORF,n_features,300000,7,3,1470347820,300000,100,1,2,10,25,25,9,69,34,35,35,184,5.77174,3,9,1810.36,2,69,69,138,160,160,160,1832,138,552
jovo-feature-scale-example,jovo-feature-scale-example,classification,jovo_t7,cuml,cuML SPORF,n_features,300000,7,3,1470347820,300000,100,1,2,10,26,26,7,55,27,28,28,184,4.97826,3,7,1070.51,2,55,55,110,117,117,117,1376,110,440
jovo-feature-scale-example,jovo-feature-scale-example,classification,jovo_t7,cuml,cuML SPORF,n_features,300000,7,3,1470347820,300000,100,1,2,10,27,27,10,61,30,31,31,184,5.63043,3,10,2475.26,2,61,61,122,138,138,138,1592,122,488
jovo-feature-scale-example,jovo-feature-scale-example,classification,jovo_t7,cuml,cuML SPORF,n_features,300000,7,3,1470347820,300000,100,1,2,10,28,28,8,59,29,30,30,184,5.34239,3,8,1412.88,2,59,59,118,147,147,147,1648,118,472
jovo-feature-scale-example,jovo-feature-scale-example,classification,jovo_t7,cuml,cuML SPORF,n_features,300000,7,3,1470347820,300000,100,1,2,10,29,29,7,53,26,27,27,184,5.04891,3,7,1435.9,2,53,53,106,119,119,119,1376,106,424
jovo-feature-scale-example,jovo-feature-scale-example,classification,jovo_t7,cuml,cuML SPORF,n_features,300000,7,3,1470347820,300000,100,1,2,10,30,30,8,61,30,31,31,184,4.82609,4,8,1779.36,2,61,61,122,138,138,138,1592,122,488
jovo-feature-scale-example,jovo-feature-scale-example,classification,jovo_t7,cuml,cuML SPORF,n_features,300000,7,3,1470347820,300000,100,1,2,10,31,31,8,61,30,31,31,184,5.02174,3,8,1421.17,2,61,61,122,144,144,144,1640,122,488
jovo-feature-scale-example,jovo-feature-scale-example,classification,jovo_t7,cuml,cuML SPORF,n_features,300000,7,3,1470347820,300000,100,1,2,10,32,32,8,71,35,36,36,184,5.53261,3,8,1084.32,2,71,71,142,157,157,157,1824,142,568
jovo-feature-scale-example,jovo-feature-scale-example,classification,jovo_t7,cuml,cuML SPORF,n_features,300000,7,3,1470347820,300000,100,1,2,10,33,33,8,49,24,25,25,184,4.66304,3,8,1749.8,2,49,49,98,114,114,114,1304,98,392
jovo-feature-scale-example,jovo-feature-scale-example,classification,jovo_t7,cuml,cuML SPORF,n_features,300000,7,3,1470347820,300000,100,1,2,10,34,34,8,57,28,29,29,184,5.26087,3,8,1433.82,2,57,57,114,131,131,131,1504,114,456
jovo-feature-scale-example,jovo-feature-scale-example,classification,jovo_t7,cuml,cuML SPORF,n_features,300000,7,3,1470347820,300000,100,1,2,10,35,35,7,55,27,28,28,184,4.90217,3,7,1439.01,2,55,55,110,110,110,110,1320,110,440
jovo-feature-scale-example,jovo-feature-scale-example,classification,jovo_t7,cuml,cuML SPORF,n_features,300000,7,3,1470347820,300000,100,1,2,10,36,36,8,69,34,35,35,184,5.4837,4,8,1421.78,2,69,69,138,136,136,136,1640,138,552
jovo-feature-scale-example,jovo-feature-scale-example,classification,jovo_t7,cuml,cuML SPORF,n_features,300000,7,3,1470347820,300000,100,1,2,10,37,37,8,53,26,27,27,184,4.73913,3,8,1071.37,2,53,53,106,110,110,110,1304,106,424
jovo-feature-scale-example,jovo-feature-scale-example,classification,jovo_t7,cuml,cuML SPORF,n_features,300000,7,3,1470347820,300000,100,1,2,10,38,38,8,61,30,31,31,184,5.46739,3,8,1423.19,2,61,61,122,132,132,132,1544,122,488
jovo-feature-scale-example,jovo-feature-scale-example,classification,jovo_t7,cuml,cuML SPORF,n_features,300000,7,3,1470347820,300000,100,1,2,10,39,39,8,65,32,33,33,184,5.66304,3,8,1425.88,2,65,65,130,145,145,145,1680,130,520
jovo-feature-scale-example,jovo-feature-scale-example,classification,jovo_t7,cuml,cuML SPORF,n_features,300000,7,3,1470347820,300000,100,1,2,10,40,40,8,51,25,26,26,184,5.26087,2,8,1413.82,2,51,51,102,103,103,103,1232,102,408
jovo-feature-scale-example,jovo-feature-scale-example,classification,jovo_t7,cuml,cuML SPORF,n_features,300000,7,3,1470347820,300000,100,1,2,10,41,41,10,53,26,27,27,184,5.34239,3,10,2455.17,2,53,53,106,148,148,148,1608,106,424
jovo-feature-scale-example,jovo-feature-scale-example,classification,jovo_t7,cuml,cuML SPORF,n_features,300000,7,3,1470347820,300000,100,1,2,10,42,42,8,55,27,28,28,184,4.97283,3,8,1435.96,2,55,55,110,114,114,114,1352,110,440
jovo-feature-scale-example,jovo-feature-scale-example,classification,jovo_t7,cuml,cuML SPORF,n_features,300000,7,3,1470347820,300000,100,1,2,10,43,43,8,57,28,29,29,184,5.13587,2,8,1420.22,2,57,57,114,135,135,135,1536,114,456
jovo-feature-scale-example,jovo-feature-scale-example,classification,jovo_t7,cuml,cuML SPORF,n_features,300000,7,3,1470347820,300000,100,1,2,10,44,44,8,67,33,34,34,184,5.19565,3,8,1425.47,2,67,67,134,169,169,169,1888,134,536
jovo-feature-scale-example,jovo-feature-scale-example,classification,jovo_t7,cuml,cuML SPORF,n_features,300000,7,3,1470347820,300000,100,1,2,10,45,45,7,51,25,26,26,184,5.55435,3,7,1073.7,2,51,51,102,123,123,123,1392,102,408
jovo-feature-scale-example,jovo-feature-scale-example,classification,jovo_t7,cuml,cuML SPORF,n_features,300000,7,3,1470347820,300000,100,1,2,10,46,46,7,59,29,30,30,184,5.17935,3,7,1080.06,2,59,59,118,156,156,156,1720,118,472
jovo-feature-scale-example,jovo-feature-scale-example,classification,jovo_t7,cuml,cuML SPORF,n_features,300000,7,3,1470347820,300000,100,1,2,10,47,47,7,55,27,28,28,184,5.38587,3,7,1083.42,2,55,55,110,129,129,129,1472,110,440
jovo-feature-scale-example,jovo-feature-scale-example,classification,jovo_t7,cuml,cuML SPORF,n_features,300000,7,3,1470347820,300000,100,1,2,10,48,48,8,57,28,29,29,184,4.83696,3,8,1433.27,2,57,57,114,121,121,121,1424,114,456
jovo-feature-scale-example,jovo-feature-scale-example,classification,jovo_t7,cuml,cuML SPORF,n_features,300000,7,3,1470347820,300000,100,1,2,10,49,49,9,61,30,31,31,184,5.18478,3,9,2166.01,2,61,61,122,144,144,144,1640,122,488
jovo-feature-scale-example,jovo-feature-scale-example,classification,jovo_t7,cuml,cuML SPORF,n_features,300000,7,3,1470347820,300000,100,1,2,10,50,50,8,59,29,30,30,184,5.19022,3,8,1441.72,2,59,59,118,121,121,121,1440,118,472
jovo-feature-scale-example,jovo-feature-scale-example,classification,jovo_t7,cuml,cuML SPORF,n_features,300000,7,3,1470347820,300000,100,1,2,10,51,51,8,59,29,30,30,184,5.24457,3,8,1438.52,2,59,59,118,140,140,140,1592,118,472
jovo-feature-scale-example,jovo-feature-scale-example,classification,jovo_t7,cuml,cuML SPORF,n_features,300000,7,3,1470347820,300000,100,1,2,10,52,52,7,55,27,28,28,184,5.09239,3,7,1070.4,2,55,55,110,118,118,118,1384,110,440
jovo-feature-scale-example,jovo-feature-scale-example,classification,jovo_t7,cuml,cuML SPORF,n_features,300000,7,3,1470347820,300000,100,1,2,10,53,53,8,57,28,29,29,184,5.05435,4,8,1782.17,2,57,57,114,132,132,132,1512,114,456
jovo-feature-scale-example,jovo-feature-scale-example,classification,jovo_t7,cuml,cuML SPORF,n_features,300000,7,3,1470347820,300000,100,1,2,10,54,54,7,57,28,29,29,184,5.33152,3,7,1442.64,2,57,57,114,125,125,125,1456,114,456
jovo-feature-scale-example,jovo-feature-scale-example,classification,jovo_t7,cuml,cuML SPORF,n_features,300000,7,3,1470347820,300000,100,1,2,10,55,55,8,59,29,30,30,184,5.30435,2,8,1414.05,2,59,59,118,136,136,136,1560,118,472
jovo-feature-scale-example,jovo-feature-scale-example,classification,jovo_t7,cuml,cuML SPORF,n_features,300000,7,3,1470347820,300000,100,1,2,10,56,56,7,59,29,30,30,184,5.78804,3,7,1087.1,2,59,59,118,126,126,126,1480,118,472
jovo-feature-scale-example,jovo-feature-scale-example,classification,jovo_t7,cuml,cuML SPORF,n_features,300000,7,3,1470347820,300000,100,1,2,10,57,57,8,71,35,36,36,184,6.05435,3,8,1091,2,71,71,142,156,156,156,1816,142,568
jovo-feature-scale-example,jovo-feature-scale-example,classification,jovo_t7,cuml,cuML SPORF,n_features,300000,7,3,1470347820,300000,100,1,2,10,58,58,10,57,28,29,29,184,4.84783,3,10,2480.54,2,57,57,114,133,133,133,1520,114,456
jovo-feature-scale-example,jovo-feature-scale-example,classification,jovo_t7,cuml,cuML SPORF,n_features,300000,7,3,1470347820,300000,100,1,2,10,59,59,10,61,30,31,31,184,5.54348,2,10,2119.25,2,61,61,122,139,139,139,1600,122,488
jovo-feature-scale-example,jovo-feature-scale-example,classification,jovo_t7,cuml,cuML SPORF,n_features,300000,7,3,1470347820,300000,100,1,2,10,60,60,11,67,33,34,34,184,6.09783,3,11,1788.61,2,67,67,134,135,135,135,1616,134,536
jovo-feature-scale-example,jovo-feature-scale-example,classification,jovo_t7,cuml,cuML SPORF,n_features,300000,7,3,1470347820,300000,100,1,2,10,61,61,8,55,27,28,28,184,4.82609,3,8,1780.94,2,55,55,110,138,138,138,1544,110,440
jovo-feature-scale-example,jovo-feature-scale-example,classification,jovo_t7,cuml,cuML SPORF,n_features,300000,7,3,1470347820,300000,100,1,2,10,62,62,8,57,28,29,29,184,5.61957,3,8,1779.56,2,57,57,114,139,139,139,1568,114,456
jovo-feature-scale-example,jovo-feature-scale-example,classification,jovo_t7,cuml,cuML SPORF,n_features,300000,7,3,1470347820,300000,100,1,2,10,63,63,10,65,32,33,33,184,5.40761,3,10,1765.91,2,65,65,130,137,137,137,1616,130,520
jovo-feature-scale-example,jovo-feature-scale-example,classification,jovo_t7,cuml,cuML SPORF,n_features,300000,7,3,1470347820,300000,100,1,2,10,64,64,7,55,27,28,28,184,4.88043,3,7,1417.57,2,55,55,110,117,117,117,1376,110,440
jovo-feature-scale-example,jovo-feature-scale-example,classification,jovo_t7,cuml,cuML SPORF,n_features,300000,7,3,1470347820,300000,100,1,2,10,65,65,9,73,36,37,37,184,5.59783,3,9,1806.71,2,73,73,146,162,162,162,1880,146,584
jovo-feature-scale-example,jovo-feature-scale-example,classification,jovo_t7,cuml,cuML SPORF,n_features,300000,7,3,1470347820,300000,100,1,2,10,66,66,8,67,33,34,34,184,5.45109,4,8,1786.26,2,67,67,134,156,156,156,1784,134,536
jovo-feature-scale-example,jovo-feature-scale-example,classification,jovo_t7,cuml,cuML SPORF,n_features,300000,7,3,1470347820,300000,100,1,2,10,67,67,7,59,29,30,30,184,5.0163,3,7,1418.16,2,59,59,118,138,138,138,1576,118,472
jovo-feature-scale-example,jovo-feature-scale-example,classification,jovo_t7,cuml,cuML SPORF,n_features,300000,7,3,1470347820,300000,100,1,2,10,68,68,9,57,28,29,29,184,5.14674,3,9,2100.58,2,57,57,114,122,122,122,1432,114,456
jovo-feature-scale-example,jovo-feature-scale-example,classification,jovo_t7,cuml,cuML SPORF,n_features,300000,7,3,1470347820,300000,100,1,2,10,69,69,8,61,30,31,31,184,4.94565,3,8,1781.74,2,61,61,122,134,134,134,1560,122,488
jovo-feature-scale-example,jovo-feature-scale-example,classification,jovo_t7,cuml,cuML SPORF,n_features,300000,7,3,1470347820,300000,100,1,2,10,70,70,9,61,30,31,31,184,5.41848,3,9,1415.88,2,61,61,122,147,147,147,1664,122,488
jovo-feature-scale-example,jovo-feature-scale-example,classification,jovo_t7,cuml,cuML SPORF,n_features,300000,7,3,1470347820,300000,100,1,2,10,71,71,8,65,32,33,33,184,5.47283,3,8,1445.41,2,65,65,130,121,121,121,1488,130,520
jovo-feature-scale-example,jovo-feature-scale-example,classification,jovo_t7,cuml,cuML SPORF,n_features,300000,7,3,1470347820,300000,100,1,2,10,72,72,8,53,26,27,27,184,4.74457,3,8,1071.08,2,53,53,106,130,130,130,1464,106,424
jovo-feature-scale-example,jovo-feature-scale-example,classification,jovo_t7,cuml,cuML SPORF,n_features,300000,7,3,1470347820,300000,100,1,2,10,73,73,7,57,28,29,29,184,4.95652,3,7,1072.07,2,57,57,114,139,139,139,1568,114,456
jovo-feature-scale-example,jovo-feature-scale-example,classification,jovo_t7,cuml,cuML SPORF,n_features,300000,7,3,1470347820,300000,100,1,2,10,74,74,7,65,32,33,33,184,5.30435,4,7,1081.94,2,65,65,130,127,127,127,1536,130,520
jovo-feature-scale-example,jovo-feature-scale-example,classification,jovo_t7,cuml,cuML SPORF,n_features,300000,7,3,1470347820,300000,100,1,2,10,75,75,8,59,29,30,30,184,5.15761,3,8,1441.72,2,59,59,118,128,128,128,1496,118,472
jovo-feature-scale-example,jovo-feature-scale-example,classification,jovo_t7,cuml,cuML SPORF,n_features,300000,7,3,1470347820,300000,100,1,2,10,76,76,11,57,28,29,29,184,5.34783,3,11,2818.24,2,57,57,114,121,121,121,1424,114,456
jovo-feature-scale-example,jovo-feature-scale-example,classification,jovo_t7,cuml,cuML SPORF,n_features,300000,7,3,1470347820,300000,100,1,2,10,77,77,8,63,31,32,32,184,5.3913,3,8,1084.78,2,63,63,126,133,133,133,1568,126,504
jovo-feature-scale-example,jovo-feature-scale-example,classification,jovo_t7,cuml,cuML SPORF,n_features,300000,7,3,1470347820,300000,100,1,2,10,78,78,10,61,30,31,31,184,5.26087,3,10,2482.41,2,61,61,122,124,124,124,1480,122,488
jovo-feature-scale-example,jovo-feature-scale-example,classification,jovo_t7,cuml,cuML SPORF,n_features,300000,7,3,1470347820,300000,100,1,2,10,79,79,8,57,28,29,29,184,5.09239,3,8,1779.95,2,57,57,114,167,167,167,1792,114,456
jovo-feature-scale-example,jovo-feature-scale-example,classification,jovo_t7,cuml,cuML SPORF,n_features,300000,7,3,1470347820,300000,100,1,2,10,80,80,8,49,24,25,25,184,4.48913,3,8,1768.25,2,49,49,98,103,103,103,1216,98,392
jovo-feature-scale-example,jovo-feature-scale-example,classification,jovo_t7,cuml,cuML SPORF,n_features,300000,7,3,1470347820,300000,100,1,2,10,81,81,9,57,28,29,29,184,5.32065,3,9,2140.24,2,57,57,114,132,132,132,1512,114,456
jovo-feature-scale-example,jovo-feature-scale-example,classification,jovo_t7,cuml,cuML SPORF,n_features,300000,7,3,1470347820,300000,100,1,2,10,82,82,8,61,30,31,31,184,5.45109,2,8,1077.78,2,61,61,122,120,120,120,1448,122,488
jovo-feature-scale-example,jovo-feature-scale-example,classification,jovo_t7,cuml,cuML SPORF,n_features,300000,7,3,1470347820,300000,100,1,2,10,83,83,7,55,27,28,28,184,5.11413,3,7,1075.75,2,55,55,110,108,108,108,1304,110,440
jovo-feature-scale-example,jovo-feature-scale-example,classification,jovo_t7,cuml,cuML SPORF,n_features,300000,7,3,1470347820,300000,100,1,2,10,84,84,8,61,30,31,31,184,5.09783,3,8,1420.19,2,61,61,122,129,129,129,1520,122,488
jovo-feature-scale-example,jovo-feature-scale-example,classification,jovo_t7,cuml,cuML SPORF,n_features,300000,7,3,1470347820,300000,100,1,2,10,85,85,8,63,31,32,32,184,5.38043,4,8,1422.07,2,63,63,126,130,130,130,1544,126,504
jovo-feature-scale-example,jovo-feature-scale-example,classification,jovo_t7,cuml,cuML SPORF,n_features,300000,7,3,1470347820,300000,100,1,2,10,86,86,10,65,32,33,33,184,5.61957,4,10,2466.33,2,65,65,130,146,146,146,1688,130,520
jovo-feature-scale-example,jovo-feature-scale-example,classification,jovo_t7,cuml,cuML SPORF,n_features,300000,7,3,1470347820,300000,100,1,2,10,87,87,9,63,31,32,32,184,4.94565,3,9,2121.04,2,63,63,126,167,167,167,1840,126,504
jovo-feature-scale-example,jovo-feature-scale-example,classification,jovo_t7,cuml,cuML SPORF,n_features,300000,7,3,1470347820,300000,100,1,2,10,88,88,7,61,30,31,31,184,5.00543,2,7,1082.16,2,61,61,122,132,132,132,1544,122,488
jovo-feature-scale-example,jovo-feature-scale-example,classification,jovo_t7,cuml,cuML SPORF,n_features,300000,7,3,1470347820,300000,100,1,2,10,89,89,11,53,26,27,27,184,5.31522,3,11,2816.34,2,53,53,106,113,113,113,1328,106,424
jovo-feature-scale-example,jovo-feature-scale-example,classification,jovo_t7,cuml,cuML SPORF,n_features,300000,7,3,1470347820,300000,100,1,2,10,90,90,8,67,33,34,34,184,5.44565,3,8,1451.38,2,67,67,134,156,156,156,1784,134,536
jovo-feature-scale-example,jovo-feature-scale-example,classification,jovo_t7,cuml,cuML SPORF,n_features,300000,7,3,1470347820,300000,100,1,2,10,91,91,9,67,33,34,34,184,5.72826,4,9,1765.63,2,67,67,134,141,141,141,1664,134,536
jovo-feature-scale-example,jovo-feature-scale-example,classification,jovo_t7,cuml,cuML SPORF,n_features,300000,7,3,1470347820,300000,100,1,2,10,92,92,7,53,26,27,27,184,4.52717,3,7,1429.7,2,53,53,106,119,119,119,1376,106,424
jovo-feature-scale-example,jovo-feature-scale-example,classification,jovo_t7,cuml,cuML SPORF,n_features,300000,7,3,1470347820,300000,100,1,2,10,93,93,7,51,25,26,26,184,4.83152,3,7,1417.24,2,51,51,102,121,121,121,1376,102,408
jovo-feature-scale-example,jovo-feature-scale-example,classification,jovo_t7,cuml,cuML SPORF,n_features,300000,7,3,1470347820,300000,100,1,2,10,94,94,10,63,31,32,32,184,6.00543,3,10,1759.18,2,63,63,126,140,140,140,1624,126,504
jovo-feature-scale-example,jovo-feature-scale-example,classification,jovo_t7,cuml,cuML SPORF,n_features,300000,7,3,1470347820,300000,100,1,2,10,95,95,10,59,29,30,30,184,5.06522,3,10,2464.11,2,59,59,118,119,119,119,1424,118,472
jovo-feature-scale-example,jovo-feature-scale-example,classification,jovo_t7,cuml,cuML SPORF,n_features,300000,7,3,1470347820,300000,100,1,2,10,96,96,9,49,24,25,25,184,4.63587,3,9,2114.31,2,49,49,98,111,111,111,1280,98,392
jovo-feature-scale-example,jovo-feature-scale-example,classification,jovo_t7,cuml,cuML SPORF,n_features,300000,7,3,1470347820,300000,100,1,2,10,97,97,8,51,25,26,26,184,4.82065,3,8,1757.6,2,51,51,102,101,101,101,1216,102,408
jovo-feature-scale-example,jovo-feature-scale-example,classification,jovo_t7,cuml,cuML SPORF,n_features,300000,7,3,1470347820,300000,100,1,2,10,98,98,8,55,27,28,28,184,4.875,4,8,1777.53,2,55,55,110,123,123,123,1424,110,440
jovo-feature-scale-example,jovo-feature-scale-example,classification,jovo_t7,cuml,cuML SPORF,n_features,300000,7,3,1470347820,300000,100,1,2,10,99,99,9,61,30,31,31,184,5.57065,2,9,2143.85,2,61,61,122,137,137,137,1584,122,488
jovo-feature-scale-example,jovo-feature-scale-example,classification,jovo_t7,cuml,cuML SPORF,n_features,400000,8,1,1672937952,400000,100,1,2,10,0,0,8,57,28,29,29,184,5.46196,2,8,975.828,2,57,57,114,120,120,120,1416,114,456
jovo-feature-scale-example,jovo-feature-scale-example,classification,jovo_t7,cuml,cuML SPORF,n_features,400000,8,1,1672937952,400000,100,1,2,10,1,1,8,71,35,36,36,184,5.50543,3,8,959.416,2,71,71,142,161,161,161,1856,142,568
jovo-feature-scale-example,jovo-feature-scale-example,classification,jovo_t7,cuml,cuML SPORF,n_features,400000,8,1,1672937952,400000,100,1,2,10,2,2,7,63,31,32,32,184,5.30978,3,7,953.95,2,63,63,126,158,158,158,1768,126,504
jovo-feature-scale-example,jovo-feature-scale-example,classification,jovo_t7,cuml,cuML SPORF,n_features,400000,8,1,1672937952,400000,100,1,2,10,3,3,9,65,32,33,33,184,5.36413,3,9,1408.9,2,65,65,130,152,152,152,1736,130,520
jovo-feature-scale-example,jovo-feature-scale-example,classification,jovo_t7,cuml,cuML SPORF,n_features,400000,8,1,1672937952,400000,100,1,2,10,4,4,8,69,34,35,35,184,5.39674,3,8,1414.79,2,69,69,138,137,137,137,1648,138,552
jovo-feature-scale-example,jovo-feature-scale-example,classification,jovo_t7,cuml,cuML SPORF,n_features,400000,8,1,1672937952,400000,100,1,2,10,5,5,8,57,28,29,29,184,5.07065,3,8,957.352,2,57,57,114,114,114,114,1368,114,456
jovo-feature-scale-example,jovo-feature-scale-example,classification,jovo_t7,cuml,cuML SPORF,n_features,400000,8,1,1672937952,400000,100,1,2,10,6,6,8,63,31,32,32,184,5.79348,3,8,960.239,2,63,63,126,143,143,143,1648,126,504
jovo-feature-scale-example,jovo-feature-scale-example,classification,jovo_t7,cuml,cuML SPORF,n_features,400000,8,1,1672937952,400000,100,1,2,10,7,7,9,63,31,32,32,184,5.61413,3,9,1410.26,2,63,63,126,136,136,136,1592,126,504
jovo-feature-scale-example,jovo-feature-scale-example,classification,jovo_t7,cuml,cuML SPORF,n_features,400000,8,1,1672937952,400000,100,1,2,10,8,8,9,53,26,27,27,184,5.1087,3,9,1402.61,2,53,53,106,121,121,121,1392,106,424
jovo-feature-scale-example,jovo-feature-scale-example,classification,jovo_t7,cuml,cuML SPORF,n_features,400000,8,1,1672937952,400000,100,1,2,10,9,9,7,51,25,26,26,184,5.29348,3,7,949.447,2,51,51,102,117,117,117,1344,102,408
jovo-feature-scale-example,jovo-feature-scale-example,classification,jovo_t7,cuml,cuML SPORF,n_features,400000,8,1,1672937952,400000,100,1,2,10,10,10,8,61,30,31,31,184,5.06522,3,8,1405.35,2,61,61,122,132,132,132,1544,122,488
jovo-feature-scale-example,jovo-feature-scale-example,classification,jovo_t7,cuml,cuML SPORF,n_features,400000,8,1,1672937952,400000,100,1,2,10,11,11,7,61,30,31,31,184,5.11413,2,7,960.938,2,61,61,122,140,140,140,1608,122,488
jovo-feature-scale-example,jovo-feature-scale-example,classification,jovo_t7,cuml,cuML SPORF,n_features,400000,8,1,1672937952,400000,100,1,2,10,12,12,9,57,28,29,29,184,5.17935,3,9,1858.97,2,57,57,114,124,124,124,1448,114,456
jovo-feature-scale-example,jovo-feature-scale-example,classification,jovo_t7,cuml,cuML SPORF,n_features,400000,8,1,1672937952,400000,100,1,2,10,13,13,8,57,28,29,29,184,4.8913,3,8,1406.36,2,57,57,114,130,130,130,1496,114,456
jovo-feature-scale-example,jovo-feature-scale-example,classification,jovo_t7,cuml,cuML SPORF,n_features,400000,8,1,1672937952,400000,100,1,2,10,14,14,6,55,27,28,28,184,4.72283,3,6,952.388,2,55,55,110,137,137,137,1536,110,440
jovo-feature-scale-example,jovo-feature-scale-example,classification,jovo_t7,cuml,cuML SPORF,n_features,400000,8,1,1672937952,400000,100,1,2,10,15,15,7,59,29,30,30,184,5.20652,2,7,955.27,2,59,59,118,144,144,144,1624,118,472
jovo-feature-scale-example,jovo-feature-scale-example,classification,jovo_t7,cuml,cuML SPORF,n_features,400000,8,1,1672937952,400000,100,1,2,10,16,16,7,55,27,28,28,184,5.11957,3,7,949.5,2,55,55,110,122,122,122,1416,110,440
jovo-feature-scale-example,jovo-feature-scale-example,classification,jovo_t7,cuml,cuML SPORF,n_features,400000,8,1,1672937952,400000,100,1,2,10,17,17,8,65,32,33,33,184,5.35326,4,8,955.315,2,65,65,130,133,133,133,1584,130,520
jovo-feature-scale-example,jovo-feature-scale-example,classification,jovo_t7,cuml,cuML SPORF,n_features,400000,8,1,1672937952,400000,100,1,2,10,18,18,9,59,29,30,30,184,5.57065,3,9,1403.58,2,59,59,118,128,128,128,1496,118,472
jovo-feature-scale-example,jovo-feature-scale-example,classification,jovo_t7,cuml,cuML SPORF,n_features,400000,8,1,1672937952,400000,100,1,2,10,19,19,7,59,29,30,30,184,4.91304,3,7,952.634,2,59,59,118,134,134,134,1544,118,472
jovo-feature-scale-example,jovo-feature-scale-example,classification,jovo_t7,cuml,cuML SPORF,n_features,400000,8,1,1672937952,400000,100,1,2,10,20,20,7,61,30,31,31,184,4.97826,3,7,953.381,2,61,61,122,127,127,127,1504,122,488
jovo-feature-scale-example,jovo-feature-scale-example,classification,jovo_t7,cuml,cuML SPORF,n_features,400000,8,1,1672937952,400000,100,1,2,10,21,21,7,55,27,28,28,184,4.49457,3,7,946.182,2,55,55,110,119,119,119,1392,110,440
jovo-feature-scale-example,jovo-feature-scale-example,classification,jovo_t7,cuml,cuML SPORF,n_features,400000,8,1,1672937952,400000,100,1,2,10,22,22,8,65,32,33,33,184,5.43478,4,8,1409.6,2,65,65,130,143,143,143,1664,130,520
jovo-feature-scale-example,jovo-feature-scale-example,classification,jovo_t7,cuml,cuML SPORF,n_features,400000,8,1,1672937952,400000,100,1,2,10,23,23,8,61,30,31,31,184,5.32065,3,8,954.61,2,61,61,122,137,137,137,1584,122,488
jovo-feature-scale-example,jovo-feature-scale-example,classification,jovo_t7,cuml,cuML SPORF,n_features,400000,8,1,1672937952,400000,100,1,2,10,24,24,9,63,31,32,32,184,5.20109,4,9,1407.54,2,63,63,126,131,131,131,1552,126,504
jovo-feature-scale-example,jovo-feature-scale-example,classification,jovo_t7,cuml,cuML SPORF,n_features,400000,8,1,1672937952,400000,100,1,2,10,25,25,9,57,28,29,29,184,6.2663,3,9,1419.78,2,57,57,114,144,144,144,1608,114,456
jovo-feature-scale-example,jovo-feature-scale-example,classification,jovo_t7,cuml,cuML SPORF,n_features,400000,8,1,1672937952,400000,100,1,2,10,26,26,7,53,26,27,27,184,4.69565,3,7,954.53,2,53,53,106,121,121,121,1392,106,424
jovo-feature-scale-example,jovo-feature-scale-example,classification,jovo_t7,cuml,cuML SPORF,n_features,400000,8,1,1672937952,400000,100,1,2,10,27,27,10,51,25,26,26,184,5.20652,3,10,1399.53,2,51,51,102,135,135,135,1488,102,408
jovo-feature-scale-example,jovo-feature-scale-example,classification,jovo_t7,cuml,cuML SPORF,n_features,400000,8,1,1672937952,400000,100,1,2,10,28,28,9,55,27,28,28,184,4.70109,3,9,1857.05,2,55,55,110,125,125,125,1440,110,440
jovo-feature-scale-example,jovo-feature-scale-example,classification,jovo_t7,cuml,cuML SPORF,n_features,400000,8,1,1672937952,400000,100,1,2,10,29,29,8,59,29,30,30,184,5.31522,3,8,1407.16,2,59,59,118,132,132,132,1528,118,472
jovo-feature-scale-example,jovo-feature-scale-example,classification,jovo_t7,cuml,cuML SPORF,n_features,400000,8,1,1672937952,400000,100,1,2,10,30,30,8,67,33,34,34,184,5.2337,3,8,956.004,2,67,67,134,153,153,153,1760,134,536
jovo-feature-scale-example,jovo-feature-scale-example,classification,jovo_t7,cuml,cuML SPORF,n_features,400000,8,1,1672937952,400000,100,1,2,10,31,31,8,57,28,29,29,184,5.32065,2,8,1410.23,2,57,57,114,139,139,139,1568,114,456
jovo-feature-scale-example,jovo-feature-scale-example,classification,jovo_t7,cuml,cuML SPORF,n_features,400000,8,1,1672937952,400000,100,1,2,10,32,32,8,53,26,27,27,184,4.88043,3,8,941.391,2,53,53,106,128,128,128,1448,106,424
jovo-feature-scale-example,jovo-feature-scale-example,classification,jovo_t7,cuml,cuML SPORF,n_features,400000,8,1,1672937952,400000,100,1,2,10,33,33,9,59,29,30,30,184,5.52717,3,9,1408.1,2,59,59,118,125,125,125,1472,118,472
jovo-feature-scale-example,jovo-feature-scale-example,classification,jovo_t7,cuml,cuML SPORF,n_features,400000,8,1,1672937952,400000,100,1,2,10,34,34,6,55,27,28,28,184,4.80435,4,6,949.093,2,55,55,110,119,119,119,1392,110,440
jovo-feature-scale-example,jovo-feature-scale-example,classification,jovo_t7,cuml,cuML SPORF,n_features,400000,8,1,1672937952,400000,100,1,2,10,35,35,7,55,27,28,28,184,5.08152,3,7,950.062,2,55,55,110,109,109,109,1312,110,440
jovo-feature-scale-example,jovo-feature-scale-example,classification,jovo_t7,cuml,cuML SPORF,n_features,400000,8,1,1672937952,400000,100,1,2,10,36,36,7,57,28,29,29,184,5.48913,3,7,957.305,2,57,57,114,136,136,136,1544,114,456
jovo-feature-scale-example,jovo-feature-scale-example,classification,jovo_t7,cuml,cuML SPORF,n_features,400000,8,1,1672937952,400000,100,1,2,10,37,37,8,53,26,27,27,184,5.20652,2,8,1408.83,2,53,53,106,127,127,127,1440,106,424
jovo-feature-scale-example,jovo-feature-scale-example,classification,jovo_t7,cuml,cuML SPORF,n_features,400000,8,1,1672937952,400000,100,1,2,10,38,38,9,59,29,30,30,184,5.21739,3,9,1409.11,2,59,59,118,148,148,148,1656,118,472
jovo-feature-scale-example,jovo-feature-scale-example,classification,jovo_t7,cuml,cuML SPORF,n_features,400000,8,1,1672937952,400000,100,1,2,10,39,39,9,61,30,31,31,184,5.13043,3,9,1406.36,2,61,61,122,136,136,136,1576,122,488
jovo-feature-scale-example,jovo-feature-scale-example,classification,jovo_t7,cuml,cuML SPORF,n_features,400000,8,1,1672937952,400000,100,1,2,10,40,40,8,59,29,30,30,184,5.29348,3,8,956.888,2,59,59,118,137,137,137,1568,118,472
jovo-feature-scale-example,jovo-feature-scale-example,classification,jovo_t7,cuml,cuML SPORF,n_features,400000,8,1,1672937952,400000,100,1,2,10,41,41,8,69,34,35,35,184,5.22283,3,8,1415.23,2,69,69,138,163,163,163,1856,138,552
jovo-feature-scale-example,jovo-feature-scale-example,classification,jovo_t7,cuml,cuML SPORF,n_features,400000,8,1,1672937952,400000,100,1,2,10,42,42,8,57,28,29,29,184,4.90217,3,8,951.601,2,57,57,114,134,134,134,1528,114,456
jovo-feature-scale-example,jovo-feature-scale-example,classification,jovo_t7,cuml,cuML SPORF,n_features,400000,8,1,1672937952,400000,100,1,2,10,43,43,7,57,28,29,29,184,5.07065,3,7,1404.9,2,57,57,114,112,112,112,1352,114,456
jovo-feature-scale-example,jovo-feature-scale-example,classification,jovo_t7,cuml,cuML SPORF,n_features,400000,8,1,1672937952,400000,100,1,2,10,44,44,8,55,27,28,28,184,4.74457,3,8,1403.85,2,55,55,110,111,111,111,1328,110,440
jovo-feature-scale-example,jovo-feature-scale-example,classification,jovo_t7,cuml,cuML SPORF,n_features,400000,8,1,1672937952,400000,100,1,2,10,45,45,9,61,30,31,31,184,5.44022,3,9,1860.23,2,61,61,122,152,152,152,1704,122,488
jovo-feature-scale-example,jovo-feature-scale-example,classification,jovo_t7,cuml,cuML SPORF,n_features,400000,8,1,1672937952,400000,100,1,2,10,46,46,8,61,30,31,31,184,5.57065,3,8,1409.09,2,61,61,122,130,130,130,1528,122,488
jovo-feature-scale-example,jovo-feature-scale-example,classification,jovo_t7,cuml,cuML SPORF,n_features,400000,8,1,1672937952,400000,100,1,2,10,47,47,9,61,30,31,31,184,5.75543,3,9,958.124,2,61,61,122,134,134,134,1560,122,488
jovo-feature-scale-example,jovo-feature-scale-example,classification,jovo_t7,cuml,cuML SPORF,n_features,400000,8,1,1672937952,400000,100,1,2,10,48,48,7,59,29,30,30,184,5.14674,3,7,950.288,2,59,59,118,146,146,146,1640,118,472
jovo-feature-scale-example,jovo-feature-scale-example,classification,jovo_t7,cuml,cuML SPORF,n_features,400000,8,1,1672937952,400000,100,1,2,10,49,49,6,53,26,27,27,184,4.79891,3,6,950.239,2,53,53,106,121,121,121,1392,106,424
jovo-feature-scale-example,jovo-feature-scale-example,classification,jovo_t7,cuml,cuML SPORF,n_features,400000,8,1,1672937952,400000,100,1,2,10,50,50,7,49,24,25,25,184,4.90217,3,7,948.811,2,49,49,98,127,127,127,1408,98,392
jovo-feature-scale-example,jovo-feature-scale-example,classification,jovo_t7,cuml,cuML SPORF,n_features,400000,8,1,1672937952,400000,100,1,2,10,51,51,7,53,26,27,27,184,5.04891,3,7,953.244,2,53,53,106,118,118,118,1368,106,424
jovo-feature-scale-example,jovo-feature-scale-example,classification,jovo_t7,cuml,cuML SPORF,n_features,400000,8,1,1672937952,400000,100,1,2,10,52,52,9,59,29,30,30,184,5.14674,2,9,2312.79,2,59,59,118,130,130,130,1512,118,472
jovo-feature-scale-example,jovo-feature-scale-example,classification,jovo_t7,cuml,cuML SPORF,n_features,400000,8,1,1672937952,400000,100,1,2,10,53,53,8,53,26,27,27,184,5.1413,2,8,1403.73,2,53,53,106,98,98,98,1208,106,424
jovo-feature-scale-example,jovo-feature-scale-example,classification,jovo_t7,cuml,cuML SPORF,n_features,400000,8,1,1672937952,400000,100,1,2,10,54,54,6,59,29,30,30,184,5.50543,3,6,957.956,2,59,59,118,131,131,131,1520,118,472
jovo-feature-scale-example,jovo-feature-scale-example,classification,jovo_t7,cuml,cuML SPORF,n_features,400000,8,1,1672937952,400000,100,1,2,10,55,55,8,71,35,36,36,184,5.5,3,8,958.453,2,71,71,142,161,161,161,1856,142,568
jovo-feature-scale-example,jovo-feature-scale-example,classification,jovo_t7,cuml,cuML SPORF,n_features,400000,8,1,1672937952,400000,100,1,2,10,56,56,9,57,28,29,29,184,5.1087,3,9,1405.41,2,57,57,114,153,153,153,1680,114,456
jovo-feature-scale-example,jovo-feature-scale-example,classification,jovo_t7,cuml,cuML SPORF,n_features,400000,8,1,1672937952,400000,100,1,2,10,57,57,10,63,31,32,32,184,5.67935,3,10,1410.69,2,63,63,126,140,140,140,1624,126,504
jovo-feature-scale-example,jovo-feature-scale-example,classification,jovo_t7,cuml,cuML SPORF,n_features,400000,8,1,1672937952,400000,100,1,2,10,58,58,9,55,27,28,28,184,4.97283,3,9,1860.63,2,55,55,110,113,113,113,1344,110,440
jovo-feature-scale-example,jovo-feature-scale-example,classification,jovo_t7,cuml,cuML SPORF,n_features,400000,8,1,1672937952,400000,100,1,2,10,59,59,7,57,28,29,29,184,5.28804,3,7,1404.21,2,57,57,114,125,125,125,1456,114,456
jovo-feature-scale-example,jovo-feature-scale-example,classification,jovo_t7,cuml,cuML SPORF,n_features,400000,8,1,1672937952,400000,100,1,2,10,60,60,8,51,25,26,26,184,4.84783,3,8,942.583,2,51,51,102,105,105,105,1248,102,408
jovo-feature-scale-example,jovo-feature-scale-example,classification,jovo_t7,cuml,cuML SPORF,n_features,400000,8,1,1672937952,400000,100,1,2,10,61,61,9,63,31,32,32,184,6.1087,2,9,959.195,2,63,63,126,151,151,151,1712,126,504
jovo-feature-scale-example,jovo-feature-scale-example,classification,jovo_t7,cuml,cuML SPORF,n_features,400000,8,1,1672937952,400000,100,1,2,10,62,62,9,55,27,28,28,184,5.22826,3,9,1402.17,2,55,55,110,128,128,128,1464,110,440
jovo-feature-scale-example,jovo-feature-scale-example,classification,jovo_t7,cuml,cuML SPORF,n_features,400000,8,1,1672937952,400000,100,1,2,10,63,63,8,51,25,26,26,184,4.44565,2,8,1401.35,2,51,51,102,129,129,129,1440,102,408
jovo-feature-scale-example,jovo-feature-scale-example,classification,jovo_t7,cuml,cuML SPORF,n_features,400000,8,1,1672937952,400000,100,1,2,10,64,64,8,61,30,31,31,184,5.17391,3,8,955.134,2,61,61,122,150,150,150,1688,122,488
jovo-feature-scale-example,jovo-feature-scale-example,classification,jovo_t7,cuml,cuML SPORF,n_features,400000,8,1,1672937952,400000,100,1,2,10,65,65,8,49,24,25,25,184,4.78261,2,8,1853.08,2,49,49,98,112,112,112,1288,98,392
jovo-feature-scale-example,jovo-feature-scale-example,classification,jovo_t7,cuml,cuML SPORF,n_features,400000,8,1,1672937952,400000,100,1,2,10,66,66,7,53,26,27,27,184,4.84783,3,7,949.804,2,53,53,106,120,120,120,1384,106,424
jovo-feature-scale-example,jovo-feature-scale-example,classification,jovo_t7,cuml,cuML SPORF,n_features,400000,8,1,1672937952,400000,100,1,2,10,67,67,8,53,26,27,27,184,5.57609,3,8,945.494,2,53,53,106,125,125,125,1424,106,424
jovo-feature-scale-example,jovo-feature-scale-example,classification,jovo_t7,cuml,cuML SPORF,n_features,400000,8,1,1672937952,400000,100,1,2,10,68,68,7,51,25,26,26,184,5.13043,3,7,1402.53,2,51,51,102,142,142,142,1544,102,408
jovo-feature-scale-example,jovo-feature-scale-example,classification,jovo_t7,cuml,cuML SPORF,n_features,400000,8,1,1672937952,400000,100,1,2,10,69,69,7,59,29,30,30,184,5.04891,2,7,952.518,2,59,59,118,147,147,147,1648,118,472
jovo-feature-scale-example,jovo-feature-scale-example,classification,jovo_t7,cuml,cuML SPORF,n_features,400000,8,1,1672937952,400000,100,1,2,10,70,70,7,57,28,29,29,184,4.89674,3,7,1402.66,2,57,57,114,127,127,127,1472,114,456
jovo-feature-scale-example,jovo-feature-scale-example,classification,jovo_t7,cuml,cuML SPORF,n_features,400000,8,1,1672937952,400000,100,1,2,10,71,71,8,73,36,37,37,184,5.74457,3,8,961.071,2,73,73,146,172,172,172,1960,146,584
jovo-feature-scale-example,jovo-feature-scale-example,classification,jovo_t7,cuml,cuML SPORF,n_features,400000,8,1,1672937952,400000,100,1,2,10,72,72,9,63,31,32,32,184,5.2337,3,9,1412.91,2,63,63,126,155,155,155,1744,126,504
jovo-feature-scale-example,jovo-feature-scale-example,classification,jovo_t7,cuml,cuML SPORF,n_features,400000,8,1,1672937952,400000,100,1,2,10,73,73,8,55,27,28,28,184,5.13587,2,8,1411.65,2,55,55,110,128,128,128,1464,110,440
jovo-feature-scale-example,jovo-feature-scale-example,classification,jovo_t7,cuml,cuML SPORF,n_features,400000,8,1,1672937952,400000,100,1,2,10,74,74,9,51,25,26,26,184,5.05435,2,9,1855.33,2,51,51,102,99,99,99,1200,102,408
jovo-feature-scale-example,jovo-feature-scale-example,classification,jovo_t7,cuml,cuML SPORF,n_features,400000,8,1,1672937952,400000,100,1,2,10,75,75,9,61,30,31,31,184,5.03261,3,9,1413.34,2,61,61,122,159,159,159,1760,122,488
jovo-feature-scale-example,jovo-feature-scale-example,classification,jovo_t7,cuml,cuML SPORF,n_features,400000,8,1,1672937952,400000,100,1,2,10,76,76,8,57,28,29,29,184,5.14674,3,8,959.392,2,57,57,114,118,118,118,1400,114,456
jovo-feature-scale-example,jovo-feature-scale-example,classification,jovo_t7,cuml,cuML SPORF,n_features,400000,8,1,1672937952,400000,100,1,2,10,77,77,8,59,29,30,30,184,5.32065,3,8,1406.51,2,59,59,118,157,157,157,1728,118,472
jovo-feature-scale-example,jovo-feature-scale-example,classification,jovo_t7,cuml,cuML SPORF,n_features,400000,8,1,1672937952,400000,100,1,2,10,78,78,8,53,26,27,27,184,4.61413,3,8,1394.61,2,53,53,106,117,117,117,1360,106,424
jovo-feature-scale-example,jovo-feature-scale-example,classification,jovo_t7,cuml,cuML SPORF,n_features,400000,8,1,1672937952,400000,100,1,2,10,79,79,8,67,33,34,34,184,5.38587,3,8,960.423,2,67,67,134,154,154,154,1768,134,536
jovo-feature-scale-example,jovo-feature-scale-example,classification,jovo_t7,cuml,cuML SPORF,n_features,400000,8,1,1672937952,400000,100,1,2,10,80,80,8,69,34,35,35,184,5.28804,3,8,1414.88,2,69,69,138,149,149,149,1744,138,552
jovo-feature-scale-example,jovo-feature-scale-example,classification,jovo_t7,cuml,cuML SPORF,n_features,400000,8,1,1672937952,400000,100,1,2,10,81,81,7,63,31,32,32,184,5.23913,3,7,968.658,2,63,63,126,153,153,153,1728,126,504
jovo-feature-scale-example,jovo-feature-scale-example,classification,jovo_t7,cuml,cuML SPORF,n_features,400000,8,1,1672937952,400000,100,1,2,10,82,82,8,57,28,29,29,184,5.3587,3,8,949.454,2,57,57,114,128,128,128,1480,114,456
jovo-feature-scale-example,jovo-feature-scale-example,classification,jovo_t7,cuml,cuML SPORF,n_features,400000,8,1,1672937952,400000,100,1,2,10,83,83,9,65,32,33,33,184,5.25543,3,9,960.242,2,65,65,130,138,138,138,1624,130,520
jovo-feature-scale-example,jovo-feature-scale-example,classification,jovo_t7,cuml,cuML SPORF,n_features,400000,8,1,1672937952,400000,100,1,2,10,84,84,8,61,30,31,31,184,5.40217,3,8,1402.64,2,61,61,122,139,139,139,1600,122,488
jovo-feature-scale-example,jovo-feature-scale-example,classification,jovo_t7,cuml,cuML SPORF,n_features,400000,8,1,1672937952,400000,100,1,2,10,85,85,9,57,28,29,29,184,5.14674,3,9,1397.57,2,57,57,114,142,142,142,1592,114,456
jovo-feature-scale-example,jovo-feature-scale-example,classification,jovo_t7,cuml,cuML SPORF,n_features,400000,8,1,1672937952,400000,100,1,2,10,86,86,9,59,29,30,30,184,5.82065,3,9,958.552,2,59,59,118,124,124,124,1464,118,472
jovo-feature-scale-example,jovo-feature-scale-example,classification,jovo_t7,cuml,cuML SPORF,n_features,400000,8,1,1672937952,400000,100,1,2,10,87,87,8,59,29,30,30,184,5.29891,2,8,956.749,2,59,59,118,126,126,126,1480,118,472
jovo-feature-scale-example,jovo-feature-scale-example,classification,jovo_t7,cuml,cuML SPORF,n_features,400000,8,1,1672937952,400000,100,1,2,10,88,88,8,65,32,33,33,184,5.75,2,8,961.716,2,65,65,130,129,129,129,1552,130,520
jovo-feature-scale-example,jovo-feature-scale-example,classification,jovo_t7,cuml,cuML SPORF,n_features,400000,8,1,1672937952,400000,100,1,2,10,89,89,9,67,33,34,34,184,5.70109,2,9,1410.82,2,67,67,134,164,164,164,1848,134,536
jovo-feature-scale-example,jovo-feature-scale-example,classification,jovo_t7,cuml,cuML SPORF,n_features,400000,8,1,1672937952,400000,100,1,2,10,90,90,9,59,29,30,30,184,5.46739,3,9,1408.43,2,59,59,118,148,148,148,1656,118,472
jovo-feature-scale-example,jovo-feature-scale-example,classification,jovo_t7,cuml,cuML SPORF,n_features,400000,8,1,1672937952,400000,100,1,2,10,91,91,8,55,27,28,28,184,4.92935,3,8,950.448,2,55,55,110,127,127,127,1456,110,440
jovo-feature-scale-example,jovo-feature-scale-example,classification,jovo_t7,cuml,cuML SPORF,n_features,400000,8,1,1672937952,400000,100,1,2,10,92,92,7,53,26,27,27,184,5.44565,2,7,957.424,2,53,53,106,124,124,124,1416,106,424
jovo-feature-scale-example,jovo-feature-scale-example,classification,jovo_t7,cuml,cuML SPORF,n_features,400000,8,1,1672937952,400000,100,1,2,10,93,93,10,61,30,31,31,184,5.48913,3,10,1403.93,2,61,61,122,125,125,125,1488,122,488
jovo-feature-scale-example,jovo-feature-scale-example,classification,jovo_t7,cuml,cuML SPORF,n_features,400000,8,1,1672937952,400000,100,1,2,10,94,94,9,61,30,31,31,184,5.20652,3,9,1408.81,2,61,61,122,145,145,145,1648,122,488
jovo-feature-scale-example,jovo-feature-scale-example,classification,jovo_t7,cuml,cuML SPORF,n_features,400000,8,1,1672937952,400000,100,1,2,10,95,95,8,53,26,27,27,184,4.72826,3,8,1401.73,2,53,53,106,126,126,126,1432,106,424
jovo-feature-scale-example,jovo-feature-scale-example,classification,jovo_t7,cuml,cuML SPORF,n_features,400000,8,1,1672937952,400000,100,1,2,10,96,96,8,57,28,29,29,184,5.92935,3,8,959.802,2,57,57,114,139,139,139,1568,114,456
jovo-feature-scale-example,jovo-feature-scale-example,classification,jovo_t7,cuml,cuML SPORF,n_features,400000,8,1,1672937952,400000,100,1,2,10,97,97,9,63,31,32,32,184,5.51087,3,9,1862.96,2,63,63,126,144,144,144,1656,126,504
jovo-feature-scale-example,jovo-feature-scale-example,classification,jovo_t7,cuml,cuML SPORF,n_features,400000,8,1,1672937952,400000,100,1,2,10,98,98,8,67,33,34,34,184,5.83152,3,8,961.555,2,67,67,134,128,128,128,1560,134,536
jovo-feature-scale-example,jovo-feature-scale-example,classification,jovo_t7,cuml,cuML SPORF,n_features,400000,8,1,1672937952,400000,100,1,2,10,99,99,9,59,29,30,30,184,5.21739,3,9,1409.51,2,59,59,118,119,119,119,1424,118,472
jovo-feature-scale-example,jovo-feature-scale-example,classification,jovo_t7,cuml,cuML SPORF,n_features,400000,8,2,1280706876,400000,100,1,2,10,0,0,8,51,25,26,26,184,5.25543,2,8,1413.28,2,51,51,102,117,117,117,1344,102,408
jovo-feature-scale-example,jovo-feature-scale-example,classification,jovo_t7,cuml,cuML SPORF,n_features,400000,8,2,1280706876,400000,100,1,2,10,1,1,7,49,24,25,25,184,4.78261,3,7,1405.79,2,49,49,98,118,118,118,1336,98,392
jovo-feature-scale-example,jovo-feature-scale-example,classification,jovo_t7,cuml,cuML SPORF,n_features,400000,8,2,1280706876,400000,100,1,2,10,2,2,10,49,24,25,25,184,5.15217,2,10,949.644,2,49,49,98,110,110,110,1272,98,392
jovo-feature-scale-example,jovo-feature-scale-example,classification,jovo_t7,cuml,cuML SPORF,n_features,400000,8,2,1280706876,400000,100,1,2,10,3,3,7,59,29,30,30,184,5.19565,4,7,960.721,2,59,59,118,133,133,133,1536,118,472
jovo-feature-scale-example,jovo-feature-scale-example,classification,jovo_t7,cuml,cuML SPORF,n_features,400000,8,2,1280706876,400000,100,1,2,10,4,4,9,61,30,31,31,184,5.23913,3,9,1407.05,2,61,61,122,131,131,131,1536,122,488
jovo-feature-scale-example,jovo-feature-scale-example,classification,jovo_t7,cuml,cuML SPORF,n_features,400000,8,2,1280706876,400000,100,1,2,10,5,5,10,57,28,29,29,184,5.09783,3,10,2766.48,2,57,57,114,132,132,132,1512,114,456
jovo-feature-scale-example,jovo-feature-scale-example,classification,jovo_t7,cuml,cuML SPORF,n_features,400000,8,2,1280706876,400000,100,1,2,10,6,6,8,55,27,28,28,184,5.01087,3,8,946.414,2,55,55,110,119,119,119,1392,110,440
jovo-feature-scale-example,jovo-feature-scale-example,classification,jovo_t7,cuml,cuML SPORF,n_features,400000,8,2,1280706876,400000,100,1,2,10,7,7,7,49,24,25,25,184,4.64674,3,7,946.302,2,49,49,98,115,115,115,1312,98,392
jovo-feature-scale-example,jovo-feature-scale-example,classification,jovo_t7,cuml,cuML SPORF,n_features,400000,8,2,1280706876,400000,100,1,2,10,8,8,10,55,27,28,28,184,4.71196,3,10,2761.72,2,55,55,110,124,124,124,1432,110,440
jovo-feature-scale-example,jovo-feature-scale-example,classification,jovo_t7,cuml,cuML SPORF,n_features,400000,8,2,1280706876,400000,100,1,2,10,9,9,10,59,29,30,30,184,5.57609,3,10,1409.29,2,59,59,118,129,129,129,1504,118,472
jovo-feature-scale-example,jovo-feature-scale-example,classification,jovo_t7,cuml,cuML SPORF,n_features,400000,8,2,1280706876,400000,100,1,2,10,10,10,8,57,28,29,29,184,5.52174,3,8,1864.43,2,57,57,114,126,126,126,1464,114,456
jovo-feature-scale-example,jovo-feature-scale-example,classification,jovo_t7,cuml,cuML SPORF,n_features,400000,8,2,1280706876,400000,100,1,2,10,11,11,9,61,30,31,31,184,5.43478,3,9,959.739,2,61,61,122,139,139,139,1600,122,488
jovo-feature-scale-example,jovo-feature-scale-example,classification,jovo_t7,cuml,cuML SPORF,n_features,400000,8,2,1280706876,400000,100,1,2,10,12,12,12,55,27,28,28,184,5.61957,3,12,2318.41,2,55,55,110,110,110,110,1320,110,440
jovo-feature-scale-example,jovo-feature-scale-example,classification,jovo_t7,cuml,cuML SPORF,n_features,400000,8,2,1280706876,400000,100,1,2,10,13,13,7,61,30,31,31,184,4.875,3,7,956.753,2,61,61,122,119,119,119,1440,122,488
jovo-feature-scale-example,jovo-feature-scale-example,classification,jovo_t7,cuml,cuML SPORF,n_features,400000,8,2,1280706876,400000,100,1,2,10,14,14,9,57,28,29,29,184,4.92391,2,9,1403.46,2,57,57,114,127,127,127,1472,114,456
jovo-feature-scale-example,jovo-feature-scale-example,classification,jovo_t7,cuml,cuML SPORF,n_features,400000,8,2,1280706876,400000,100,1,2,10,15,15,8,59,29,30,30,184,5.00543,3,8,1403.63,2,59,59,118,161,161,161,1760,118,472
jovo-feature-scale-example,jovo-feature-scale-example,classification,jovo_t7,cuml,cuML SPORF,n_features,400000,8,2,1280706876,400000,100,1,2,10,16,16,8,51,25,26,26,184,4.75,2,8,947.294,2,51,51,102,117,117,117,1344,102,408
jovo-feature-scale-example,jovo-feature-scale-example,classification,jovo_t7,cuml,cuML SPORF,n_features,400000,8,2,1280706876,400000,100,1,2,10,17,17,9,65,32,33,33,184,5.46739,3,9,1407.44,2,65,65,130,135,135,135,1600,130,520
jovo-feature-scale-example,jovo-feature-scale-example,classification,jovo_t7,cuml,cuML SPORF,n_features,400000,8,2,1280706876,400000,100,1,2,10,18,18,8,57,28,29,29,184,5.29348,4,8,955.791,2,57,57,114,139,139,139,1568,114,456
jovo-feature-scale-example,jovo-feature-scale-example,classification,jovo_t7,cuml,cuML SPORF,n_features,400000,8,2,1280706876,400000,100,1,2,10,19,19,10,69,34,35,35,184,5.82609,2,10,1412.32,2,69,69,138,172,172,172,1928,138,552
jovo-feature-scale-example,jovo-feature-scale-example,classification,jovo_t7,cuml,cuML SPORF,n_features,400000,8,2,1280706876,400000,100,1,2,10,20,20,7,45,22,23,23,184,4.77717,2,7,943.989,2,45,45,90,95,95,95,1120,90,360
jovo-feature-scale-example,jovo-feature-scale-example,classification,jovo_t7,cuml,cuML SPORF,n_features,400000,8,2,1280706876,400000,100,1,2,10,21,21,10,57,28,29,29,184,5.71739,3,10,1405.95,2,57,57,114,113,113,113,1360,114,456
jovo-feature-scale-example,jovo-feature-scale-example,classification,jovo_t7,cuml,cuML SPORF,n_features,400000,8,2,1280706876,400000,100,1,2,10,22,22,9,51,25,26,26,184,4.61413,3,9,1395.19,2,51,51,102,99,99,99,1200,102,408
jovo-feature-scale-example,jovo-feature-scale-example,classification,jovo_t7,cuml,cuML SPORF,n_features,400000,8,2,1280706876,400000,100,1,2,10,23,23,8,57,28,29,29,184,5.14674,3,8,962.748,2,57,57,114,145,145,145,1616,114,456
jovo-feature-scale-example,jovo-feature-scale-example,classification,jovo_t7,cuml,cuML SPORF,n_features,400000,8,2,1280706876,400000,100,1,2,10,24,24,8,63,31,32,32,184,5.65761,3,8,955.624,2,63,63,126,157,157,157,1760,126,504
jovo-feature-scale-example,jovo-feature-scale-example,classification,jovo_t7,cuml,cuML SPORF,n_features,400000,8,2,1280706876,400000,100,1,2,10,25,25,9,61,30,31,31,184,6.125,3,9,1413.97,2,61,61,122,115,115,115,1408,122,488
jovo-feature-scale-example,jovo-feature-scale-example,classification,jovo_t7,cuml,cuML SPORF,n_features,400000,8,2,1280706876,400000,100,1,2,10,26,26,7,65,32,33,33,184,4.88587,3,7,955.275,2,65,65,130,142,142,142,1656,130,520
jovo-feature-scale-example,jovo-feature-scale-example,classification,jovo_t7,cuml,cuML SPORF,n_features,400000,8,2,1280706876,400000,100,1,2,10,27,27,8,57,28,29,29,184,5.51087,3,8,954.759,2,57,57,114,134,134,134,1528,114,456
jovo-feature-scale-example,jovo-feature-scale-example,classification,jovo_t7,cuml,cuML SPORF,n_features,400000,8,2,1280706876,400000,100,1,2,10,28,28,8,67,33,34,34,184,5.63587,3,8,1410.06,2,67,67,134,159,159,159,1808,134,536
jovo-feature-scale-example,jovo-feature-scale-example,classification,jovo_t7,cuml,cuML SPORF,n_features,400000,8,2,1280706876,400000,100,1,2,10,29,29,9,75,37,38,38,184,5.54348,3,9,1415.31,2,75,75,150,155,155,155,1840,150,600
jovo-feature-scale-example,jovo-feature-scale-example,classification,jovo_t7,cuml,cuML SPORF,n_features,400000,8,2,1280706876,400000,100,1,2,10,30,30,8,55,27,28,28,184,5.08696,2,8,1406.58,2,55,55,110,131,131,131,1488,110,440
jovo-feature-scale-example,jovo-feature-scale-example,classification,jovo_t7,cuml,cuML SPORF,n_features,400000,8,2,1280706876,400000,100,1,2,10,31,31,9,59,29,30,30,184,6.20652,3,9,1414.85,2,59,59,118,144,144,144,1624,118,472
jovo-feature-scale-example,jovo-feature-scale-example,classification,jovo_t7,cuml,cuML SPORF,n_features,400000,8,2,1280706876,400000,100,1,2,10,32,32,8,59,29,30,30,184,5.2663,3,8,953.266,2,59,59,118,121,121,121,1440,118,472
jovo-feature-scale-example,jovo-feature-scale-example,classification,jovo_t7,cuml,cuML SPORF,n_features,400000,8,2,1280706876,400000,100,1,2,10,33,33,9,67,33,34,34,184,5.14674,3,9,1409.21,2,67,67,134,174,174,174,1928,134,536
jovo-feature-scale-example,jovo-feature-scale-example,classification,jovo_t7,cuml,cuML SPORF,n_features,400000,8,2,1280706876,400000,100,1,2,10,34,34,10,55,27,28,28,184,5.10326,3,10,1856.96,2,55,55,110,124,124,124,1432,110,440
jovo-feature-scale-example,jovo-feature-scale-example,classification,jovo_t7,cuml,cuML SPORF,n_features,400000,8,2,1280706876,400000,100,1,2,10,35,35,9,59,29,30,30,184,5.16848,3,9,1860.49,2,59,59,118,131,131,131,1520,118,472
jovo-feature-scale-example,jovo-feature-scale-example,classification,jovo_t7,cuml,cuML SPORF,n_features,400000,8,2,1280706876,400000,100,1,2,10,36,36,8,59,29,30,30,184,5.08152,3,8,1406.3,2,59,59,118,130,130,130,1512,118,472
jovo-feature-scale-example,jovo-feature-scale-example,classification,jovo_t7,cuml,cuML SPORF,n_features,400000,8,2,1280706876,400000,100,1,2,10,37,37,10,61,30,31,31,184,5.5163,2,10,958.828,2,61,61,122,156,156,156,1736,122,488
jovo-feature-scale-example,jovo-feature-scale-example,classification,jovo_t7,cuml,cuML SPORF,n_features,400000,8,2,1280706876,400000,100,1,2,10,38,38,7,57,28,29,29,184,5.04348,3,7,951.402,2,57,57,114,125,125,125,1456,114,456
jovo-feature-scale-example,jovo-feature-scale-example,classification,jovo_t7,cuml,cuML SPORF,n_features,400000,8,2,1280706876,400000,100,1,2,10,39,39,7,63,31,32,32,184,4.875,3,7,952.414,2,63,63,126,145,145,145,1664,126,504
jovo-feature-scale-example,jovo-feature-scale-example,classification,jovo_t7,cuml,cuML SPORF,n_features,400000,8,2,1280706876,400000,100,1,2,10,40,40,6,57,28,29,29,184,4.84783,3,6,947.454,2,57,57,114,126,126,126,1464,114,456
jovo-feature-scale-example,jovo-feature-scale-example,classification,jovo_t7,cuml,cuML SPORF,n_features,400000,8,2,1280706876,400000,100,1,2,10,41,41,9,67,33,34,34,184,5.28804,3,9,1408.13,2,67,67,134,147,147,147,1712,134,536
jovo-feature-scale-example,jovo-feature-scale-example,classification,jovo_t7,cuml,cuML SPORF,n_features,400000,8,2,1280706876,400000,100,1,2,10,42,42,8,55,27,28,28,184,4.82609,3,8,1404.04,2,55,55,110,125,125,125,1440,110,440
jovo-feature-scale-example,jovo-feature-scale-example,classification,jovo_t7,cuml,cuML SPORF,n_features,400000,8,2,1280706876,400000,100,1,2,10,43,43,10,59,29,30,30,184,5.63587,4,10,1869.58,2,59,59,118,128,128,128,1496,118,472
jovo-feature-scale-example,jovo-feature-scale-example,classification,jovo_t7,cuml,cuML SPORF,n_features,400000,8,2,1280706876,400000,100,1,2,10,44,44,11,53,26,27,27,184,5.32065,3,11,2772.21,2,53,53,106,114,114,114,1336,106,424
jovo-feature-scale-example,jovo-feature-scale-example,classification,jovo_t7,cuml,cuML SPORF,n_features,400000,8,2,1280706876,400000,100,1,2,10,45,45,8,53,26,27,27,184,4.97826,3,8,950.147,2,53,53,106,97,97,97,1200,106,424
jovo-feature-scale-example,jovo-feature-scale-example,classification,jovo_t7,cuml,cuML SPORF,n_features,400000,8,2,1280706876,400000,100,1,2,10,46,46,8,49,24,25,25,184,4.77174,2,8,1400.86,2,49,49,98,121,121,121,1360,98,392
jovo-feature-scale-example,jovo-feature-scale-example,classification,jovo_t7,cuml,cuML SPORF,n_features,400000,8,2,1280706876,400000,100,1,2,10,47,47,10,63,31,32,32,184,5.46196,3,10,2317.13,2,63,63,126,134,134,134,1576,126,504
jovo-feature-scale-example,jovo-feature-scale-example,classification,jovo_t7,cuml,cuML SPORF,n_features,400000,8,2,1280706876,400000,100,1,2,10,48,48,7,61,30,31,31,184,5.26087,3,7,955.169,2,61,61,122,134,134,134,1560,122,488
jovo-feature-scale-example,jovo-feature-scale-example,classification,jovo_t7,cuml,cuML SPORF,n_features,400000,8,2,1280706876,400000,100,1,2,10,49,49,8,57,28,29,29,184,5.46739,3,8,1409.18,2,57,57,114,131,131,131,1504,114,456
jovo-feature-scale-example,jovo-feature-scale-example,classification,jovo_t7,cuml,cuML SPORF,n_features,400000,8,2,1280706876,400000,100,1,2,10,50,50,7,55,27,28,28,184,5.42935,2,7,958.925,2,55,55,110,113,113,113,1344,110,440
jovo-feature-scale-example,jovo-feature-scale-example,classification,jovo_t7,cuml,cuML SPORF,n_features,400000,8,2,1280706876,400000,100,1,2,10,51,51,8,65,32,33,33,184,5.52717,3,8,968.539,2,65,65,130,163,163,163,1824,130,520
jovo-feature-scale-example,jovo-feature-scale-example,classification,jovo_t7,cuml,cuML SPORF,n_features,400000,8,2,1280706876,400000,100,1,2,10,52,52,8,57,28,29,29,184,5.02717,3,8,1405.64,2,57,57,114,142,142,142,1592,114,456
jovo-feature-scale-example,jovo-feature-scale-example,classification,jovo_t7,cuml,cuML SPORF,n_features,400000,8,2,1280706876,400000,100,1,2,10,53,53,9,51,25,26,26,184,4.84783,3,9,1850.04,2,51,51,102,123,123,123,1392,102,408
jovo-feature-scale-example,jovo-feature-scale-example,classification,jovo_t7,cuml,cuML SPORF,n_features,400000,8,2,1280706876,400000,100,1,2,10,54,54,7,59,29,30,30,184,5.19565,4,7,951.153,2,59,59,118,115,115,115,1392,118,472
jovo-feature-scale-example,jovo-feature-scale-example,classification,jovo_t7,cuml,cuML SPORF,n_features,400000,8,2,1280706876,400000,100,1,2,10,55,55,9,51,25,26,26,184,5.26087,2,9,1399.53,2,51,51,102,116,116,116,1336,102,408
jovo-feature-scale-example,jovo-feature-scale-example,classification,jovo_t7,cuml,cuML SPORF,n_features,400000,8,2,1280706876,400000,100,1,2,10,56,56,7,59,29,30,30,184,4.91848,3,7,953.206,2,59,59,118,130,130,130,1512,118,472
jovo-feature-scale-example,jovo-feature-scale-example,classification,jovo_t7,cuml,cuML SPORF,n_features,400000,8,2,1280706876,400000,100,1,2,10,57,57,8,55,27,28,28,184,5.42391,3,8,943.916,2,55,55,110,121,121,121,1408,110,440
jovo-feature-scale-example,jovo-feature-scale-example,classification,jovo_t7,cuml,cuML SPORF,n_features,400000,8,2,1280706876,400000,100,1,2,10,58,58,9,77,38,39,39,184,6.04348,3,9,969.817,2,77,77,154,161,161,161,1904,154,616
jovo-feature-scale-example,jovo-feature-scale-example,classification,jovo_t7,cuml,cuML SPORF,n_features,400000,8,2,1280706876,400000,100,1,2,10,59,59,7,55,27,28,28,184,5.4837,3,7,953.878,2,55,55,110,120,120,120,1400,110,440
jovo-feature-scale-example,jovo-feature-scale-example,classification,jovo_t7,cuml,cuML SPORF,n_features,400000,8,2,1280706876,400000,100,1,2,10,60,60,8,53,26,27,27,184,5.02174,3,8,950.98,2,53,53,106,139,139,139,1536,106,424
jovo-feature-scale-example,jovo-feature-scale-example,classification,jovo_t7,cuml,cuML SPORF,n_features,400000,8,2,1280706876,400000,100,1,2,10,61,61,9,65,32,33,33,184,5.34239,3,9,1409.71,2,65,65,130,151,151,151,1728,130,520
jovo-feature-scale-example,jovo-feature-scale-example,classification,jovo_t7,cuml,cuML SPORF,n_features,400000,8,2,1280706876,400000,100,1,2,10,62,62,10,55,27,28,28,184,5.61957,3,10,1405.44,2,55,55,110,133,133,133,1504,110,440
jovo-feature-scale-example,jovo-feature-scale-example,classification,jovo_t7,cuml,cuML SPORF,n_features,400000,8,2,1280706876,400000,100,1,2,10,63,63,8,61,30,31,31,184,5.34783,3,8,952.306,2,61,61,122,136,136,136,1576,122,488
jovo-feature-scale-example,jovo-feature-scale-example,classification,jovo_t7,cuml,cuML SPORF,n_features,400000,8,2,1280706876,400000,100,1,2,10,64,64,8,65,32,33,33,184,5.29348,3,8,1406.2,2,65,65,130,163,163,163,1824,130,520
jovo-feature-scale-example,jovo-feature-scale-example,classification,jovo_t7,cuml,cuML SPORF,n_features,400000,8,2,1280706876,400000,100,1,2,10,65,65,9,61,30,31,31,184,5.79891,2,9,1411.27,2,61,61,122,144,144,144,1640,122,488
jovo-feature-scale-example,jovo-feature-scale-example,classification,jovo_t7,cuml,cuML SPORF,n_features,400000,8,2,1280706876,400000,100,1,2,10,66,66,9,57,28,29,29,184,5.375,3,9,1399.84,2,57,57,114,142,142,142,1592,114,456
jovo-feature-scale-example,jovo-feature-scale-example,classification,jovo_t7,cuml,cuML SPORF,n_features,400000,8,2,1280706876,400000,100,1,2,10,67,67,11,63,31,32,32,184,5.74457,3,11,2325.21,2,63,63,126,137,137,137,1600,126,504
jovo-feature-scale-example,jovo-feature-scale-example,classification,jovo_t7,cuml,cuML SPORF,n_features,400000,8,2,1280706876,400000,100,1,2,10,68,68,8,59,29,30,30,184,5.20652,3,8,1406.2,2,59,59,118,115,115,115,1392,118,472
jovo-feature-scale-example,jovo-feature-scale-example,classification,jovo_t7,cuml,cuML SPORF,n_features,400000,8,2,1280706876,400000,100,1,2,10,69,69,8,71,35,36,36,184,5.36413,3,8,1409.94,2,71,71,142,157,157,157,1824,142,568
jovo-feature-scale-example,jovo-feature-scale-example,classification,jovo_t7,cuml,cuML SPORF,n_features,400000,8,2,1280706876,400000,100,1,2,10,70,70,9,61,30,31,31,184,5.18478,4,9,1409.65,2,61,61,122,139,139,139,1600,122,488
jovo-feature-scale-example,jovo-feature-scale-example,classification,jovo_t7,cuml,cuML SPORF,n_features,400000,8,2,1280706876,400000,100,1,2,10,71,71,8,51,25,26,26,184,4.75,3,8,2303.34,2,51,51,102,112,112,112,1304,102,408
jovo-feature-scale-example,jovo-feature-scale-example,classification,jovo_t7,cuml,cuML SPORF,n_features,400000,8,2,1280706876,400000,100,1,2,10,72,72,9,75,37,38,38,184,5.70652,3,9,967.487,2,75,75,150,200,200,200,2200,150,600
jovo-feature-scale-example,jovo-feature-scale-example,classification,jovo_t7,cuml,cuML SPORF,n_features,400000,8,2,1280706876,400000,100,1,2,10,73,73,8,55,27,28,28,184,4.96739,3,8,1406.14,2,55,55,110,127,127,127,1456,110,440
jovo-feature-scale-example,jovo-feature-scale-example,classification,jovo_t7,cuml,cuML SPORF,n_features,400000,8,2,1280706876,400000,100,1,2,10,74,74,10,59,29,30,30,184,5.05435,2,10,1852.49,2,59,59,118,135,135,135,1552,118,472
jovo-feature-scale-example,jovo-feature-scale-example,classification,jovo_t7,cuml,cuML SPORF,n_features,400000,8,2,1280706876,400000,100,1,2,10,75,75,8,57,28,29,29,184,4.89674,4,8,1859.52,2,57,57,114,132,132,132,1512,114,456
jovo-feature-scale-example,jovo-feature-scale-example,classification,jovo_t7,cuml,cuML SPORF,n_features,400000,8,2,1280706876,400000,100,1,2,10,76,76,8,67,33,34,34,184,5.49457,3,8,956.776,2,67,67,134,155,155,155,1776,134,536
jovo-feature-scale-example,jovo-feature-scale-example,classification,jovo_t7,cuml,cuML SPORF,n_features,400000,8,2,1280706876,400000,100,1,2,10,77,77,7,51,25,26,26,184,4.63043,2,7,1397.72,2,51,51,102,108,108,108,1272,102,408
jovo-feature-scale-example,jovo-feature-scale-example,classification,jovo_t7,cuml,cuML SPORF,n_features,400000,8,2,1280706876,400000,100,1,2,10,78,78,8,53,26,27,27,184,5.28261,3,8,951.754,2,53,53,106,127,127,127,1440,106,424
jovo-feature-scale-example,jovo-feature-scale-example,classification,jovo_t7,cuml,cuML SPORF,n_features,400000,8,2,1280706876,400000,100,1,2,10,79,79,8,71,35,36,36,184,5.33152,3,8,957.732,2,71,71,142,159,159,159,1840,142,568
jovo-feature-scale-example,jovo-feature-scale-example,classification,jovo_t7,cuml,cuML SPORF,n_features,400000,8,2,1280706876,400000,100,1,2,10,80,80,8,55,27,28,28,184,4.95652,3,8,952.9,2,55,55,110,112,112,112,1336,110,440
jovo-feature-scale-example,jovo-feature-scale-example,classification,jovo_t7,cuml,cuML SPORF,n_features,400000,8,2,1280706876,400000,100,1,2,10,81,81,8,61,30,31,31,184,5.19022,3,8,1407.12,2,61,61,122,150,150,150,1688,122,488
jovo-feature-scale-example,jovo-feature-scale-example,classification,jovo_t7,cuml,cuML SPORF,n_features,400000,8,2,1280706876,400000,100,1,2,10,82,82,8,59,29,30,30,184,5.45652,4,8,1414.73,2,59,59,118,139,139,139,1584,118,472
jovo-feature-scale-example,jovo-feature-scale-example,classification,jovo_t7,cuml,cuML SPORF,n_features,400000,8,2,1280706876,400000,100,1,2,10,83,83,7,65,32,33,33,184,5.21739,3,7,979.168,2,65,65,130,136,136,136,1608,130,520
jovo-feature-scale-example,jovo-feature-scale-example,classification,jovo_t7,cuml,cuML SPORF,n_features,400000,8,2,1280706876,400000,100,1,2,10,84,84,8,51,25,26,26,184,4.82609,3,8,1393.29,2,51,51,102,140,140,140,1528,102,408
jovo-feature-scale-example,jovo-feature-scale-example,classification,jovo_t7,cuml,cuML SPORF,n_features,400000,8,2,1280706876,400000,100,1,2,10,85,85,8,65,32,33,33,184,5.36413,3,8,959.205,2,65,65,130,151,151,151,1728,130,520
jovo-feature-scale-example,jovo-feature-scale-example,classification,jovo_t7,cuml,cuML SPORF,n_features,400000,8,2,1280706876,400000,100,1,2,10,86,86,8,63,31,32,32,184,5.8587,3,8,962.938,2,63,63,126,142,142,142,1640,126,504
jovo-feature-scale-example,jovo-feature-scale-example,classification,jovo_t7,cuml,cuML SPORF,n_features,400000,8,2,1280706876,400000,100,1,2,10,87,87,8,53,26,27,27,184,5.3587,3,8,1404.11,2,53,53,106,110,110,110,1304,106,424
jovo-feature-scale-example,jovo-feature-scale-example,classification,jovo_t7,cuml,cuML SPORF,n_features,400000,8,2,1280706876,400000,100,1,2,10,88,88,8,55,27,28,28,184,4.96739,3,8,1405.82,2,55,55,110,143,143,143,1584,110,440
jovo-feature-scale-example,jovo-feature-scale-example,classification,jovo_t7,cuml,cuML SPORF,n_features,400000,8,2,1280706876,400000,100,1,2,10,89,89,8,51,25,26,26,184,4.69022,3,8,952.066,2,51,51,102,119,119,119,1360,102,408
jovo-feature-scale-example,jovo-feature-scale-example,classification,jovo_t7,cuml,cuML SPORF,n_features,400000,8,2,1280706876,400000,100,1,2,10,90,90,10,51,25,26,26,184,5.27717,3,10,2305.11,2,51,51,102,123,123,123,1392,102,408
jovo-feature-scale-example,jovo-feature-scale-example,classification,jovo_t7,cuml,cuML SPORF,n_features,400000,8,2,1280706876,400000,100,1,2,10,91,91,8,63,31,32,32,184,5.22283,3,8,953.175,2,63,63,126,128,128,128,1528,126,504
jovo-feature-scale-example,jovo-feature-scale-example,classification,jovo_t7,cuml,cuML SPORF,n_features,400000,8,2,1280706876,400000,100,1,2,10,92,92,6,51,25,26,26,184,4.90761,4,6,955.424,2,51,51,102,108,108,108,1272,102,408
jovo-feature-scale-example,jovo-feature-scale-example,classification,jovo_t7,cuml,cuML SPORF,n_features,400000,8,2,1280706876,400000,100,1,2,10,93,93,9,61,30,31,31,184,5.46196,3,9,1409.72,2,61,61,122,142,142,142,1624,122,488
jovo-feature-scale-example,jovo-feature-scale-example,classification,jovo_t7,cuml,cuML SPORF,n_features,400000,8,2,1280706876,400000,100,1,2,10,94,94,10,61,30,31,31,184,5.61957,3,10,962.058,2,61,61,122,139,139,139,1600,122,488
jovo-feature-scale-example,jovo-feature-scale-example,classification,jovo_t7,cuml,cuML SPORF,n_features,400000,8,2,1280706876,400000,100,1,2,10,95,95,8,67,33,34,34,184,5.42391,3,8,957.858,2,67,67,134,165,165,165,1856,134,536
jovo-feature-scale-example,jovo-feature-scale-example,classification,jovo_t7,cuml,cuML SPORF,n_features,400000,8,2,1280706876,400000,100,1,2,10,96,96,8,57,28,29,29,184,5.02717,3,8,1402.93,2,57,57,114,136,136,136,1544,114,456
jovo-feature-scale-example,jovo-feature-scale-example,classification,jovo_t7,cuml,cuML SPORF,n_features,400000,8,2,1280706876,400000,100,1,2,10,97,97,10,55,27,28,28,184,4.89674,2,10,2311.17,2,55,55,110,130,130,130,1480,110,440
jovo-feature-scale-example,jovo-feature-scale-example,classification,jovo_t7,cuml,cuML SPORF,n_features,400000,8,2,1280706876,400000,100,1,2,10,98,98,9,51,25,26,26,184,4.80978,2,9,1398.65,2,51,51,102,121,121,121,1376,102,408
jovo-feature-scale-example,jovo-feature-scale-example,classification,jovo_t7,cuml,cuML SPORF,n_features,400000,8,2,1280706876,400000,100,1,2,10,99,99,9,69,34,35,35,184,5.55435,3,9,1414.88,2,69,69,138,175,175,175,1952,138,552
jovo-feature-scale-example,jovo-feature-scale-example,classification,jovo_t7,cuml,cuML SPORF,n_features,400000,8,3,1470347820,400000,100,1,2,10,0,0,7,59,29,30,30,184,5.2337,2,7,975.515,2,59,59,118,138,138,138,1576,118,472
jovo-feature-scale-example,jovo-feature-scale-example,classification,jovo_t7,cuml,cuML SPORF,n_features,400000,8,3,1470347820,400000,100,1,2,10,1,1,7,61,30,31,31,184,5.09239,3,7,954.28,2,61,61,122,135,135,135,1568,122,488
jovo-feature-scale-example,jovo-feature-scale-example,classification,jovo_t7,cuml,cuML SPORF,n_features,400000,8,3,1470347820,400000,100,1,2,10,2,2,9,69,34,35,35,184,5.60326,3,9,959.071,2,69,69,138,152,152,152,1768,138,552
jovo-feature-scale-example,jovo-feature-scale-example,classification,jovo_t7,cuml,cuML SPORF,n_features,400000,8,3,1470347820,400000,100,1,2,10,3,3,9,57,28,29,29,184,5.28261,2,9,953.16,2,57,57,114,135,135,135,1536,114,456
jovo-feature-scale-example,jovo-feature-scale-example,classification,jovo_t7,cuml,cuML SPORF,n_features,400000,8,3,1470347820,400000,100,1,2,10,4,4,8,59,29,30,30,184,5.03804,3,8,1409.02,2,59,59,118,109,109,109,1344,118,472
jovo-feature-scale-example,jovo-feature-scale-example,classification,jovo_t7,cuml,cuML SPORF,n_features,400000,8,3,1470347820,400000,100,1,2,10,5,5,9,67,33,34,34,184,5.4837,3,9,1411.24,2,67,67,134,139,139,139,1648,134,536
jovo-feature-scale-example,jovo-feature-scale-example,classification,jovo_t7,cuml,cuML SPORF,n_features,400000,8,3,1470347820,400000,100,1,2,10,6,6,8,61,30,31,31,184,5.56522,3,8,955.14,2,61,61,122,153,153,153,1712,122,488
jovo-feature-scale-example,jovo-feature-scale-example,classification,jovo_t7,cuml,cuML SPORF,n_features,400000,8,3,1470347820,400000,100,1,2,10,7,7,7,57,28,29,29,184,4.93478,3,7,952.118,2,57,57,114,121,121,121,1424,114,456
jovo-feature-scale-example,jovo-feature-scale-example,classification,jovo_t7,cuml,cuML SPORF,n_features,400000,8,3,1470347820,400000,100,1,2,10,8,8,8,69,34,35,35,184,5.52174,3,8,966.04,2,69,69,138,156,156,156,1800,138,552
jovo-feature-scale-example,jovo-feature-scale-example,classification,jovo_t7,cuml,cuML SPORF,n_features,400000,8,3,1470347820,400000,100,1,2,10,9,9,9,69,34,35,35,184,5.53804,2,9,958.463,2,69,69,138,144,144,144,1704,138,552
jovo-feature-scale-example,jovo-feature-scale-example,classification,jovo_t7,cuml,cuML SPORF,n_features,400000,8,3,1470347820,400000,100,1,2,10,10,10,8,61,30,31,31,184,5.50543,3,8,1410.36,2,61,61,122,141,141,141,1616,122,488
jovo-feature-scale-example,jovo-feature-scale-example,classification,jovo_t7,cuml,cuML SPORF,n_features,400000,8,3,1470347820,400000,100,1,2,10,11,11,8,55,27,28,28,184,5.10326,3,8,1400.43,2,55,55,110,122,122,122,1416,110,440
jovo-feature-scale-example,jovo-feature-scale-example,classification,jovo_t7,cuml,cuML SPORF,n_features,400000,8,3,1470347820,400000,100,1,2,10,12,12,9,53,26,27,27,184,5.00543,3,9,1852.39,2,53,53,106,107,107,107,1280,106,424
jovo-feature-scale-example,jovo-feature-scale-example,classification,jovo_t7,cuml,cuML SPORF,n_features,400000,8,3,1470347820,400000,100,1,2,10,13,13,9,55,27,28,28,184,5.80435,3,9,1417.65,2,55,55,110,127,127,127,1456,110,440
jovo-feature-scale-example,jovo-feature-scale-example,classification,jovo_t7,cuml,cuML SPORF,n_features,400000,8,3,1470347820,400000,100,1,2,10,14,14,7,59,29,30,30,184,5.01087,2,7,956.69,2,59,59,118,137,137,137,1568,118,472
jovo-feature-scale-example,jovo-feature-scale-example,classification,jovo_t7,cuml,cuML SPORF,n_features,400000,8,3,1470347820,400000,100,1,2,10,15,15,9,69,34,35,35,184,5.38587,3,9,959.517,2,69,69,138,152,152,152,1768,138,552
jovo-feature-scale-example,jovo-feature-scale-example,classification,jovo_t7,cuml,cuML SPORF,n_features,400000,8,3,1470347820,400000,100,1,2,10,16,16,9,71,35,36,36,184,5.83152,4,9,1413.75,2,71,71,142,165,165,165,1888,142,568
jovo-feature-scale-example,jovo-feature-scale-example,classification,jovo_t7,cuml,cuML SPORF,n_features,400000,8,3,1470347820,400000,100,1,2,10,17,17,7,65,32,33,33,184,5.68478,3,7,957.872,2,65,65,130,125,125,125,1520,130,520
jovo-feature-scale-example,jovo-feature-scale-example,classification,jovo_t7,cuml,cuML SPORF,n_features,400000,8,3,1470347820,400000,100,1,2,10,18,18,6,57,28,29,29,184,4.8913,3,6,958.135,2,57,57,114,138,138,138,1560,114,456
jovo-feature-scale-example,jovo-feature-scale-example,classification,jovo_t7,cuml,cuML SPORF,n_features,400000,8,3,1470347820,400000,100,1,2,10,19,19,9,59,29,30,30,184,5.875,3,9,2317.58,2,59,59,118,144,144,144,1624,118,472
jovo-feature-scale-example,jovo-feature-scale-example,classification,jovo_t7,cuml,cuML SPORF,n_features,400000,8,3,1470347820,400000,100,1,2,10,20,20,10,53,26,27,27,184,5.21739,3,10,2311.92,2,53,53,106,125,125,125,1424,106,424
jovo-feature-scale-example,jovo-feature-scale-example,classification,jovo_t7,cuml,cuML SPORF,n_features,400000,8,3,1470347820,400000,100,1,2,10,21,21,6,53,26,27,27,184,5.00543,3,6,950.098,2,53,53,106,127,127,127,1440,106,424
jovo-feature-scale-example,jovo-feature-scale-example,classification,jovo_t7,cuml,cuML SPORF,n_features,400000,8,3,1470347820,400000,100,1,2,10,22,22,11,57,28,29,29,184,5.80435,2,11,1406.02,2,57,57,114,125,125,125,1456,114,456
jovo-feature-scale-example,jovo-feature-scale-example,classification,jovo_t7,cuml,cuML SPORF,n_features,400000,8,3,1470347820,400000,100,1,2,10,23,23,7,61,30,31,31,184,4.97283,4,7,1406.65,2,61,61,122,141,141,141,1616,122,488
jovo-feature-scale-example,jovo-feature-scale-example,classification,jovo_t7,cuml,cuML SPORF,n_features,400000,8,3,1470347820,400000,100,1,2,10,24,24,7,63,31,32,32,184,5.33152,3,7,956.82,2,63,63,126,139,139,139,1616,126,504
jovo-feature-scale-example,jovo-feature-scale-example,classification,jovo_t7,cuml,cuML SPORF,n_features,400000,8,3,1470347820,400000,100,1,2,10,25,25,7,63,31,32,32,184,4.97283,3,7,951.884,2,63,63,126,147,147,147,1680,126,504
jovo-feature-scale-example,jovo-feature-scale-example,classification,jovo_t7,cuml,cuML SPORF,n_features,400000,8,3,1470347820,400000,100,1,2,10,26,26,7,49,24,25,25,184,4.72283,2,7,948.424,2,49,49,98,108,108,108,1256,98,392
jovo-feature-scale-example,jovo-feature-scale-example,classification,jovo_t7,cuml,cuML SPORF,n_features,400000,8,3,1470347820,400000,100,1,2,10,27,27,9,53,26,27,27,184,5.11413,2,9,1397.64,2,53,53,106,122,122,122,1400,106,424
jovo-feature-scale-example,jovo-feature-scale-example,classification,jovo_t7,cuml,cuML SPORF,n_features,400000,8,3,1470347820,400000,100,1,2,10,28,28,9,61,30,31,31,184,5.26087,3,9,1407.25,2,61,61,122,148,148,148,1672,122,488
jovo-feature-scale-example,jovo-feature-scale-example,classification,jovo_t7,cuml,cuML SPORF,n_features,400000,8,3,1470347820,400000,100,1,2,10,29,29,9,49,24,25,25,184,4.55978,2,9,1395.08,2,49,49,98,92,92,92,1128,98,392
jovo-feature-scale-example,jovo-feature-scale-example,classification,jovo_t7,cuml,cuML SPORF,n_features,400000,8,3,1470347820,400000,100,1,2,10,30,30,7,59,29,30,30,184,5.97283,3,7,955.725,2,59,59,118,125,125,125,1472,118,472
jovo-feature-scale-example,jovo-feature-scale-example,classification,jovo_t7,cuml,cuML SPORF,n_features,400000,8,3,1470347820,400000,100,1,2,10,31,31,9,69,34,35,35,184,5.45109,2,9,1413.31,2,69,69,138,159,159,159,1824,138,552
jovo-feature-scale-example,jovo-feature-scale-example,classification,jovo_t7,cuml,cuML SPORF,n_features,400000,8,3,1470347820,400000,100,1,2,10,32,32,10,65,32,33,33,184,5.16304,3,10,2313.02,2,65,65,130,143,143,143,1664,130,520
jovo-feature-scale-example,jovo-feature-scale-example,classification,jovo_t7,cuml,cuML SPORF,n_features,400000,8,3,1470347820,400000,100,1,2,10,33,33,7,59,29,30,30,184,5.32609,3,7,1413.71,2,59,59,118,137,137,137,1568,118,472
jovo-feature-scale-example,jovo-feature-scale-example,classification,jovo_t7,cuml,cuML SPORF,n_features,400000,8,3,1470347820,400000,100,1,2,10,34,34,8,61,30,31,31,184,5.22826,2,8,953.609,2,61,61,122,144,144,144,1640,122,488
jovo-feature-scale-example,jovo-feature-scale-example,classification,jovo_t7,cuml,cuML SPORF,n_features,400000,8,3,1470347820,400000,100,1,2,10,35,35,8,45,22,23,23,184,4.83152,3,8,941.037,2,45,45,90,91,91,91,1088,90,360
jovo-feature-scale-example,jovo-feature-scale-example,classification,jovo_t7,cuml,cuML SPORF,n_features,400000,8,3,1470347820,400000,100,1,2,10,36,36,8,67,33,34,34,184,5.55435,3,8,953.162,2,67,67,134,137,137,137,1632,134,536
jovo-feature-scale-example,jovo-feature-scale-example,classification,jovo_t7,cuml,cuML SPORF,n_features,400000,8,3,1470347820,400000,100,1,2,10,37,37,8,57,28,29,29,184,5.8913,2,8,1414.49,2,57,57,114,126,126,126,1464,114,456
jovo-feature-scale-example,jovo-feature-scale-example,classification,jovo_t7,cuml,cuML SPORF,n_features,400000,8,3,1470347820,400000,100,1,2,10,38,38,8,63,31,32,32,184,5.53261,3,8,1406.91,2,63,63,126,140,140,140,1624,126,504
jovo-feature-scale-example,jovo-feature-scale-example,classification,jovo_t7,cuml,cuML SPORF,n_features,400000,8,3,1470347820,400000,100,1,2,10,39,39,8,57,28,29,29,184,5.57065,3,8,951.01,2,57,57,114,146,146,146,1624,114,456
jovo-feature-scale-example,jovo-feature-scale-example,classification,jovo_t7,cuml,cuML SPORF,n_features,400000,8,3,1470347820,400000,100,1,2,10,40,40,6,53,26,27,27,184,4.95109,3,6,950.172,2,53,53,106,127,127,127,1440,106,424
jovo-feature-scale-example,jovo-feature-scale-example,classification,jovo_t7,cuml,cuML SPORF,n_features,400000,8,3,1470347820,400000,100,1,2,10,41,41,7,49,24,25,25,184,4.96196,2,7,1400.08,2,49,49,98,116,116,116,1320,98,392
jovo-feature-scale-example,jovo-feature-scale-example,classification,jovo_t7,cuml,cuML SPORF,n_features,400000,8,3,1470347820,400000,100,1,2,10,42,42,10,59,29,30,30,184,5.44565,2,10,1857.83,2,59,59,118,123,123,123,1456,118,472
jovo-feature-scale-example,jovo-feature-scale-example,classification,jovo_t7,cuml,cuML SPORF,n_features,400000,8,3,1470347820,400000,100,1,2,10,43,43,9,61,30,31,31,184,5.38587,3,9,1408.41,2,61,61,122,146,146,146,1656,122,488
jovo-feature-scale-example,jovo-feature-scale-example,classification,jovo_t7,cuml,cuML SPORF,n_features,400000,8,3,1470347820,400000,100,1,2,10,44,44,8,57,28,29,29,184,5.78804,2,8,963.462,2,57,57,114,131,131,131,1504,114,456
jovo-feature-scale-example,jovo-feature-scale-example,classification,jovo_t7,cuml,cuML SPORF,n_features,400000,8,3,1470347820,400000,100,1,2,10,45,45,10,69,34,35,35,184,5.70652,3,10,1875.75,2,69,69,138,149,149,149,1744,138,552
jovo-feature-scale-example,jovo-feature-scale-example,classification,jovo_t7,cuml,cuML SPORF,n_features,400000,8,3,1470347820,400000,100,1,2,10,46,46,8,73,36,37,37,184,5.56522,3,8,1412.69,2,73,73,146,189,189,189,2096,146,584
jovo-feature-scale-example,jovo-feature-scale-example,classification,jovo_t7,cuml,cuML SPORF,n_features,400000,8,3,1470347820,400000,100,1,2,10,47,47,8,49,24,25,25,184,4.88587,3,8,1397.24,2,49,49,98,120,120,120,1352,98,392
jovo-feature-scale-example,jovo-feature-scale-example,classification,jovo_t7,cuml,cuML SPORF,n_features,400000,8,3,1470347820,400000,100,1,2,10,48,48,7,61,30,31,31,184,5.06522,4,7,953.422,2,61,61,122,122,122,122,1464,122,488
jovo-feature-scale-example,jovo-feature-scale-example,classification,jovo_t7,cuml,cuML SPORF,n_features,400000,8,3,1470347820,400000,100,1,2,10,49,49,11,63,31,32,32,184,5.57609,3,11,1863.86,2,63,63,126,132,132,132,1560,126,504
jovo-feature-scale-example,jovo-feature-scale-example,classification,jovo_t7,cuml,cuML SPORF,n_features,400000,8,3,1470347820,400000,100,1,2,10,50,50,7,49,24,25,25,184,4.99457,3,7,1401.65,2,49,49,98,108,108,108,1256,98,392
jovo-feature-scale-example,jovo-feature-scale-example,classification,jovo_t7,cuml,cuML SPORF,n_features,400000,8,3,1470347820,400000,100,1,2,10,51,51,7,49,24,25,25,184,4.80978,3,7,947.314,2,49,49,98,125,125,125,1392,98,392
jovo-feature-scale-example,jovo-feature-scale-example,classification,jovo_t7,cuml,cuML SPORF,n_features,400000,8,3,1470347820,400000,100,1,2,10,52,52,8,61,30,31,31,184,5.63587,3,8,1410.56,2,61,61,122,130,130,130,1528,122,488
jovo-feature-scale-example,jovo-feature-scale-example,classification,jovo_t7,cuml,cuML SPORF,n_features,400000,8,3,1470347820,400000,100,1,2,10,53,53,8,59,29,30,30,184,5.8587,3,8,958.141,2,59,59,118,118,118,118,1416,118,472
jovo-feature-scale-example,jovo-feature-scale-example,classification,jovo_t7,cuml,cuML SPORF,n_features,400000,8,3,1470347820,400000,100,1,2,10,54,54,7,59,29,30,30,184,5.375,3,7,952.324,2,59,59,118,119,119,119,1424,118,472
jovo-feature-scale-example,jovo-feature-scale-example,classification,jovo_t7,cuml,cuML SPORF,n_features,400000,8,3,1470347820,400000,100,1,2,10,55,55,9,65,32,33,33,184,5.19565,3,9,1863.38,2,65,65,130,151,151,151,1728,130,520
jovo-feature-scale-example,jovo-feature-scale-example,classification,jovo_t7,cuml,cuML SPORF,n_features,400000,8,3,1470347820,400000,100,1,2,10,56,56,7,57,28,29,29,184,5.19022,3,7,951.17,2,57,57,114,127,127,127,1472,114,456
jovo-feature-scale-example,jovo-feature-scale-example,classification,jovo_t7,cuml,cuML SPORF,n_features,400000,8,3,1470347820,400000,100,1,2,10,57,57,8,61,30,31,31,184,5.90761,3,8,965.239,2,61,61,122,142,142,142,1624,122,488
jovo-feature-scale-example,jovo-feature-scale-example,classification,jovo_t7,cuml,cuML SPORF,n_features,400000,8,3,1470347820,400000,100,1,2,10,58,58,7,59,29,30,30,184,4.82065,3,7,950.778,2,59,59,118,137,137,137,1568,118,472
jovo-feature-scale-example,jovo-feature-scale-example,classification,jovo_t7,cuml,cuML SPORF,n_features,400000,8,3,1470347820,400000,100,1,2,10,59,59,10,65,32,33,33,184,5.44022,2,10,2314.99,2,65,65,130,126,126,126,1528,130,520
jovo-feature-scale-example,jovo-feature-scale-example,classification,jovo_t7,cuml,cuML SPORF,n_features,400000,8,3,1470347820,400000,100,1,2,10,60,60,9,63,31,32,32,184,5.32065,3,9,1860.81,2,63,63,126,135,135,135,1584,126,504
jovo-feature-scale-example,jovo-feature-scale-example,classification,jovo_t7,cuml,cuML SPORF,n_features,400000,8,3,1470347820,400000,100,1,2,10,61,61,9,55,27,28,28,184,5.05435,2,9,1409.1,2,55,55,110,126,126,126,1448,110,440
jovo-feature-scale-example,jovo-feature-scale-example,classification,jovo_t7,cuml,cuML SPORF,n_features,400000,8,3,1470347820,400000,100,1,2,10,62,62,7,61,30,31,31,184,5.13587,3,7,950.646,2,61,61,122,144,144,144,1640,122,488
jovo-feature-scale-example,jovo-feature-scale-example,classification,jovo_t7,cuml,cuML SPORF,n_features,400000,8,3,1470347820,400000,100,1,2,10,63,63,8,59,29,30,30,184,5.25543,3,8,953.749,2,59,59,118,145,145,145,1632,118,472
jovo-feature-scale-example,jovo-feature-scale-example,classification,jovo_t7,cuml,cuML SPORF,n_features,400000,8,3,1470347820,400000,100,1,2,10,64,64,8,55,27,28,28,184,5.47283,3,8,1405.5,2,55,55,110,122,122,122,1416,110,440
jovo-feature-scale-example,jovo-feature-scale-example,classification,jovo_t7,cuml,cuML SPORF,n_features,400000,8,3,1470347820,400000,100,1,2,10,65,65,7,49,24,25,25,184,4.63043,3,7,1404.66,2,49,49,98,99,99,99,1184,98,392
jovo-feature-scale-example,jovo-feature-scale-example,classification,jovo_t7,cuml,cuML SPORF,n_features,400000,8,3,1470347820,400000,100,1,2,10,66,66,9,59,29,30,30,184,5.19022,2,9,1408.61,2,59,59,118,138,138,138,1576,118,472
jovo-feature-scale-example,jovo-feature-scale-example,classification,jovo_t7,cuml,cuML SPORF,n_features,400000,8,3,1470347820,400000,100,1,2,10,67,67,8,51,25,26,26,184,5.1087,3,8,1394.11,2,51,51,102,127,127,127,1424,102,408
jovo-feature-scale-example,jovo-feature-scale-example,classification,jovo_t7,cuml,cuML SPORF,n_features,400000,8,3,1470347820,400000,100,1,2,10,68,68,10,67,33,34,34,184,5.8587,3,10,1415.24,2,67,67,134,155,155,155,1776,134,536
jovo-feature-scale-example,jovo-feature-scale-example,classification,jovo_t7,cuml,cuML SPORF,n_features,400000,8,3,1470347820,400000,100,1,2,10,69,69,8,57,28,29,29,184,4.84783,3,8,1404.3,2,57,57,114,118,118,118,1400,114,456
jovo-feature-scale-example,jovo-feature-scale-example,classification,jovo_t7,cuml,cuML SPORF,n_features,400000,8,3,1470347820,400000,100,1,2,10,70,70,8,59,29,30,30,184,5.11957,3,8,951.189,2,59,59,118,148,148,148,1656,118,472
jovo-feature-scale-example,jovo-feature-scale-example,classification,jovo_t7,cuml,cuML SPORF,n_features,400000,8,3,1470347820,400000,100,1,2,10,71,71,9,65,32,33,33,184,5.29891,3,9,959.478,2,65,65,130,133,133,133,1584,130,520
jovo-feature-scale-example,jovo-feature-scale-example,classification,jovo_t7,cuml,cuML SPORF,n_features,400000,8,3,1470347820,400000,100,1,2,10,72,72,9,57,28,29,29,184,5.58696,3,9,1414.09,2,57,57,114,144,144,144,1608,114,456
jovo-feature-scale-example,jovo-feature-scale-example,classification,jovo_t7,cuml,cuML SPORF,n_features,400000,8,3,1470347820,400000,100,1,2,10,73,73,9,61,30,31,31,184,5.69565,3,9,1408.12,2,61,61,122,135,135,135,1568,122,488
jovo-feature-scale-example,jovo-feature-scale-example,classification,jovo_t7,cuml,cuML SPORF,n_features,400000,8,3,1470347820,400000,100,1,2,10,74,74,10,67,33,34,34,184,5.40217,3,10,1867.25,2,67,67,134,131,131,131,1584,134,536
jovo-feature-scale-example,jovo-feature-scale-example,classification,jovo_t7,cuml,cuML SPORF,n_features,400000,8,3,1470347820,400000,100,1,2,10,75,75,9,65,32,33,33,184,5.0163,3,9,1407.85,2,65,65,130,139,139,139,1632,130,520
jovo-feature-scale-example,jovo-feature-scale-example,classification,jovo_t7,cuml,cuML SPORF,n_features,400000,8,3,1470347820,400000,100,1,2,10,76,76,8,57,28,29,29,184,5.18478,3,8,950.908,2,57,57,114,154,154,154,1688,114,456
jovo-feature-scale-example,jovo-feature-scale-example,classification,jovo_t7,cuml,cuML SPORF,n_features,400000,8,3,1470347820,400000,100,1,2,10,77,77,9,63,31,32,32,184,5.60326,3,9,1874.64,2,63,63,126,153,153,153,1728,126,504
jovo-feature-scale-example,jovo-feature-scale-example,classification,jovo_t7,cuml,cuML SPORF,n_features,400000,8,3,1470347820,400000,100,1,2,10,78,78,9,57,28,29,29,184,5.3913,3,9,1407.95,2,57,57,114,135,135,135,1536,114,456
jovo-feature-scale-example,jovo-feature-scale-example,classification,jovo_t7,cuml,cuML SPORF,n_features,400000,8,3,1470347820,400000,100,1,2,10,79,79,8,57,28,29,29,184,4.97283,3,8,1405.12,2,57,57,114,114,114,114,1368,114,456
jovo-feature-scale-example,jovo-feature-scale-example,classification,jovo_t7,cuml,cuML SPORF,n_features,400000,8,3,1470347820,400000,100,1,2,10,80,80,7,57,28,29,29,184,5.09239,3,7,949.041,2,57,57,114,131,131,131,1504,114,456
jovo-feature-scale-example,jovo-feature-scale-example,classification,jovo_t7,cuml,cuML SPORF,n_features,400000,8,3,1470347820,400000,100,1,2,10,81,81,8,61,30,31,31,184,4.96739,3,8,1407.3,2,61,61,122,119,119,119,1440,122,488
jovo-feature-scale-example,jovo-feature-scale-example,classification,jovo_t7,cuml,cuML SPORF,n_features,400000,8,3,1470347820,400000,100,1,2,10,82,82,7,55,27,28,28,184,4.9837,2,7,966.093,2,55,55,110,128,128,128,1464,110,440
jovo-feature-scale-example,jovo-feature-scale-example,classification,jovo_t7,cuml,cuML SPORF,n_features,400000,8,3,1470347820,400000,100,1,2,10,83,83,11,55,27,28,28,184,5.63587,3,11,1409.52,2,55,55,110,109,109,109,1312,110,440
jovo-feature-scale-example,jovo-feature-scale-example,classification,jovo_t7,cuml,cuML SPORF,n_features,400000,8,3,1470347820,400000,100,1,2,10,84,84,10,59,29,30,30,184,5.40217,3,10,1406.99,2,59,59,118,147,147,147,1648,118,472
jovo-feature-scale-example,jovo-feature-scale-example,classification,jovo_t7,cuml,cuML SPORF,n_features,400000,8,3,1470347820,400000,100,1,2,10,85,85,10,53,26,27,27,184,5.15761,2,10,1853.84,2,53,53,106,116,116,116,1352,106,424
jovo-feature-scale-example,jovo-feature-scale-example,classification,jovo_t7,cuml,cuML SPORF,n_features,400000,8,3,1470347820,400000,100,1,2,10,86,86,7,63,31,32,32,184,5.09783,3,7,953.645,2,63,63,126,130,130,130,1544,126,504
jovo-feature-scale-example,jovo-feature-scale-example,classification,jovo_t7,cuml,cuML SPORF,n_features,400000,8,3,1470347820,400000,100,1,2,10,87,87,9,59,29,30,30,184,5.28261,2,9,946.1,2,59,59,118,132,132,132,1528,118,472
jovo-feature-scale-example,jovo-feature-scale-example,classification,jovo_t7,cuml,cuML SPORF,n_features,400000,8,3,1470347820,400000,100,1,2,10,88,88,8,53,26,27,27,184,5.19565,3,8,946.3,2,53,53,106,113,113,113,1328,106,424
jovo-feature-scale-example,jovo-feature-scale-example,classification,jovo_t7,cuml,cuML SPORF,n_features,400000,8,3,1470347820,400000,100,1,2,10,89,89,7,55,27,28,28,184,5.18478,3,7,1407.37,2,55,55,110,124,124,124,1432,110,440
jovo-feature-scale-example,jovo-feature-scale-example,classification,jovo_t7,cuml,cuML SPORF,n_features,400000,8,3,1470347820,400000,100,1,2,10,90,90,8,59,29,30,30,184,5.78261,4,8,958.447,2,59,59,118,132,132,132,1528,118,472
jovo-feature-scale-example,jovo-feature-scale-example,classification,jovo_t7,cuml,cuML SPORF,n_features,400000,8,3,1470347820,400000,100,1,2,10,91,91,8,57,28,29,29,184,5.11957,3,8,954.293,2,57,57,114,144,144,144,1608,114,456
jovo-feature-scale-example,jovo-feature-scale-example,classification,jovo_t7,cuml,cuML SPORF,n_features,400000,8,3,1470347820,400000,100,1,2,10,92,92,9,47,23,24,24,184,4.68478,3,9,1399.24,2,47,47,94,103,103,103,1200,94,376
jovo-feature-scale-example,jovo-feature-scale-example,classification,jovo_t7,cuml,cuML SPORF,n_features,400000,8,3,1470347820,400000,100,1,2,10,93,93,6,49,24,25,25,184,4.875,3,6,955.441,2,49,49,98,127,127,127,1408,98,392
jovo-feature-scale-example,jovo-feature-scale-example,classification,jovo_t7,cuml,cuML SPORF,n_features,400000,8,3,1470347820,400000,100,1,2,10,94,94,8,63,31,32,32,184,5.46739,2,8,1408.29,2,63,63,126,137,137,137,1600,126,504
jovo-feature-scale-example,jovo-feature-scale-example,classification,jovo_t7,cuml,cuML SPORF,n_features,400000,8,3,1470347820,400000,100,1,2,10,95,95,9,57,28,29,29,184,4.875,3,9,1855.99,2,57,57,114,116,116,116,1384,114,456
jovo-feature-scale-example,jovo-feature-scale-example,classification,jovo_t7,cuml,cuML SPORF,n_features,400000,8,3,1470347820,400000,100,1,2,10,96,96,9,61,30,31,31,184,5.8587,3,9,1862.23,2,61,61,122,127,127,127,1504,122,488
jovo-feature-scale-example,jovo-feature-scale-example,classification,jovo_t7,cuml,cuML SPORF,n_features,400000,8,3,1470347820,400000,100,1,2,10,97,97,7,65,32,33,33,184,5.23913,3,7,952.442,2,65,65,130,144,144,144,1672,130,520
jovo-feature-scale-example,jovo-feature-scale-example,classification,jovo_t7,cuml,cuML SPORF,n_features,400000,8,3,1470347820,400000,100,1,2,10,98,98,10,65,32,33,33,184,5.55435,3,10,1865.32,2,65,65,130,157,157,157,1776,130,520
jovo-feature-scale-example,jovo-feature-scale-example,classification,jovo_t7,cuml,cuML SPORF,n_features,400000,8,3,1470347820,400000,100,1,2,10,99,99,9,63,31,32,32,184,5.42935,3,9,1861.48,2,63,63,126,153,153,153,1728,126,504
